t,measurement,delta,true_position,true_velocity,snn_position,snn_velocity,kalman_position,kalman_velocity,qkalman_position,qkalman_velocity,hwsnn_position,hwsnn_velocity,input_spike_0,input_spike_1,input_spike_2,input_spike_3,reservoir_spike_0,reservoir_spike_1,reservoir_spike_2,reservoir_spike_3,reservoir_spike_4,reservoir_spike_5,reservoir_spike_6,reservoir_spike_7,membrane_0,membrane_1,membrane_2,membrane_3,membrane_4,membrane_5,membrane_6,membrane_7
0,0.6459664812315845,0.6459664812315845,0.4855707640043708,0.2892252805844107,0.13134765625,0.264404296875,0.6459664812315845,0.0,0.64599609375,0.0,0.13134765625,0.264404296875,1,0,1,0,0,0,0,0,0,1,0,0,-0.0302734375,-0.487548828125,-1.071044921875,-0.5419921875,0.245361328125,0.001708984375,-0.65673828125,-0.21630859375
1,0.3447450941812342,-0.3012213870503503,0.4912980226875772,0.2863629341603183,0.364990234375,-0.040283203125,0.4911882470966823,-0.4603958150963507,0.48974609375,-0.463134765625,0.364990234375,-0.040283203125,0,0,0,1,0,0,0,0,0,0,0,0,-0.53955078125,-0.41748046875,-1.436279296875,-0.80615234375,0.231689453125,-0.2509765625,-0.1953125,-0.34228515625
2,0.4750034737652518,0.1302583795840176,0.49696803444230175,0.28350058773622594,0.30078125,0.007568359375,0.4792692748464063,-0.47983280133459355,0.478515625,-0.478271484375,0.30078125,0.007568359375,0,0,0,0,0,0,0,0,0,0,0,0,-0.47216796875,-0.365234375,-1.2568359375,-0.705322265625,0.20263671875,-0.2197265625,-0.1708984375,-0.299560546875
3,0.5586765874372595,0.08367311367200764,0.5025807992685444,0.28063824131213355,0.408203125,0.121826171875,0.5014577359542454,-0.1616825574514832,0.500244140625,-0.14892578125,0.408203125,0.121826171875,1,0,0,0,0,0,0,0,0,0,0,0,-0.62451171875,-0.276611328125,-1.654541015625,-0.707763671875,0.330078125,0.379150390625,-0.576416015625,-0.645263671875
4,0.4688889438192724,-0.08978764361798708,0.5081363171663053,0.27777589488804116,0.407470703125,0.07470703125,0.48784368802386097,-0.27449208128710156,0.4873046875,-0.2607421875,0.407470703125,0.074951171875,0,0,0,0,0,0,0,0,0,0,0,0,-0.54638671875,-0.241943359375,-1.44775390625,-0.619384765625,0.288818359375,0.331787109375,-0.50439453125,-0.564697265625
5,0.5934718108879403,0.12458286706866795,0.5136345881355843,0.2749135484639488,0.440185546875,0.199951171875,0.5216002826727166,0.13984122288817324,0.521240234375,0.162353515625,0.440185546875,0.199951171875,1,0,0,0,0,0,0,0,0,0,0,0,-0.689453125,-0.168701171875,-1.82177734375,-0.632568359375,0.405517578125,0.86181640625,-0.868408203125,-0.877197265625
6,0.5540128945910237,-0.03945891629691667,0.5190756121763814,0.2720512020398564,0.384521484375,0.0771484375,0.5346831853616635,0.24071090394240297,0.53466796875,0.263427734375,0.384521484375,0.0771484375,1,0,0,0,0,0,0,0,0,1,0,0,-0.814697265625,-0.104736328125,-2.14892578125,-0.64404296875,0.507568359375,0.32568359375,-1.186767578125,-1.150634765625
7,0.5389177271826192,-0.015095167408404442,0.5244593892886967,0.269188855615764,0.3916015625,0.157470703125,0.539302577012548,0.238963596429348,0.53955078125,0.259765625,0.3916015625,0.157470703125,1,0,0,0,0,0,0,0,0,0,0,0,-0.92431640625,-0.048583984375,-2.443115234375,-0.654052734375,0.738037109375,0.8564453125,-1.46533203125,-1.389892578125
8,0.5285647113471007,-0.010353015835518509,0.5297859194725302,0.2663265091916716,0.299560546875,0.05126953125,0.5390927962343458,0.19816712932657649,0.539306640625,0.21875,0.299560546875,0.05126953125,1,0,0,0,0,0,0,0,0,1,0,0,-1.020263671875,0.00048828125,-2.692626953125,-0.662841796875,0.798583984375,0.321044921875,-1.709228515625,-1.59912109375
9,0.6657457877320859,0.13718107638498522,0.5350552027278818,0.2634641627675792,0.38623046875,0.182861328125,0.5805343215011927,0.47819331782494334,0.582275390625,0.482177734375,0.38623046875,0.182861328125,1,0,0,0,0,0,0,0,0,0,0,0,-1.104248046875,0.04345703125,-2.918701171875,-0.670654296875,0.99267578125,0.8525390625,-1.922607421875,-1.7822265625
10,0.6150615561725807,-0.05068423155950519,0.5402672390547515,0.26060181634348684,0.339599609375,0.06103515625,0.597318178372441,0.5276913828602458,0.598388671875,0.526123046875,0.339599609375,0.06103515625,1,0,0,0,0,0,0,0,1,1,0,0,-1.177734375,0.0810546875,-3.10888671875,-0.677490234375,0.021484375,0.317626953125,-2.109375,-1.942626953125
11,0.41123564210361074,-0.20382591406897,0.5454220284531394,0.25773946991939445,0.349365234375,-0.200439453125,0.554091010169891,0.18774957737377107,0.55810546875,0.18701171875,0.349365234375,-0.200439453125,0,0,0,1,0,0,0,0,0,0,0,0,-1.543701171875,0.1318359375,-3.21923828125,-0.9248046875,0.035888671875,-0.00146484375,-1.46630859375,-1.852783203125
12,0.6024437312870281,0.19120808918341736,0.5505195709230454,0.25487712349530206,0.3701171875,-0.01708984375,0.5693826333164395,0.25530842097857065,0.572265625,0.248779296875,0.3701171875,-0.01708984375,1,0,0,0,0,0,0,0,0,0,0,0,-1.562255859375,0.158203125,-3.371826171875,-0.899658203125,0.184326171875,0.5703125,-1.7099609375,-2.004150390625
13,0.6326482082823499,0.030204476995321805,0.5555598664644695,0.2520147770712097,0.375732421875,-0.091796875,0.5887322262085154,0.3329414385841404,0.59130859375,0.320068359375,0.375732421875,-0.091796875,1,0,0,0,0,0,0,0,0,1,0,0,-1.578369140625,0.181396484375,-3.50537109375,-0.877685546875,0.314208984375,0.070556640625,-1.923095703125,-2.13671875
14,0.4816457357837113,-0.15100247249863863,0.5605429150774118,0.2491524306471173,0.343994140625,-0.129638671875,0.5689800191867254,0.19838512393748992,0.5703125,0.1904296875,0.343994140625,-0.129638671875,0,0,0,0,0,0,0,0,0,0,0,0,-1.381103515625,0.15869140625,-3.074951171875,-0.76806640625,0.416015625,0.061767578125,-1.6826171875,-1.86962890625
15,0.5258786789745841,0.04423294319087279,0.5654687167618724,0.24629008422302495,0.332275390625,-0.002685546875,0.5625681393311575,0.14876133302953515,0.56396484375,0.14208984375,0.332275390625,-0.002685546875,1,0,0,0,0,0,0,0,0,0,0,0,-1.419921875,0.181884765625,-3.24560546875,-0.7626953125,0.516845703125,0.62548828125,-1.899169921875,-2.01904296875
16,0.5651061589675017,0.03922747999291765,0.5703372715178511,0.2434277377989326,0.287109375,-0.07470703125,0.5654516371474128,0.1483483191190105,0.566650390625,0.140625,0.287109375,-0.07470703125,1,0,0,0,0,0,0,0,0,1,0,0,-1.453857421875,0.2021484375,-3.394775390625,-0.758056640625,0.60498046875,0.118896484375,-2.0888671875,-2.149658203125
17,0.7200839569491443,0.15497779798164257,0.5751485793453479,0.24056539137484023,0.402587890625,0.078125,0.5987485420410184,0.2773811393276497,0.6015625,0.263671875,0.402587890625,0.078125,1,0,0,0,0,0,0,0,0,0,0,0,-1.483642578125,0.2197265625,-3.533203125,-0.75390625,0.8232421875,0.675537109375,-2.254638671875,-2.263916015625
18,0.44110714342214735,-0.27897681352699694,0.5799026402443629,0.23770304495074787,0.44677734375,-0.17822265625,0.5731343007224496,0.15174329152373803,0.57177734375,0.14306640625,0.44677734375,-0.17822265625,0,0,0,1,0,0,0,0,0,0,0,0,-1.811279296875,0.201416015625,-3.582763671875,-0.99169921875,0.59619140625,0.338623046875,-1.593505859375,-2.134033203125
19,0.6387193507403958,0.1976122073182484,0.584599454214896,0.2348406985266555,0.433837890625,0.007080078125,0.5875944225338547,0.195517727174426,0.58837890625,0.185791015625,0.433837890625,0.007080078125,1,0,0,0,0,0,0,0,0,0,0,0,-1.79638671875,0.21923828125,-3.68994140625,-0.958251953125,0.674560546875,0.867919921875,-1.8212890625,-2.250244140625
20,0.5427277520574488,-0.09599159868294693,0.5892390212569473,0.23197835210256315,0.38720703125,-0.1103515625,0.5829681782063382,0.16435830622092867,0.58154296875,0.157470703125,0.38720703125,-0.1103515625,1,0,0,0,0,0,0,0,0,1,0,0,-1.783203125,0.23486328125,-3.78369140625,-0.928955078125,0.7431640625,0.3310546875,-2.020751953125,-2.35205078125
21,0.560454838123656,0.01772708606620721,0.5938213413705167,0.2291160056784708,0.385498046875,0.0048828125,0.5819219908853512,0.14925453750113346,0.57958984375,0.14501953125,0.385498046875,0.0048828125,1,0,0,0,0,0,0,0,0,0,0,0,-1.771728515625,0.24853515625,-3.87353515625,-0.9033203125,0.9443359375,0.861083984375,-2.195068359375,-2.441162109375
22,0.6217640946311669,0.061309256507510845,0.5983464145556042,0.22625365925437843,0.3369140625,-0.058349609375,0.590856880169128,0.16909955873415114,0.5908203125,0.162841796875,0.3369140625,-0.058349609375,1,0,0,0,0,0,0,0,0,1,0,0,-1.76171875,0.260498046875,-3.9443359375,-0.881103515625,0.97900390625,0.324951171875,-2.34765625,-2.51904296875
23,0.502773528127275,-0.11899056650389184,0.6028142408122099,0.22339131283028607,0.3447265625,0.005859375,0.5800270058950827,0.12364752678555108,0.57470703125,0.1240234375,0.3447265625,0.005859375,1,0,0,0,0,0,0,0,1,0,0,0,-1.7529296875,0.27099609375,-3.9990234375,-0.861572265625,0.150634765625,0.85595703125,-2.481201171875,-2.587158203125
24,0.571660830150662,0.068887302023387,0.6072248201403337,0.2205289664061937,0.26025390625,-0.080810546875,0.580876671366645,0.11866033653833757,0.576171875,0.121826171875,0.26025390625,-0.080810546875,1,0,0,0,0,0,0,0,0,1,0,0,-1.7451171875,0.33203125,-3.9990234375,-0.844482421875,0.28466796875,0.293701171875,-2.59814453125,-2.646728515625
25,0.6060571116826908,0.03439628153202878,0.6115781525399757,0.21766661998210135,0.341064453125,0.039306640625,0.5865462926816122,0.12840610114730286,0.5830078125,0.13232421875,0.341064453125,0.039306640625,1,0,0,0,0,0,0,0,0,0,0,0,-1.73828125,0.33349609375,-3.9990234375,-0.82958984375,0.54296875,0.82861328125,-2.700439453125,-2.698974609375
26,0.5388976673702903,-0.0671594443124005,0.6158742380111359,0.214804273558009,0.255859375,-0.06396484375,0.5821011510854568,0.10842059419500276,0.579345703125,0.115234375,0.255859375,-0.06396484375,1,0,0,0,0,0,0,0,0,1,0,0,-1.732421875,0.334716796875,-3.9990234375,-0.81640625,0.6279296875,0.296630859375,-2.789794921875,-2.74462890625
27,0.627878422995493,0.08898075562520269,0.6201130765538143,0.21194192713391663,0.308349609375,0.074951171875,0.5901614616600082,0.12462892530575842,0.58642578125,0.1328125,0.308349609375,0.074951171875,1,0,0,0,0,0,0,0,0,0,0,0,-1.727294921875,0.3359375,-3.9990234375,-0.804931640625,0.84326171875,0.8310546875,-2.8681640625,-2.78466796875
28,0.6681652203182606,0.04028679732276763,0.6242946681680108,0.20907958070982427,0.29150390625,0.001708984375,0.6025346143780864,0.15090642488194136,0.597412109375,0.162841796875,0.29150390625,0.001708984375,1,0,0,0,0,0,0,0,0,1,0,0,-1.722900390625,0.3369140625,-3.9990234375,-0.794921875,0.890625,0.298583984375,-2.936767578125,-2.819580078125
29,0.5081005963727714,-0.16006462394548926,0.6284190128537255,0.2062172342857319,0.284912109375,0.05224609375,0.593190112123067,0.11907690784183728,0.591064453125,0.127685546875,0.284912109375,0.05224609375,1,0,0,0,0,0,0,0,1,0,0,0,-1.718994140625,0.337890625,-3.9990234375,-0.7861328125,0.0732421875,0.832763671875,-2.99658203125,-2.85009765625
30,0.7054706194624548,0.19737002308968343,0.6324861106109583,0.20335488786163955,0.2451171875,0.003662109375,0.6091016679517426,0.15284483894112924,0.605224609375,0.170166015625,0.2451171875,0.003662109375,1,0,0,0,0,0,0,0,0,1,0,0,-1.715576171875,0.390625,-3.9990234375,-0.778564453125,0.216796875,0.2734375,-3.049072265625,-2.876953125
31,0.6783033024474286,-0.02716731701502617,0.6364959614397092,0.2004925414375472,0.361572265625,0.09423828125,0.6200690331174524,0.17200676223665645,0.615966796875,0.196533203125,0.361572265625,0.09423828125,1,0,0,0,0,0,0,0,0,0,0,0,-1.712646484375,0.384765625,-3.9990234375,-0.771728515625,0.483642578125,0.810791015625,-3.094970703125,-2.900390625
32,0.6292114767905517,-0.049091825656876975,0.6404485653399783,0.19763019501345483,0.266845703125,-0.005615234375,0.6241722369170831,0.17356756106155566,0.620849609375,0.199951171875,0.266845703125,-0.005615234375,1,0,0,0,0,0,0,0,0,1,0,0,-1.7099609375,0.379638671875,-3.9990234375,-0.765869140625,0.575927734375,0.281005859375,-3.135009765625,-2.9208984375
33,0.8174415614313809,0.18823008464082924,0.6443439223117655,0.19476784858936247,0.372802734375,0.160888671875,0.6491210040573162,0.22275137357486646,0.644775390625,0.27294921875,0.372802734375,0.160888671875,1,0,0,0,0,0,0,0,0,0,0,0,-1.70751953125,0.375244140625,-3.9990234375,-0.7607421875,0.7978515625,0.8173828125,-3.170166015625,-2.938720703125
34,0.7022648341521198,-0.11517672727926109,0.6481820323550709,0.1919055021652701,0.339599609375,0.0302734375,0.6589422549377218,0.23471993601412564,0.655517578125,0.292724609375,0.339599609375,0.0302734375,1,0,0,0,0,0,0,0,0,1,0,0,-1.70556640625,0.371337890625,-3.9990234375,-0.756103515625,0.85107421875,0.286865234375,-3.200927734375,-2.954345703125
35,0.618368293160311,-0.08389654099180888,0.6519628954698944,0.18904315574117775,0.306884765625,0.1083984375,0.6587732995263376,0.22414429314371212,0.656982421875,0.2763671875,0.306884765625,0.1083984375,1,0,0,0,0,0,0,0,1,0,0,0,-1.703857421875,0.367919921875,-3.9990234375,-0.752197265625,0.03857421875,0.822509765625,-3.227783203125,-2.968017578125
36,0.7503064995444464,0.13193820638413545,0.6556865116562361,0.1861808093170854,0.27587890625,0.03271484375,0.672379489662781,0.24350717422414545,0.671630859375,0.3095703125,0.27587890625,0.03271484375,1,0,0,0,0,0,0,0,0,1,0,0,-1.702392578125,0.4169921875,-3.9990234375,-0.748779296875,0.1865234375,0.264404296875,-3.251220703125,-2.97998046875
37,0.8309378574777443,0.0806313579332979,0.659352880914096,0.18331846289299303,0.41259765625,0.158447265625,0.6929746199358783,0.2761126424784705,0.693603515625,0.3623046875,0.41259765625,0.158447265625,1,0,0,0,0,0,0,0,0,0,0,0,-1.700927734375,0.40771484375,-3.9990234375,-0.745849609375,0.45703125,0.802978515625,-3.271728515625,-2.990478515625
38,0.6242381113484183,-0.20669974612932596,0.6629620032434741,0.18045611646890067,0.372314453125,-0.103759765625,0.6910738396987769,0.261060907338015,0.69287109375,0.338623046875,0.372314453125,-0.103759765625,1,0,0,1,0,0,0,0,0,1,0,0,-2.212890625,0.40869140625,-3.9990234375,-1.0751953125,0.4287109375,0.021728515625,-2.910400390625,-3.15283203125
39,0.5804443524753399,-0.04379375887307846,0.6665138786443703,0.1775937700448083,0.316650390625,0.003662109375,0.6849730803106742,0.23858881698996362,0.687255859375,0.3056640625,0.316650390625,0.003662109375,1,0,0,0,0,0,0,0,0,0,0,0,-2.147705078125,0.400634765625,-3.9990234375,-1.031494140625,0.6689453125,0.590576171875,-2.9736328125,-3.141845703125
40,0.7211937296480669,0.14074937717272706,0.6700085071167846,0.17473142362071595,0.2880859375,-0.02587890625,0.6927517297597098,0.24443607781091745,0.6962890625,0.3125,0.2880859375,-0.02587890625,1,0,0,0,0,0,0,0,0,1,0,0,-2.090576171875,0.3935546875,-3.9990234375,-0.9931640625,0.73828125,0.08837890625,-3.029052734375,-3.132080078125
41,0.5234461362783879,-0.19774759336967906,0.6734458886607171,0.1718690771966236,0.31298828125,0.014892578125,0.6813355490862383,0.21334313534967464,0.68408203125,0.275390625,0.31298828125,0.014892578125,1,0,0,0,0,0,0,0,0,0,0,0,-2.040771484375,0.38720703125,-3.9990234375,-0.959716796875,0.93994140625,0.64892578125,-3.077392578125,-3.12353515625
42,0.6256042249936751,0.1021580887152872,0.6768260232761677,0.16900673077253123,0.20947265625,-0.02587890625,0.6801009727097345,0.2030462284754614,0.68310546875,0.264404296875,0.20947265625,-0.02587890625,1,0,0,0,0,0,0,0,0,1,0,0,-1.9970703125,0.3818359375,-3.9990234375,-0.930419921875,0.975341796875,0.139404296875,-3.11962890625,-3.1162109375
43,0.5672077539003757,-0.058396471093299374,0.6801489109631365,0.16614438434843887,0.271728515625,0.05859375,0.6736500254723583,0.18371902631800993,0.676025390625,0.24755859375,0.271728515625,0.05859375,1,0,0,0,0,0,0,0,1,0,0,0,-1.958984375,0.376953125,-3.9990234375,-0.90478515625,0.1474609375,0.693603515625,-3.15673828125,-3.109619140625
44,0.5696430844295399,0.0024353305291642258,0.6834145517216234,0.1632820379243465,0.196533203125,-0.05615234375,0.667831559428106,0.16655943811937252,0.66943359375,0.232177734375,0.196533203125,-0.05615234375,1,0,0,0,0,0,0,0,0,1,0,0,-1.925537109375,0.4248046875,-3.9990234375,-0.88232421875,0.28173828125,0.151611328125,-3.189208984375,-3.10400390625
45,0.7191755289765976,0.14953244454705772,0.6866229455516284,0.16041969150025415,0.308349609375,0.100341796875,0.6753167198231852,0.1739478331860761,0.6787109375,0.238525390625,0.308349609375,0.100341796875,1,0,0,0,0,0,0,0,0,0,0,0,-1.896240234375,0.41455078125,-3.9990234375,-0.862548828125,0.54052734375,0.7041015625,-3.217529296875,-3.09912109375
46,0.6403036047677442,-0.07887192420885347,0.6901509009337895,0.17639776910805302,0.27392578125,-0.013671875,0.6755254226183794,0.16821999316870803,0.67919921875,0.232666015625,0.27392578125,-0.013671875,1,0,0,0,0,0,0,0,0,1,0,0,-1.87060546875,0.40576171875,-3.9990234375,-0.84521484375,0.625732421875,0.187744140625,-3.242431640625,-3.0947265625
47,0.813618250012093,0.1733146452443488,0.6939984178681066,0.1923758467158519,0.363525390625,0.151123046875,0.6901363966044791,0.18763292848742738,0.697265625,0.25048828125,0.363525390625,0.151123046875,1,0,0,0,0,0,0,0,0,0,0,0,-1.84814453125,0.39794921875,-3.9990234375,-0.830078125,0.841552734375,0.73583984375,-3.26416015625,-3.091064453125
48,0.7327922340775703,-0.08082601593452265,0.6981654963545796,0.20835392432365077,0.339599609375,0.033203125,0.6970816143753984,0.19306796338824372,0.70556640625,0.254638671875,0.339599609375,0.033203125,1,0,0,0,0,0,0,0,0,1,0,0,-1.82861328125,0.39111328125,-3.9990234375,-0.81689453125,0.88916015625,0.21533203125,-3.283203125,-3.087646484375
49,0.704467498157152,-0.028324735920418287,0.7026521363932086,0.22433200193144964,0.34375,0.128662109375,0.7012274749866048,0.19354600221714455,0.7099609375,0.253662109375,0.34375,0.128662109375,1,0,0,0,0,0,0,0,1,0,0,0,-1.8115234375,0.38525390625,-3.9990234375,-0.805419921875,0.072021484375,0.760009765625,-3.2998046875,-3.084716796875
50,0.5751944586327378,-0.12927303952441427,0.7074583379839935,0.24031007953924852,0.231689453125,-0.033203125,0.6947786644092203,0.17641913628885708,0.70068359375,0.234375,0.231689453125,-0.033203125,1,0,0,0,0,0,0,0,0,1,0,0,-1.79638671875,0.43212890625,-3.9990234375,-0.79541015625,0.2158203125,0.209716796875,-3.314208984375,-3.082275390625
51,0.7161056423510423,0.14091118371830458,0.7125841011269345,0.2562881571470474,0.2900390625,0.121826171875,0.699699312137526,0.1787029960335645,0.70654296875,0.23583984375,0.2900390625,0.121826171875,1,0,0,0,0,0,0,0,0,0,0,0,-1.783203125,0.421142578125,-3.9990234375,-0.78662109375,0.48291015625,0.755126953125,-3.326904296875,-3.080078125
52,0.7644824245734437,0.04837678222240138,0.7180294258220314,0.27226623475484624,0.3056640625,0.04736328125,0.707990368555016,0.18635632457237797,0.716796875,0.2431640625,0.3056640625,0.04736328125,1,0,0,0,0,0,0,0,0,1,0,0,-1.771728515625,0.411376953125,-3.9990234375,-0.77880859375,0.575439453125,0.232177734375,-3.338134765625,-3.078125
53,0.7198420387357287,-0.04464038583771501,0.7237943120692844,0.2882443123626451,0.36083984375,0.133056640625,0.7123346327289708,0.1873473739856967,0.721435546875,0.242919921875,0.36083984375,0.133056640625,1,0,0,0,0,0,0,0,0,0,0,0,-1.76171875,0.40283203125,-3.9990234375,-0.77197265625,0.79736328125,0.774658203125,-3.347900390625,-3.076416015625
54,0.6767549248280506,-0.043087113907678165,0.7298787598686932,0.30422238997044393,0.266845703125,0.03271484375,0.7131356748490055,0.182662009771349,0.72119140625,0.236083984375,0.266845703125,0.03271484375,1,0,0,0,0,0,0,0,0,1,0,0,-1.7529296875,0.3955078125,-3.9990234375,-0.76611328125,0.8505859375,0.249267578125,-3.3564453125,-3.074951171875
55,0.6789396888624455,0.002184764034394937,0.736282769220258,0.3202004675782428,0.30029296875,0.135009765625,0.7139915501690725,0.17825281330596537,0.720947265625,0.229736328125,0.30029296875,0.135009765625,1,0,0,0,0,0,0,0,1,0,0,0,-1.7451171875,0.38916015625,-3.9990234375,-0.760986328125,0.0380859375,0.78955078125,-3.364013671875,-3.07373046875
56,0.8237298380198652,0.14479014915741972,0.7430063401239788,0.3361785451860416,0.311279296875,0.060546875,0.725302568381132,0.1903598345280597,0.73583984375,0.2431640625,0.311279296875,0.060546875,1,0,0,0,0,0,0,0,0,1,0,0,-1.73828125,0.435546875,-3.9990234375,-0.75634765625,0.18603515625,0.235595703125,-3.37060546875,-3.072509765625
57,0.6944048639892435,-0.1293249740306217,0.7500494725798557,0.35215662279384047,0.3720703125,0.11669921875,0.7266092842883985,0.18648195641901585,0.73583984375,0.23681640625,0.3720703125,0.11669921875,1,0,0,0,0,0,0,0,0,0,0,0,-1.732421875,0.424072265625,-3.9990234375,-0.75244140625,0.456787109375,0.777587890625,-3.376220703125,-3.071533203125
58,0.5387452292586115,-0.15565963473063205,0.7574121665878885,0.3681347004016393,0.199462890625,-0.017578125,0.7166997881806371,0.16548219769249967,0.719482421875,0.208984375,0.199462890625,-0.017578125,1,0,0,0,0,0,0,0,0,1,0,0,-1.727294921875,0.4140625,-3.9990234375,-0.7490234375,0.552490234375,0.251953125,-3.381103515625,-3.070556640625
59,0.795207464142358,0.25646223488374653,0.7650944221480772,0.38411277800943816,0.135986328125,0.3515625,0.7253009701356475,0.17357511856653052,0.73095703125,0.21875,0.135986328125,0.3515625,1,0,1,0,0,0,0,0,0,1,0,0,-1.541748046875,-0.125244140625,-3.9990234375,-1.197265625,0.869873046875,0.22216796875,-3.615234375,-2.903076171875
60,0.7518108468067912,-0.04339661733556677,0.7730962392604219,0.400090855617237,0.28466796875,0.395751953125,0.7303756824358126,0.1760120287685526,0.737060546875,0.220947265625,0.28466796875,0.395751953125,1,0,0,0,0,0,0,0,1,0,0,0,-1.560546875,-0.066650390625,-3.9990234375,-1.13818359375,0.05517578125,0.765869140625,-3.59033203125,-2.92333984375
61,0.7510388616977408,-0.0007719851090504104,0.7814176179249226,0.41606893322503585,0.23095703125,0.244384765625,0.73507618017954,0.1777959351243135,0.742431640625,0.22216796875,0.23095703125,0.244384765625,1,0,0,0,0,0,0,0,0,1,0,0,-1.576904296875,0.03662109375,-3.9990234375,-1.08642578125,0.201171875,0.21484375,-3.568603515625,-2.94091796875
62,0.7542985244679936,0.0032596627702528025,0.7900585581415793,0.4320470108328347,0.296142578125,0.322509765625,0.7396996782598333,0.17940122305057174,0.74755859375,0.22314453125,0.296142578125,0.322509765625,1,0,0,0,0,0,0,0,0,0,0,0,-1.59130859375,0.074951171875,-3.9990234375,-1.041259765625,0.469970703125,0.759521484375,-3.549560546875,-2.956298828125
63,0.7180761064084332,-0.03622241805956039,0.799019059910392,0.44802508844063355,0.232421875,0.199951171875,0.7415865163126252,0.1768551925432671,0.74853515625,0.218505859375,0.232421875,0.199951171875,1,0,0,0,0,0,0,0,0,1,0,0,-1.603759765625,0.108642578125,-3.9990234375,-1.001708984375,0.56396484375,0.236083984375,-3.532958984375,-2.9697265625
64,0.719407630985178,0.0013315245767447914,0.8082991232313607,0.4640031660484324,0.2822265625,0.28271484375,0.7434047034311376,0.17429355604770097,0.74951171875,0.2138671875,0.2822265625,0.28271484375,1,0,0,0,0,0,0,0,0,0,0,0,-1.61474609375,0.137939453125,-3.9990234375,-0.967041015625,0.787353515625,0.778076171875,-3.518310546875,-2.981689453125
65,0.926440081277383,0.20703245029220496,0.8178987481044853,0.47998124365623124,0.260986328125,0.600830078125,0.7587841076006555,0.19195015172092028,0.771728515625,0.23779296875,0.260986328125,0.600830078125,1,0,1,0,0,0,0,0,0,1,0,0,-1.443115234375,-0.366943359375,-3.9990234375,-1.38818359375,0.934326171875,0.6826171875,-3.7353515625,-2.8251953125
66,0.7078074837049426,-0.21863259757244036,0.8278179345297658,0.4959593212640301,0.3955078125,0.4560546875,0.759023319027804,0.1866244139018679,0.769287109375,0.228271484375,0.3955078125,0.4560546875,1,0,0,1,0,0,0,0,0,0,0,0,-1.9873046875,-0.26904296875,-3.9990234375,-1.63720703125,0.987548828125,0.916259765625,-3.316162109375,-3.00830078125
67,0.7063520660932948,-0.0014554176116478024,0.8380566825072024,0.511937398871829,0.24609375,0.333740234375,0.7590821840839194,0.18120606746346354,0.766845703125,0.218994140625,0.24609375,0.333740234375,1,0,0,0,0,0,0,0,1,1,0,0,-1.9501953125,-0.1923828125,-3.9990234375,-1.523193359375,0.016845703125,0.373291015625,-3.32861328125,-3.015380859375
68,0.860146475937211,0.15379440984391624,0.848614992036795,0.5279154764796279,0.375244140625,0.41552734375,0.7690028458787657,0.1904679199397502,0.780517578125,0.231201171875,0.375244140625,0.41552734375,1,0,0,0,0,0,0,0,0,0,0,0,-1.91796875,-0.073486328125,-3.9990234375,-1.42333984375,0.30859375,0.871337890625,-3.339599609375,-3.021484375
69,0.8586269335215712,-0.0015195424156398962,0.8594928631185436,0.5438935540874268,0.37939453125,0.292724609375,0.7783160044278572,0.19854448814548972,0.792724609375,0.241455078125,0.37939453125,0.292724609375,1,0,0,0,0,0,0,0,0,1,0,0,-1.8896484375,-0.021240234375,-3.9990234375,-1.3359375,0.4228515625,0.333984375,-3.34912109375,-3.02685546875
70,0.8654603870188186,0.006833453497247399,0.870690295752448,0.5598716316952257,0.4384765625,0.36962890625,0.7875832629116339,0.2063006385720828,0.8046875,0.250732421875,0.4384765625,0.36962890625,1,0,0,0,0,0,0,0,0,0,0,0,-1.86474609375,0.0244140625,-3.9990234375,-1.259521484375,0.6640625,0.86376953125,-3.357421875,-3.031494140625
71,0.9467381130913468,0.08127772607252826,0.8822072899385085,0.5758497093030246,0.41650390625,0.2841796875,0.8015143243755563,0.22063399827841537,0.823974609375,0.26953125,0.41650390625,0.2841796875,1,0,0,0,0,0,0,0,0,1,0,0,-1.843017578125,0.064453125,-3.9990234375,-1.192626953125,0.73388671875,0.327392578125,-3.36474609375,-3.03564453125
72,1.0011713876131818,0.054433274521834996,0.894043845676725,0.5918277869108235,0.52734375,0.37890625,0.8181959497309608,0.23854225511738492,0.84716796875,0.293212890625,0.52734375,0.37890625,1,0,0,0,0,0,0,0,0,0,0,0,-1.823974609375,0.099365234375,-3.9990234375,-1.134033203125,0.93603515625,0.85791015625,-3.37109375,-3.039306640625
73,0.9637288954107688,-0.037442492202413025,0.9061999629670975,0.6078058645186224,0.4775390625,0.257080078125,0.8317580139925734,0.2513582408302084,0.864501953125,0.308349609375,0.4775390625,0.257080078125,1,0,0,0,0,0,0,0,0,1,0,0,-1.807373046875,0.1298828125,-3.9990234375,-1.082763671875,0.971923828125,0.322265625,-3.376708984375,-3.04248046875
74,0.9747643208155666,0.01103542540479785,0.9186756418096259,0.6237839421264213,0.519287109375,0.344970703125,0.8453526083963383,0.26383526167590354,0.88134765625,0.32275390625,0.519287109375,0.344970703125,1,0,0,0,0,0,0,0,1,0,0,0,-1.79296875,0.15673828125,-3.9990234375,-1.0380859375,0.144287109375,0.853515625,-3.381591796875,-3.045166015625
75,0.9808809981144408,0.006116677298874218,0.9314708822043103,0.6397620197342202,0.47998046875,0.208984375,0.8586725158513978,0.2755393963821059,0.8974609375,0.335693359375,0.47998046875,0.208984375,1,0,0,0,0,0,0,0,0,1,0,0,-1.7802734375,0.232177734375,-3.9990234375,-0.998779296875,0.279052734375,0.29150390625,-3.385986328125,-3.047607421875
76,1.047301161648909,0.06642016353446811,0.9445856841511506,0.6557400973420191,0.565185546875,0.320068359375,0.8754323418053659,0.2918985326963292,0.919189453125,0.35546875,0.565185546875,0.320068359375,1,0,0,0,0,0,0,0,0,0,0,0,-1.76904296875,0.24609375,-3.9990234375,-0.964599609375,0.5380859375,0.82666015625,-3.3896484375,-3.0498046875
77,0.9842081346558021,-0.06309302699310682,0.958020047650147,0.671718174949818,0.509033203125,0.19873046875,0.8875628367532453,0.3010455968067681,0.932373046875,0.363525390625,0.509033203125,0.19873046875,1,0,0,0,0,0,0,0,0,1,0,0,-1.75927734375,0.25830078125,-3.9990234375,-0.9345703125,0.62353515625,0.294921875,-3.392822265625,-3.051513671875
78,0.8784178584665763,-0.10579027618922587,0.9717739727012994,0.6876962525576169,0.49755859375,0.257080078125,0.8926609543388043,0.29970455119803047,0.933349609375,0.35498046875,0.49755859375,0.257080078125,1,0,0,0,0,0,0,0,0,0,0,0,-1.750732421875,0.26904296875,-3.9990234375,-0.908447265625,0.839599609375,0.82958984375,-3.395751953125,-3.05322265625
79,1.0338911280882188,0.15547326962164254,0.9855681299098025,0.6897078604251532,0.460205078125,0.21337890625,0.9068478801677935,0.31160923040543687,0.9501953125,0.36474609375,0.460205078125,0.21337890625,1,0,0,0,0,0,0,0,0,1,0,0,-1.743408203125,0.2783203125,-3.9990234375,-0.885498046875,0.887451171875,0.29736328125,-3.398193359375,-3.0546875
80,1.1700705514691332,0.13617942338091438,0.9994025192756563,0.6917194682926895,0.627685546875,0.34521484375,0.928585230259619,0.33413923647537086,0.9794921875,0.37939453125,0.627685546875,0.34521484375,1,0,0,0,0,0,0,0,1,0,0,0,-1.73681640625,0.28662109375,-3.9990234375,-0.865478515625,0.070556640625,0.831787109375,-3.400390625,-3.055908203125
81,1.0319192520363574,-0.13815129943277582,1.0132771407988608,0.6937310761602258,0.58056640625,0.165283203125,0.9410769071438454,0.3425809368692518,0.99169921875,0.380859375,0.58056640625,0.165283203125,1,0,0,0,0,0,0,0,0,1,0,0,-1.731201171875,0.345703125,-3.9990234375,-0.847900390625,0.214599609375,0.2724609375,-3.40234375,-3.056884765625
82,1.1259665703513464,0.09404731831498903,1.0271919944794161,0.6957426840277621,0.618896484375,0.297607421875,0.9585903056134973,0.35807846698505985,1.012451171875,0.380859375,0.618896484375,0.297607421875,1,0,0,0,0,0,0,0,0,0,0,0,-1.726318359375,0.345458984375,-3.9990234375,-0.83251953125,0.481689453125,0.809814453125,-3.404052734375,-3.057861328125
83,1.046132437732935,-0.07983413261841132,1.0411470803173222,0.6977542918952984,0.56640625,0.1748046875,0.9705491991320592,0.365053831886423,1.022705078125,0.3798828125,0.56640625,0.1748046875,1,0,0,0,0,0,0,0,0,1,0,0,-1.721923828125,0.34521484375,-3.9990234375,-0.819091796875,0.57421875,0.280029296875,-3.405517578125,-3.05859375
84,0.9548811389012997,-0.09125129883163541,1.055142398312579,0.6997658997628347,0.55419921875,0.244140625,0.9764837441371118,0.3630661065438514,1.0224609375,0.385009765625,0.55419921875,0.244140625,1,0,0,0,0,0,0,0,0,0,0,0,-1.718017578125,0.344970703125,-3.9990234375,-0.807373046875,0.79638671875,0.816650390625,-3.40673828125,-3.059326171875
85,1.1148474193203544,0.1599662804190547,1.0691779484651864,0.701777507630371,0.5244140625,0.206298828125,0.9915219230488017,0.3743832939258897,1.0390625,0.376220703125,0.5244140625,0.206298828125,1,0,0,0,0,0,0,0,0,1,0,0,-1.714599609375,0.3447265625,-3.9990234375,-0.797119140625,0.849609375,0.2861328125,-3.407958984375,-3.06005859375
86,1.3251797646796661,0.21033234535931178,1.0832537307751446,0.7037891154979072,0.565185546875,0.545166015625,1.01830454880868,0.4024764416183163,1.075439453125,0.337890625,0.565185546875,0.545166015625,1,0,1,0,0,0,0,0,1,1,0,0,-1.530517578125,-0.185791015625,-3.9990234375,-1.239501953125,0.1298828125,0.252197265625,-3.638671875,-2.893798828125
87,1.2158630577898477,-0.10931670688981843,1.0973697452424536,0.7058007233654435,0.685791015625,0.530517578125,1.037536057994221,0.41876631049919394,1.09619140625,0.31494140625,0.685791015625,0.530517578125,1,0,0,0,0,0,0,0,0,0,0,0,-1.550537109375,-0.067626953125,-3.9990234375,-1.175048828125,0.40771484375,0.765380859375,-3.61083984375,-2.9150390625
88,1.1282235425045422,-0.08763951528530556,1.1115259918671132,0.7078123312329798,0.559814453125,0.3857421875,1.0507566926380083,0.4258291446429568,1.105224609375,0.310546875,0.559814453125,0.3857421875,1,0,0,0,0,0,0,0,0,1,0,0,-1.568115234375,-0.01611328125,-3.9990234375,-1.11865234375,0.509521484375,0.2412109375,-3.58642578125,-2.933837890625
89,1.0521309529723029,-0.0760925895322393,1.1257224706491236,0.7098239391005161,0.56005859375,0.436279296875,1.0588537671715883,0.4252172597164561,1.105224609375,0.32080078125,0.56005859375,0.436279296875,1,0,0,0,0,0,0,0,0,0,0,0,-1.58349609375,0.02880859375,-3.9990234375,-1.0693359375,0.73974609375,0.782470703125,-3.565185546875,-2.9501953125
90,1.1583966901778722,0.10626573720556931,1.1399591815884846,0.7118355469680524,0.5224609375,0.360107421875,1.0726944296395677,0.4330057259369589,1.116455078125,0.312744140625,0.5224609375,0.360107421875,1,0,0,0,0,0,0,0,0,1,0,0,-1.596923828125,0.068115234375,-3.9990234375,-1.026123046875,0.800048828125,0.256103515625,-3.546630859375,-2.964599609375
91,1.2255703655126842,0.067173675334812,1.1542361246851964,0.7138471548355887,0.6552734375,0.45654296875,1.0897920012094153,0.4453285345026626,1.133544921875,0.294921875,0.6552734375,0.45654296875,1,0,0,0,0,0,0,0,0,0,0,0,-1.608642578125,0.1025390625,-3.9990234375,-0.988525390625,0.993896484375,0.795654296875,-3.5302734375,-2.97705078125
92,1.1878983851731302,-0.03767198033955399,1.168553299939259,0.715858762703125,0.61083984375,0.3330078125,1.1039082254026313,0.4529422878111391,1.14453125,0.28662109375,0.61083984375,0.3330078125,1,0,0,0,0,0,0,0,1,1,0,0,-1.618896484375,0.1328125,-3.9990234375,-0.95556640625,0.0224609375,0.267822265625,-3.515869140625,-2.988037109375
93,1.2136001561744503,0.025701771001320095,1.1829107073506722,0.7178703705706613,0.678955078125,0.39111328125,1.11883509691108,0.46152402920200397,1.156982421875,0.275634765625,0.678955078125,0.39111328125,1,0,0,0,0,0,0,0,0,0,0,0,-1.6279296875,0.211181640625,-3.9990234375,-0.9267578125,0.3134765625,0.779052734375,-3.50341796875,-2.99755859375
94,1.0918010199384296,-0.12179913623602068,1.197308346919436,0.7198819784381976,0.587890625,0.248779296875,1.1259540511014399,0.4584339269367712,1.1552734375,0.287841796875,0.587890625,0.248779296875,1,0,0,0,0,0,0,0,0,1,0,0,-1.6357421875,0.227783203125,-3.9990234375,-0.901611328125,0.42724609375,0.253173828125,-3.492431640625,-3.005859375
95,1.2310431153914398,0.13924209545301025,1.2117462186455508,0.7218935863057339,0.654541015625,0.38720703125,1.1407002493290925,0.46660178073552594,1.16845703125,0.27587890625,0.654541015625,0.38720703125,1,0,0,0,0,0,0,0,0,0,0,0,-1.642578125,0.2421875,-3.9990234375,-0.87939453125,0.667724609375,0.79296875,-3.48291015625,-3.01318359375
96,1.2383163935490809,0.0072732781576410055,1.2262243225290161,0.7239051941732702,0.659423828125,0.28466796875,1.1551594659335584,0.4741151010889579,1.1806640625,0.264892578125,0.659423828125,0.28466796875,1,0,0,0,0,0,0,0,0,1,0,0,-1.648681640625,0.2548828125,-3.9990234375,-0.860107421875,0.737060546875,0.265380859375,-3.474609375,-3.01953125
97,1.2833208101160387,0.04500441656695786,1.2407426585698322,0.7259168020408064,0.73974609375,0.388671875,1.1715264315586418,0.4842103458125264,1.196044921875,0.248046875,0.73974609375,0.388671875,1,0,0,0,0,0,0,0,0,0,0,0,-1.654052734375,0.26611328125,-3.9990234375,-0.84326171875,0.93896484375,0.8037109375,-3.46728515625,-3.025146484375
98,1.17745385096773,-0.10586695914830879,1.255301226767999,0.7279284099083427,0.660400390625,0.25390625,1.1809929269110317,0.48389090552434916,1.198486328125,0.252197265625,0.660400390625,0.25390625,1,0,0,0,0,0,0,0,0,1,0,0,-1.65869140625,0.27587890625,-3.9990234375,-0.828369140625,0.974365234375,0.274658203125,-3.4609375,-3.030029296875
99,1.340735061693877,0.16328121072614699,1.2699000271235166,0.729940017775879,0.7373046875,0.402099609375,1.199359131299326,0.4966468759499774,1.2177734375,0.228515625,0.7373046875,0.402099609375,1,0,0,0,0,0,0,0,1,0,0,0,-1.662841796875,0.284423828125,-3.9990234375,-0.8154296875,0.146484375,0.811767578125,-3.455322265625,-3.034423828125
100,1.3471964273727743,0.006461365678897435,1.2845390596363848,0.7319516256434153,0.76123046875,0.26806640625,1.2172697066700615,0.5083662959694824,1.2353515625,0.20703125,0.76123046875,0.26806640625,1,0,0,0,0,0,0,0,0,1,0,0,-1.66650390625,0.34375,-3.9990234375,-0.803955078125,0.281005859375,0.2548828125,-3.450439453125,-3.0380859375
101,1.375309819180896,0.028113391808121557,1.2992183243066038,0.7339632335109516,0.832275390625,0.372802734375,1.2359848322927285,0.520930473036236,1.253662109375,0.18359375,0.832275390625,0.372802734375,1,0,0,0,0,0,0,0,0,0,0,0,-1.669677734375,0.34375,-3.9990234375,-0.7939453125,0.539794921875,0.794677734375,-3.446044921875,-3.041259765625
102,1.2872014315953595,-0.08810838758553641,1.3139378211341735,0.7359748413784879,0.752197265625,0.25,1.2487601571391762,0.5243964418902545,1.260498046875,0.178466796875,0.752197265625,0.25,1,0,0,0,0,0,0,0,0,1,0,0,-1.67236328125,0.34375,-3.9990234375,-0.785400390625,0.625244140625,0.266845703125,-3.4423828125,-3.044189453125
103,1.4638341700562392,0.17663273846087968,1.3286975501190939,0.7379864492460242,0.8447265625,0.406005859375,1.2710588184681109,0.5417753144921241,1.284912109375,0.14404296875,0.8447265625,0.406005859375,1,0,0,0,0,0,0,0,0,0,0,0,-1.6748046875,0.34375,-3.9990234375,-0.77783203125,0.841064453125,0.804931640625,-3.439208984375,-3.046630859375
104,1.4305609212157853,-0.033273248840453906,1.343497511261365,0.7399980571135605,0.845703125,0.2958984375,1.2904720920430663,0.5544033379386996,1.302734375,0.119384765625,0.845703125,0.2958984375,1,0,0,0,0,0,0,0,0,1,0,0,-1.6767578125,0.34375,-3.9990234375,-0.771240234375,0.888671875,0.27587890625,-3.436279296875,-3.048828125
105,1.554126041049643,0.12356511983385765,1.3583377045609868,0.7420096649810968,0.93408203125,0.43310546875,1.3161255178406102,0.5758563140379416,1.3310546875,0.076416015625,0.93408203125,0.43310546875,1,0,0,0,0,0,0,0,1,0,0,0,-1.6787109375,0.34375,-3.9990234375,-0.765380859375,0.071533203125,0.81298828125,-3.433837890625,-3.05078125
106,1.5055315646704286,-0.048594476379214324,1.3732181300179596,0.7440212728486331,0.918701171875,0.2861328125,1.337896908242814,0.5909663272810999,1.350341796875,0.046630859375,0.918701171875,0.2861328125,1,0,0,0,0,0,0,0,0,1,0,0,-1.68017578125,0.395751953125,-3.9990234375,-0.76025390625,0.21533203125,0.256103515625,-3.431640625,-3.052490234375
107,1.3838741466038205,-0.12165741806660813,1.3884800456799162,0.7630957830978329,0.90673828125,0.34716796875,1.351684472115523,0.5938678135672985,1.354736328125,0.041015625,0.90673828125,0.34716796875,1,0,0,0,0,0,0,0,0,0,0,0,-1.681640625,0.38916015625,-3.9990234375,-0.755859375,0.482421875,0.795654296875,-3.4296875,-3.053955078125
108,1.3801352734213646,-0.003738873182455915,1.4041234515468568,0.7821702933470327,0.799560546875,0.25927734375,1.3645164891975927,0.5952756870619045,1.35791015625,0.036865234375,0.799560546875,0.25927734375,1,0,0,0,0,0,0,0,0,1,0,0,-1.682861328125,0.383544921875,-3.9990234375,-0.751953125,0.574951171875,0.267822265625,-3.427978515625,-3.05517578125
109,1.4818949375446093,0.10175966412324478,1.4201483476187815,0.8012448035962325,0.895751953125,0.390869140625,1.3824955910363659,0.6042359392713221,1.371337890625,0.015625,0.895751953125,0.390869140625,1,0,0,0,0,0,0,0,0,0,0,0,-1.683837890625,0.378662109375,-3.9990234375,-0.74853515625,0.797119140625,0.805908203125,-3.426513671875,-3.056396484375
110,1.5956876063495957,0.1137926688049864,1.43655473389569,0.8203193138454323,0.924072265625,0.333251953125,1.4061578513479056,0.6213219496442459,1.394775390625,-0.02294921875,0.924072265625,0.333251953125,1,0,0,0,0,0,0,0,0,1,0,0,-1.684814453125,0.374267578125,-3.9990234375,-0.74560546875,0.850341796875,0.276611328125,-3.42529296875,-3.057373046875
111,1.407129386240543,-0.18855822010905277,1.4533426103775828,0.8393938240946321,0.945556640625,0.365234375,1.4179249967291294,0.6203486604673301,1.3955078125,-0.025146484375,0.945556640625,0.365234375,1,0,0,0,0,0,0,0,1,0,0,0,-1.685546875,0.370361328125,-3.9990234375,-0.742919921875,0.0380859375,0.8134765625,-3.424072265625,-3.058349609375
112,1.3461760524734134,-0.060953333767129525,1.4705119770644595,0.858468334343832,0.80029296875,0.226806640625,1.4254893074258963,0.6131975167987249,1.389892578125,-0.016845703125,0.80029296875,0.226806640625,1,0,0,0,0,0,0,0,0,1,0,0,-1.686279296875,0.4189453125,-3.9990234375,-0.74072265625,0.18603515625,0.256591796875,-3.423095703125,-3.05908203125
113,1.4324134758744134,0.08623742340099994,1.48806283395632,0.8775428445930318,0.8662109375,0.357666015625,1.4374460394424005,0.6127437250851832,1.39404296875,-0.024169921875,0.8662109375,0.357666015625,1,0,0,0,0,0,0,0,0,0,0,0,-1.68701171875,0.40966796875,-3.9990234375,-0.73876953125,0.456787109375,0.796142578125,-3.422119140625,-3.059814453125
114,1.532138498231966,0.09972502235755254,1.5059951810531647,0.8966173548422316,0.88232421875,0.29833984375,1.4544431543649947,0.6197502294963664,1.407958984375,-0.048095703125,0.88232421875,0.29833984375,1,0,0,0,0,0,0,0,0,1,0,0,-1.6875,0.4013671875,-3.9990234375,-0.737060546875,0.552490234375,0.26806640625,-3.42138671875,-3.060302734375
115,1.4634473533165064,-0.06869114491545947,1.5243090183549932,0.9156918650914314,0.951416015625,0.3720703125,1.4666431271437559,0.6194620107225547,1.412841796875,-0.057861328125,0.951416015625,0.3720703125,1,0,0,0,0,0,0,0,0,0,0,0,-1.68798828125,0.39404296875,-3.9990234375,-0.735595703125,0.77734375,0.80615234375,-3.420654296875,-3.060791015625
116,1.7701111257308377,0.3066637724143313,1.543004345861806,0.9347663753406312,0.9365234375,0.740478515625,1.4957727655448045,0.6442061625584445,1.44873046875,-0.11962890625,0.9365234375,0.740478515625,1,0,1,0,0,0,0,0,0,1,0,0,-1.50732421875,-0.142822265625,-3.9990234375,-1.185546875,0.925537109375,0.70703125,-3.64990234375,-2.89453125
117,1.739213492983846,-0.030897632746991643,1.5620811635736025,0.953840885589831,0.9990234375,0.597412109375,1.521915347502719,0.663807297095168,1.4765625,-0.170166015625,0.9990234375,0.597412109375,1,0,0,0,0,0,0,0,1,1,0,0,-1.5302734375,-0.08203125,-3.9990234375,-1.1279296875,0.103759765625,0.190185546875,-3.62060546875,-2.915771484375
118,1.6902267485682547,-0.048986744415591366,1.5815394714903832,0.9729153958390309,1.0458984375,0.6181640625,1.5441063167151965,0.6769890788044417,1.49560546875,-0.20751953125,1.0458984375,0.6181640625,1,0,0,0,0,0,0,0,0,0,0,0,-1.55029296875,0.023193359375,-3.9990234375,-1.077392578125,0.384765625,0.711181640625,-3.594970703125,-2.934326171875
119,1.7038868926451671,0.013660144076912406,1.6013792696121478,0.9919899060882307,0.984619140625,0.51171875,1.5660546921150704,0.6894242055369851,1.513427734375,-0.244140625,0.984619140625,0.51171875,1,0,0,0,0,0,0,0,0,1,0,0,-1.56787109375,0.063232421875,-3.9990234375,-1.033203125,0.489501953125,0.19384765625,-3.572509765625,-2.95068359375
120,1.6294063286839113,-0.0744805639612558,1.6216005579388963,1.0110644163374305,1.02490234375,0.56494140625,1.5826928250691796,0.6936389994016819,1.52099609375,-0.264892578125,1.02490234375,0.56494140625,1,0,0,0,0,0,0,0,0,0,0,0,-1.583251953125,0.098388671875,-3.9990234375,-0.99462890625,0.72216796875,0.7412109375,-3.552978515625,-2.96484375
121,1.7193535036609424,0.08994717497703109,1.642203336470629,1.0301389265866303,0.98095703125,0.488525390625,1.6036250395797327,0.7040815401766818,1.53662109375,-0.300048828125,0.98095703125,0.488525390625,1,0,0,0,0,0,0,0,0,1,0,0,-1.5966796875,0.129150390625,-3.9990234375,-0.9609375,0.78466796875,0.219970703125,-3.535888671875,-2.977294921875
122,1.7953473906660449,0.07599388700510246,1.6631876052073455,1.0492134368358301,1.110595703125,0.592529296875,1.6279194159380461,0.7191901184631955,1.557861328125,-0.345703125,1.110595703125,0.592529296875,1,0,0,0,0,0,0,0,0,0,0,0,-1.6083984375,0.156005859375,-3.9990234375,-0.931396484375,0.98046875,0.763916015625,-3.52099609375,-2.98828125
123,1.742279781210294,-0.05306760945575095,1.6845533641490462,1.06828794708503,1.063232421875,0.468017578125,1.6480508242037133,0.7276937976124307,1.57080078125,-0.378662109375,1.063232421875,0.468017578125,1,0,0,0,0,0,0,0,1,1,0,0,-1.61865234375,0.179443359375,-3.9990234375,-0.905517578125,0.0107421875,0.239990234375,-3.5078125,-2.997802734375
124,1.8286275362046769,0.08634775499438296,1.7063006132957308,1.0873624573342298,1.14892578125,0.55029296875,1.672149087363761,0.7418159574127245,1.5908203125,-0.42431640625,1.14892578125,0.55029296875,1,0,0,0,0,0,0,0,0,0,0,0,-1.627685546875,0.251953125,-3.9990234375,-0.8828125,0.30322265625,0.754638671875,-3.496337890625,-3.006103515625
125,1.6402301808059119,-0.188397355398765,1.7284293526473995,1.1064369675834296,1.054443359375,0.38720703125,1.6842975627731824,0.7378386874122893,1.58837890625,-0.434326171875,1.054443359375,0.38720703125,1,0,0,0,0,0,0,0,0,1,0,0,-1.6357421875,0.263427734375,-3.9990234375,-0.863037109375,0.418212890625,0.23193359375,-3.486328125,-3.013427734375
126,1.852629494678446,0.2123993138725342,1.750939582204052,1.1255114778326294,0.9658203125,0.73291015625,1.7078829043462198,0.7509032386413894,1.60791015625,-0.4814453125,0.9658203125,0.73291015625,1,0,1,0,0,0,0,0,0,1,0,0,-1.46142578125,-0.257080078125,-3.9990234375,-1.297119140625,0.75244140625,0.20458984375,-3.707275390625,-2.85302734375
127,1.6212193715218417,-0.23141012315660436,1.7738313019656886,1.1445859880818292,1.1015625,0.601806640625,1.7170556462406135,0.7422529319990624,1.600830078125,-0.4853515625,1.1015625,0.601806640625,1,0,0,1,0,0,0,0,0,0,0,0,-2.00341796875,-0.1728515625,-3.9990234375,-1.5576171875,0.828369140625,0.498046875,-3.29150390625,-3.032470703125
128,1.6833038271531335,0.062084455631291835,1.7971045119323092,1.163660498331029,0.9814453125,0.515380859375,1.72910705175489,0.7381185539495364,1.6005859375,-0.501220703125,0.9814453125,0.515380859375,1,0,0,0,0,0,0,0,0,1,0,0,-1.96435546875,-0.1083984375,-3.9990234375,-1.453369140625,0.877685546875,0.00732421875,-3.30712890625,-3.036376953125
129,1.9931717646686686,0.3098679375155351,1.8207592121039138,1.1827350085802288,1.02783203125,0.872314453125,1.7582008444477941,0.7593284231159505,1.63232421875,-0.570556640625,1.02783203125,0.872314453125,1,0,1,0,0,0,0,0,1,1,0,0,-1.7490234375,-0.582275390625,-3.9990234375,-1.813720703125,0.154541015625,0.008056640625,-3.550537109375,-2.873046875
130,1.9619847637540775,-0.031187000914591145,1.8447954024805024,1.2018095188294287,1.223388671875,0.864013671875,1.7842291255238534,0.7753739603886236,1.65625,-0.62939453125,1.223388671875,0.864013671875,1,0,0,0,0,0,0,0,0,0,0,0,-1.74169921875,-0.41455078125,-3.9990234375,-1.677490234375,0.42919921875,0.5517578125,-3.53369140625,-2.89697265625
131,1.8028878995623865,-0.159096864191691,1.869213083062075,1.2208840290786285,1.103271484375,0.679443359375,1.7999177600564216,0.7756420698256595,1.66015625,-0.656982421875,1.103271484375,0.679443359375,1,0,0,0,0,0,0,0,0,1,0,0,-1.7353515625,-0.31982421875,-3.9990234375,-1.558349609375,0.5283203125,0.054443359375,-3.51904296875,-2.91796875
132,1.8553952033785237,0.05250730381613722,1.8940122538486315,1.2399585393278283,1.12939453125,0.761962890625,1.8177280062093761,0.7790422381184091,1.66845703125,-0.69287109375,1.12939453125,0.761962890625,1,0,0,0,0,0,0,0,0,0,0,0,-1.72998046875,-0.23681640625,-3.9990234375,-1.4541015625,0.75634765625,0.619140625,-3.506103515625,-2.936279296875
133,1.9629430598028441,0.10754785642432041,1.919192914840172,1.259033049577028,1.146484375,0.671630859375,1.8407610018994598,0.7900714380120899,1.6865234375,-0.74609375,1.146484375,0.671630859375,1,0,0,0,0,0,0,0,0,1,0,0,-1.72509765625,-0.164306640625,-3.9990234375,-1.363037109375,0.814697265625,0.11328125,-3.494873046875,-2.952392578125
134,1.9795945202687426,0.016651460465898493,1.9447550660366966,1.278107559826228,1.25732421875,0.7421875,1.8636350506706045,0.8005388665165709,1.70361328125,-0.799072265625,1.25732421875,0.7421875,1,0,0,0,0,0,0,0,1,0,0,0,-1.720947265625,-0.100830078125,-3.9990234375,-1.283203125,0.0068359375,0.670654296875,-3.485107421875,-2.96630859375
135,2.008302238299505,0.02870771803076244,1.9706987074382052,1.2971820700754277,1.23681640625,0.601318359375,1.8870417625719527,0.811484682730381,1.720703125,-0.854248046875,1.23681640625,0.601318359375,1,0,0,0,0,0,0,0,0,1,0,0,-1.71728515625,0.0068359375,-3.9990234375,-1.21337890625,0.15869140625,0.131591796875,-3.4765625,-2.978515625
136,2.189869591574825,0.18156735327531992,1.9970238390446977,1.3162565803246276,1.38427734375,0.738525390625,1.9197467971357909,0.8358674649003318,1.75390625,-0.954833984375,1.38427734375,0.738525390625,1,0,0,0,0,0,0,0,0,0,0,0,-1.714111328125,0.048828125,-3.9990234375,-1.15234375,0.432861328125,0.686767578125,-3.468994140625,-2.9892578125
137,2.1471815209052947,-0.04268807066953029,2.023730460856174,1.3353310905738274,1.388671875,0.609619140625,1.948577390228649,0.8537942179025884,1.777587890625,-1.054443359375,1.388671875,0.609619140625,1,0,0,0,0,0,0,0,0,1,0,0,-1.711181640625,0.085693359375,-3.9990234375,-1.098876953125,0.531494140625,0.17236328125,-3.46240234375,-2.998779296875
138,2.302095657509552,0.15491413660425746,2.0508185728726347,1.3544056008230272,1.494873046875,0.744140625,1.9849938532875213,0.8824163346934536,1.81298828125,-1.204833984375,1.494873046875,0.744140625,1,0,0,0,0,0,0,0,0,0,0,0,-1.708740234375,0.117919921875,-3.9990234375,-1.052001953125,0.759033203125,0.722412109375,-3.45654296875,-3.007080078125
139,2.116690089490906,-0.18540556801864616,2.0782881750940794,1.373480111072227,1.429931640625,0.573486328125,2.009198260786239,0.8921184552272098,1.82275390625,-1.306640625,1.429931640625,0.573486328125,1,0,0,0,0,0,0,0,0,1,0,0,-1.70654296875,0.146240234375,-3.9990234375,-1.010986328125,0.81689453125,0.20361328125,-3.451416015625,-3.01416015625
140,2.001168064621557,-0.11552202486934915,2.1061392675205077,1.3925546213214268,1.364990234375,0.626953125,2.0255533449207435,0.8899175274297857,1.81787109375,-1.377197265625,1.364990234375,0.626953125,1,0,0,0,0,0,0,0,1,0,0,0,-1.70458984375,0.1708984375,-3.9990234375,-0.97509765625,0.0087890625,0.749755859375,-3.447021484375,-3.0205078125
141,2.1684085506050765,0.1672404859835197,2.13437185015192,1.4116291315706266,1.3427734375,0.550537109375,2.050540545775243,0.9005555181078204,1.829345703125,-1.520751953125,1.3427734375,0.550537109375,1,0,0,0,0,0,0,0,0,1,0,0,-1.702880859375,0.244384765625,-3.9990234375,-0.94384765625,0.16064453125,0.20068359375,-3.443115234375,-3.026123046875
142,2.030131950279053,-0.1382766003260234,2.162985922988317,1.4307036418198265,1.412841796875,0.590576171875,2.066343129118062,0.897287451403893,1.82275390625,-1.616455078125,1.412841796875,0.590576171875,1,0,0,0,0,0,0,0,0,0,0,0,-1.701416015625,0.2568359375,-3.9990234375,-0.91650390625,0.4345703125,0.7470703125,-3.439697265625,-3.031005859375
143,2.2943947405992113,0.2642627903201582,2.191231897748024,1.4122987379853662,1.356201171875,0.941162109375,2.09636654659081,0.9151588663522687,1.842529296875,-1.842529296875,1.356201171875,0.941162109375,1,0,1,0,0,0,0,0,0,1,0,0,-1.51904296875,-0.262939453125,-3.9990234375,-1.343994140625,0.625732421875,0.655517578125,-3.66650390625,-2.868408203125
144,2.157071222370173,-0.1373235182290382,2.2191097744310424,1.393893834150906,1.36572265625,0.75732421875,2.1171070964169214,0.9187653595448624,1.830810546875,-2.01806640625,1.36572265625,0.75732421875,1,0,0,0,0,0,0,0,0,1,0,0,-1.54052734375,-0.18701171875,-3.9990234375,-1.2666015625,0.841552734375,0.14501953125,-3.63525390625,-2.892822265625
145,2.1890401013277767,0.031968878957603586,2.2466195530373714,1.3754889303164457,1.38916015625,0.836669921875,2.138561036498311,0.9233205688530457,1.805419921875,-2.239501953125,1.38916015625,0.836669921875,1,0,0,0,0,0,0,0,1,0,0,0,-1.559326171875,-0.12060546875,-3.9990234375,-1.198974609375,0.0302734375,0.698486328125,-3.60791015625,-2.914306640625
146,2.306727058525187,0.11768695719741018,2.273761233567011,1.3570840264819855,1.41455078125,0.72021484375,2.1656324609393147,0.9360523492053621,1.760498046875,-2.57568359375,1.41455078125,0.72021484375,1,0,0,0,0,0,0,0,0,1,0,0,-1.575927734375,-0.010498046875,-3.9990234375,-1.1396484375,0.17919921875,0.15576171875,-3.583984375,-2.93310546875
147,2.3205505459751428,0.013823487449955874,2.3005348160199617,1.3386791226475252,1.533203125,0.796142578125,2.1921822676551392,0.9476352617844845,1.6845703125,-3.04052734375,1.533203125,0.796142578125,1,0,0,0,0,0,0,0,0,0,0,0,-1.59033203125,0.03369140625,-3.9990234375,-1.087646484375,0.45068359375,0.707763671875,-3.56298828125,-2.949462890625
148,2.4145251318229644,0.09397458584782159,2.326940300396223,1.320274218813065,1.52734375,0.71484375,2.2228259089413576,0.964931889122833,1.557861328125,-3.79833984375,1.52734375,0.71484375,1,0,0,0,0,0,0,0,0,1,0,0,-1.60302734375,0.072509765625,-3.9990234375,-1.042236328125,0.547119140625,0.19091796875,-3.544677734375,-2.9638671875
149,2.3571349191764295,-0.05739021264653488,2.352977686695795,1.3018693149786047,1.606201171875,0.7724609375,2.2487352862686274,0.97471213356433,1.367919921875,-4.86376953125,1.606201171875,0.7724609375,1,0,0,0,0,0,0,0,0,0,0,0,-1.614013671875,0.1064453125,-3.9990234375,-1.00244140625,0.772705078125,0.738525390625,-3.528564453125,-2.976318359375
150,2.52537338818204,0.16823846900561046,2.378646974918678,1.2834644111441444,1.60009765625,0.7216796875,2.283009805328791,0.996578165981471,1.042236328125,-6.917236328125,1.60009765625,0.7216796875,1,0,0,0,0,0,0,0,0,1,0,0,-1.623779296875,0.13623046875,-3.9990234375,-0.9677734375,0.828857421875,0.2177734375,-3.514404296875,-2.9873046875
151,2.500524773340537,-0.024848614841503025,2.4039481650648717,1.2650595073096842,1.714599609375,0.791748046875,2.314298010528542,1.0133787909036074,0.315673828125,-7.9990234375,1.714599609375,0.791748046875,1,0,0,0,0,0,0,0,1,0,0,0,-1.63232421875,0.162109375,-3.9990234375,-0.937255859375,0.019287109375,0.761962890625,-3.502197265625,-2.996826171875
152,2.4523154782383285,-0.048209295102208394,2.428881257134376,1.246654603475224,1.64404296875,0.639404296875,2.3413334685979317,1.0233906959138717,-2.141357421875,-7.9990234375,1.64404296875,0.639404296875,1,0,0,0,0,0,0,0,0,1,0,0,-1.6396484375,0.23681640625,-3.9990234375,-0.91064453125,0.169677734375,0.21142578125,-3.491455078125,-3.00537109375
153,2.5070893038148414,0.05477382557651289,2.4534462511271915,1.2282496996407637,1.707763671875,0.748779296875,2.3701518247131155,1.0357435527462653,7.9990234375,7.9990234375,1.707763671875,0.748779296875,1,0,0,0,0,0,0,0,0,0,0,0,-1.64599609375,0.250244140625,-3.9990234375,-0.887451171875,0.4423828125,0.756591796875,-3.48193359375,-3.0126953125
154,2.390515144710098,-0.11657415910474356,2.4776431470433176,1.2098447958063034,1.628662109375,0.60986328125,2.390846490450649,1.0357136640044733,3.19580078125,4.8388671875,1.628662109375,0.60986328125,1,0,0,0,0,0,0,0,0,1,0,0,-1.651611328125,0.261962890625,-3.9990234375,-0.8671875,0.5400390625,0.233642578125,-3.4736328125,-3.019287109375
155,2.52978431982657,0.13926917511647208,2.5014719448827543,1.1914398919718432,1.697509765625,0.75048828125,2.418355514566322,1.0457645687315864,2.926513671875,4.579345703125,1.697509765625,0.75048828125,1,0,0,0,0,0,0,0,0,0,0,0,-1.656494140625,0.272216796875,-3.9990234375,-0.849365234375,0.7666015625,0.77587890625,-3.466552734375,-3.02490234375
156,2.6125771535879663,0.08279283376139634,2.524932644645502,1.173034988137383,1.7314453125,0.67529296875,2.4492311907709703,1.0604977951487558,2.883056640625,4.475341796875,1.7314453125,0.67529296875,1,0,0,0,0,0,0,0,0,1,0,0,-1.660888671875,0.28125,-3.9990234375,-0.833740234375,0.82373046875,0.25048828125,-3.460205078125,-3.02978515625
157,2.6360524484452585,0.023475294857292273,2.5480252463315605,1.1546300843029227,1.828369140625,0.772216796875,2.4799591020650755,1.0745762829216743,2.879150390625,4.400634765625,1.828369140625,0.772216796875,1,0,0,0,0,0,0,0,1,0,0,0,-1.664794921875,0.2890625,-3.9990234375,-0.820068359375,0.0146484375,0.790771484375,-3.45458984375,-3.0341796875
158,2.6477514440102303,0.011698995564971781,2.5707497499409295,1.1362251804684624,1.797607421875,0.645751953125,2.5098586225396082,1.0870127166324168,2.89208984375,4.3349609375,1.797607421875,0.645751953125,1,0,0,0,0,0,0,0,0,1,0,0,-1.668212890625,0.347900390625,-3.9990234375,-0.80810546875,0.16552734375,0.236572265625,-3.44970703125,-3.037841796875
159,2.635168516407486,-0.012582927602744487,2.5931061554736097,1.1178202766340022,1.854736328125,0.737548828125,2.5375509754995234,1.0958164141409614,2.90576171875,4.2724609375,1.854736328125,0.737548828125,1,0,0,0,0,0,0,0,0,0,0,0,-1.671142578125,0.347412109375,-3.9990234375,-0.797607421875,0.438720703125,0.778564453125,-3.445556640625,-3.041259765625
160,2.6934206363620063,0.05825211995452051,2.6150944629296005,1.099415372799542,1.817138671875,0.663818359375,2.567165396723528,1.1072023884939608,2.935302734375,4.216552734375,1.817138671875,0.663818359375,1,0,0,0,0,0,0,0,0,1,0,0,-1.673583984375,0.346923828125,-3.9990234375,-0.78857421875,0.53662109375,0.252685546875,-3.44189453125,-3.044189453125
161,2.8281570739213007,0.13473643755929432,2.636714672308902,1.0810104689650817,1.951904296875,0.802734375,2.6030353993996456,1.127503609719113,2.98876953125,4.179443359375,1.951904296875,0.802734375,1,0,0,0,0,0,0,0,0,0,0,0,-1.67578125,0.346435546875,-3.9990234375,-0.780517578125,0.763427734375,0.792724609375,-3.438720703125,-3.046630859375
162,2.719392919368011,-0.10876415455328958,2.6579667836115144,1.0626055651306214,1.905517578125,0.6689453125,2.6309762442276328,1.1354766441158273,3.025390625,4.10888671875,1.905517578125,0.6689453125,1,0,0,0,0,0,0,0,0,1,0,0,-1.677734375,0.34619140625,-3.9990234375,-0.7734375,0.82080078125,0.26513671875,-3.435791015625,-3.048828125
163,2.7478629639111887,0.028470044543177586,2.6788507968374375,1.0442006612961612,1.92626953125,0.778564453125,2.6590976993861966,1.1434808393687355,3.0703125,4.034423828125,1.92626953125,0.778564453125,1,0,0,0,0,0,0,0,1,0,0,0,-1.679443359375,0.345947265625,-3.9990234375,-0.767333984375,0.01220703125,0.803466796875,-3.433349609375,-3.05078125
164,2.7466309975168817,-0.0012319663943070047,2.6993667119866718,1.025795757461701,1.8916015625,0.650390625,2.6856831690279717,1.148976483418083,3.109130859375,3.95068359375,1.8916015625,0.650390625,1,0,0,0,0,0,0,0,0,1,0,0,-1.680908203125,0.397705078125,-3.9990234375,-0.761962890625,0.16357421875,0.247802734375,-3.43115234375,-3.052490234375
165,2.8298399045110796,0.08320890699419792,2.7195091944517045,1.0071241232516346,1.98046875,0.777587890625,2.7156259389940773,1.1592747916769452,3.151123046875,3.87646484375,1.98046875,0.777587890625,1,0,0,0,0,0,0,0,0,0,0,0,-1.68212890625,0.390869140625,-3.9990234375,-0.75732421875,0.43701171875,0.788330078125,-3.42919921875,-3.053955078125
166,2.635286106734676,-0.19455379777640358,2.7392782442325356,0.9884524890415682,1.879150390625,0.62060546875,2.7328626320586085,1.1504768935264305,3.167236328125,3.774169921875,1.879150390625,0.62060546875,1,0,0,0,0,0,0,0,0,1,0,0,-1.683349609375,0.385009765625,-3.9990234375,-0.753173828125,0.53515625,0.26123046875,-3.427490234375,-3.05517578125
167,2.7066662205477474,0.07138011381307141,2.7586738613291657,0.9697808548315019,1.88671875,0.7490234375,2.7530447310092296,1.1462953379807113,3.187255859375,3.7001953125,1.88671875,0.7490234375,1,0,0,0,0,0,0,0,0,0,0,0,-1.684326171875,0.3798828125,-3.9990234375,-0.74951171875,0.76220703125,0.800048828125,-3.426025390625,-3.056396484375
168,2.7268089092128736,0.02014268866512614,2.7776960457415942,0.9511092206214355,1.86572265625,0.661865234375,2.7731457864644518,1.1421176508108297,3.205810546875,3.62646484375,1.86572265625,0.661865234375,1,0,0,0,0,0,0,0,0,1,0,0,-1.685302734375,0.37548828125,-3.9990234375,-0.746337890625,0.81982421875,0.271484375,-3.4248046875,-3.057373046875
169,2.859640527746875,0.13283161853400127,2.7963447974698217,0.9324375864113692,1.978271484375,0.80224609375,2.7996455706737784,1.1475265958050316,3.23486328125,3.568603515625,1.978271484375,0.80224609375,1,0,0,0,0,0,0,0,1,0,0,0,-1.68603515625,0.37158203125,-3.9990234375,-0.74365234375,0.01123046875,0.80908203125,-3.423583984375,-3.058349609375
170,2.7280973473549675,-0.13154318039190738,2.8146201165138476,0.9137659522013029,1.93359375,0.6298828125,2.8171663410631016,1.1394966316752964,3.24658203125,3.48876953125,1.93359375,0.6298828125,1,0,0,0,0,0,0,0,0,1,0,0,-1.686767578125,0.420166015625,-3.9990234375,-0.7412109375,0.16259765625,0.252685546875,-3.422607421875,-3.05908203125
171,2.8914643079434783,0.16336696058851086,2.8325220028736724,0.8950943179912365,2.00146484375,0.78857421875,2.842915805782991,1.1438733914021846,3.2724609375,3.43017578125,2.00146484375,0.78857421875,1,0,0,0,0,0,0,0,0,0,0,0,-1.687255859375,0.41064453125,-3.9990234375,-0.739013671875,0.436279296875,0.792724609375,-3.421875,-3.059814453125
172,2.8722981638219296,-0.01916614412154871,2.8500504565492957,0.8764226837811702,2.001953125,0.6875,2.866167024011701,1.144426115575969,3.29248046875,3.365478515625,2.001953125,0.6875,1,0,0,0,0,0,0,0,0,1,0,0,-1.687744140625,0.40234375,-3.9990234375,-0.7373046875,0.53466796875,0.26513671875,-3.421142578125,-3.060302734375
173,3.018571179416099,0.1462730155941694,2.867205477540718,0.8577510495711038,2.108642578125,0.8359375,2.8964969989900156,1.1554309109829153,3.324462890625,3.318359375,2.108642578125,0.8359375,1,0,0,0,0,0,0,0,0,0,0,0,-1.688232421875,0.39501953125,-3.9990234375,-0.735595703125,0.76171875,0.803466796875,-3.42041015625,-3.060791015625
174,2.8230635487229354,-0.19550763069316357,2.8839870658479385,0.8390794153610375,2.031494140625,0.676513671875,2.914058770216118,1.1472279963622758,3.33203125,3.239990234375,2.031494140625,0.676513671875,1,0,0,0,0,0,0,0,0,1,0,0,-1.688720703125,0.388671875,-3.9990234375,-0.734130859375,0.8193359375,0.274658203125,-3.419921875,-3.061279296875
175,3.028222730888756,0.20515918216582074,2.900395221470958,0.8204077811509711,1.92822265625,1.0283203125,2.9422442929962918,1.154978521380603,3.35888671875,3.189208984375,1.92822265625,1.0283203125,1,0,1,0,0,0,0,0,1,1,0,0,-1.5078125,-0.1474609375,-3.9990234375,-1.184326171875,0.103271484375,0.241943359375,-3.649169921875,-2.89501953125
176,2.9751520607301263,-0.053070670158629873,2.916429944409776,0.8017361469409048,2.068603515625,1.034423828125,2.965907381130598,1.1558118684372092,3.37646484375,3.12744140625,2.068603515625,1.034423828125,1,0,0,0,0,0,0,0,0,0,0,0,-1.53076171875,-0.033935546875,-3.9990234375,-1.126953125,0.38427734375,0.75634765625,-3.6201171875,-2.916259765625
177,3.0450571912664985,0.06990513053637226,2.932091234664393,0.7830645127308384,2.029296875,0.941650390625,2.992242918292737,1.1605726505178044,3.398193359375,3.0732421875,2.029296875,0.941650390625,1,0,0,0,0,0,0,0,0,1,0,0,-1.55078125,0.01318359375,-3.9990234375,-1.07666015625,0.489013671875,0.2333984375,-3.594482421875,-2.934814453125
178,2.912623269277882,-0.13243392198861637,2.9473790922348084,0.7643928785207721,2.0693359375,0.970458984375,3.0095464791466657,1.1518359347261466,3.403076171875,2.997802734375,2.0693359375,0.970458984375,1,0,0,0,0,0,0,0,0,0,0,0,-1.568359375,0.054443359375,-3.9990234375,-1.03271484375,0.721923828125,0.775634765625,-3.572265625,-2.950927734375
179,3.0043914951015585,0.09176822582367627,2.9622935171210227,0.7457212443107057,2.00439453125,0.892333984375,3.030963535200731,1.1494407490189682,3.41552734375,2.9345703125,2.00439453125,0.892333984375,1,0,0,0,0,0,0,0,0,1,0,0,-1.583740234375,0.090576171875,-3.9990234375,-0.994140625,0.784423828125,0.250244140625,-3.552734375,-2.965087890625
180,3.0206433027034483,0.016251807601889823,2.9768345093230355,0.7270496101006394,2.11083984375,0.97412109375,3.052038707344171,1.1466108256145873,3.427490234375,2.8720703125,2.11083984375,0.97412109375,1,0,0,0,0,0,0,0,0,0,0,0,-1.59716796875,0.122314453125,-3.9990234375,-0.96044921875,0.980224609375,0.79052734375,-3.53564453125,-2.9775390625
181,2.991987863669435,-0.02865543903401324,2.991002068840847,0.708377975890573,2.049560546875,0.8564453125,3.0702035001428207,1.1395606993358645,3.43408203125,2.803955078125,2.049560546875,0.8564453125,1,0,0,0,0,0,0,0,1,1,0,0,-1.60888671875,0.14990234375,-3.9990234375,-0.930908203125,0.010498046875,0.26318359375,-3.520751953125,-2.988525390625
182,3.084254850352473,0.0922669866830379,3.0047961956744573,0.6897063416805067,2.147705078125,0.937744140625,3.0924926088083753,1.138818180499359,3.4482421875,2.748046875,2.147705078125,0.937744140625,1,0,0,0,0,0,0,0,0,0,0,0,-1.619140625,0.22607421875,-3.9990234375,-0.905029296875,0.30322265625,0.77490234375,-3.507568359375,-2.998046875
183,2.991248650815929,-0.0930061995365441,3.018216889823866,0.6710347074704404,2.094482421875,0.80322265625,3.1081440673418905,1.1282818013865483,3.4501953125,2.677490234375,2.094482421875,0.80322265625,1,0,0,0,0,0,0,0,0,1,0,0,-1.628173828125,0.24072265625,-3.9990234375,-0.882568359375,0.418212890625,0.24951171875,-3.49609375,-3.00634765625
184,3.0248488698387446,0.033600219022815736,3.0312641512890734,0.652363073260374,2.130615234375,0.90625,3.124628103846161,1.119288277113949,3.454345703125,2.611328125,2.130615234375,0.90625,1,0,0,0,0,0,0,0,0,0,0,0,-1.635986328125,0.253662109375,-3.9990234375,-0.86279296875,0.659912109375,0.789794921875,-3.486083984375,-3.013671875
185,3.092409479624193,0.06756060978544864,3.0439379800700794,0.6336914390503077,2.117919921875,0.827880859375,3.1438769269353664,1.1146493393027794,3.463623046875,2.55419921875,2.117919921875,0.827880859375,1,0,0,0,0,0,0,0,0,1,0,0,-1.642822265625,0.264892578125,-3.9990234375,-0.845458984375,0.730224609375,0.2626953125,-3.477294921875,-3.02001953125
186,3.0925174917753018,0.00010801215110856077,3.0562383761668843,0.6150198048402413,2.2041015625,0.91650390625,3.1619387219381565,1.1083922158778619,3.470947265625,2.49609375,2.2041015625,0.91650390625,1,0,0,0,0,0,0,0,0,0,0,0,-1.64892578125,0.274658203125,-3.9990234375,-0.830322265625,0.932861328125,0.801513671875,-3.4697265625,-3.025634765625
187,3.179188117462181,0.08667062568687944,3.0681653395794877,0.596348170630175,2.18408203125,0.8466796875,3.183824012743127,1.1079743731688854,3.485595703125,2.448974609375,2.18408203125,0.8466796875,1,0,0,0,0,0,0,0,0,1,0,0,-1.654296875,0.283203125,-3.9990234375,-0.817138671875,0.968994140625,0.27294921875,-3.463134765625,-3.030517578125
188,3.2045453671222726,0.02535724966009134,3.07971887030789,0.5776765364201086,2.282470703125,0.943603515625,3.205900883343694,1.1078521985459433,3.50048828125,2.403564453125,2.282470703125,0.943603515625,1,0,0,0,0,0,0,0,1,0,0,0,-1.658935546875,0.290771484375,-3.9990234375,-0.8056640625,0.141845703125,0.810302734375,-3.457275390625,-3.03466796875
189,3.057831796004515,-0.14671357111775762,3.0908989683520907,0.5590049022100423,2.189697265625,0.76416015625,3.2182789576588067,1.0933909540469264,3.497802734375,2.3359375,2.189697265625,0.76416015625,1,0,0,0,0,0,0,0,0,1,0,0,-1.6630859375,0.349365234375,-3.9990234375,-0.795654296875,0.27685546875,0.253662109375,-3.4521484375,-3.038330078125
190,3.2861104228545477,0.22827862685003275,3.1017056337120903,0.5403332679999759,2.121826171875,1.119140625,3.2427872316963917,1.0972956898904525,3.517822265625,2.30029296875,2.121826171875,1.119140625,1,0,1,0,0,0,0,0,0,1,0,0,-1.4853515625,-0.181884765625,-3.9990234375,-1.23828125,0.628662109375,0.2236328125,-3.67724609375,-2.874755859375
191,3.2036518552039666,-0.08245856765058113,3.1121388663878884,0.5216616337899096,2.25048828125,1.146484375,3.2612242528334767,1.0921066936274422,3.526611328125,2.25048828125,2.25048828125,1.146484375,1,0,0,0,0,0,0,0,0,0,0,0,-1.51123046875,-0.1162109375,-3.9990234375,-1.174072265625,0.843994140625,0.767333984375,-3.64453125,-2.8984375
192,3.223743581941167,0.0200917267372005,3.1221986663794854,0.5029899995798432,2.180419921875,1.032470703125,3.279658530142889,1.0870671059411547,3.53564453125,2.202392578125,2.180419921875,1.032470703125,1,0,0,0,0,0,0,0,0,1,0,0,-1.53369140625,-0.05859375,-3.9990234375,-1.117919921875,0.891357421875,0.242919921875,-3.615966796875,-2.919189453125
193,3.1526575036147424,-0.07108607832642466,3.131885033686881,0.48431836536977685,2.22119140625,1.078125,3.292855262592485,1.0744311998684906,3.53564453125,2.1435546875,2.22119140625,1.078125,1,0,0,0,0,0,0,0,1,0,0,0,-1.553466796875,-0.00830078125,-3.9990234375,-1.06884765625,0.073974609375,0.7841796875,-3.591064453125,-2.937255859375
194,3.247746540584101,0.09508903696935844,3.1411979683100753,0.46564673115971045,2.1943359375,0.96240234375,3.310518172514893,1.068773666017745,3.54443359375,2.097900390625,2.1943359375,0.96240234375,1,0,0,0,0,0,0,0,0,1,0,0,-1.57080078125,0.087646484375,-3.9990234375,-1.02587890625,0.217529296875,0.230712890625,-3.569091796875,-2.953125
195,3.0762756913877514,-0.17147084919634947,3.150137470249068,0.44697509694964405,2.227783203125,0.982666015625,3.317209620237624,1.0470586426744748,3.53369140625,2.027587890625,2.227783203125,0.982666015625,1,0,0,0,0,0,0,0,0,0,0,0,-1.5859375,0.11962890625,-3.9990234375,-0.98828125,0.484375,0.7734375,-3.550048828125,-2.967041015625
196,3.1752906101303133,0.09901491874256196,3.15870353950386,0.42830346273957765,2.148193359375,0.912353515625,3.328795292714545,1.033223529345518,3.532958984375,1.97265625,2.148193359375,0.912353515625,1,0,0,0,0,0,0,0,0,1,0,0,-1.59912109375,0.147705078125,-3.9990234375,-0.955322265625,0.57666015625,0.248291015625,-3.533203125,-2.979248046875
197,3.1310845599598354,-0.04420605017047796,3.16689617607445,0.40963182852951124,2.232177734375,0.977783203125,3.336915248294431,1.0146724099510684,3.52685546875,1.911865234375,2.232177734375,0.977783203125,1,0,0,0,0,0,0,0,0,0,0,0,-1.610595703125,0.172119140625,-3.9990234375,-0.926513671875,0.798583984375,0.788818359375,-3.5185546875,-2.989990234375
198,3.244908235163251,0.11382367520341585,3.1747153799608387,0.39096019431944484,2.2080078125,0.91162109375,3.3507576426951076,1.0051324300286377,3.531982421875,1.86767578125,2.2080078125,0.91162109375,1,0,0,0,0,0,0,0,0,1,0,0,-1.62060546875,0.193603515625,-3.9990234375,-0.9013671875,0.8515625,0.26171875,-3.505615234375,-2.999267578125
199,3.21346752405989,-0.03144071110336144,3.1821611511630263,0.37228856010937844,2.29736328125,0.984130859375,3.3618189559476317,0.9917618598054135,3.532470703125,1.818603515625,2.29736328125,0.984130859375,1,0,0,0,0,0,0,0,1,0,0,0,-1.62939453125,0.21240234375,-3.9990234375,-0.879150390625,0.0390625,0.800537109375,-3.494384765625,-3.00732421875
200,3.2577568598346667,0.044289335774776895,3.1892334896810124,0.35361692589931204,2.260009765625,0.8642578125,3.374537003215229,0.9812367542442059,3.53662109375,1.775634765625,2.260009765625,0.8642578125,1,0,0,0,0,0,0,0,0,1,0,0,-1.63720703125,0.28076171875,-3.9990234375,-0.85986328125,0.18701171875,0.2451171875,-3.484619140625,-3.014404296875
201,3.314649237380591,0.056892377545924244,3.1959323955147974,0.33494529168924564,2.359375,0.9736328125,3.3895942136459585,0.974482158634268,3.545654296875,1.739990234375,2.359375,0.9736328125,1,0,0,0,0,0,0,0,0,0,0,0,-1.64404296875,0.28857421875,-3.9990234375,-0.843017578125,0.45751953125,0.785888671875,-3.47607421875,-3.020751953125
202,3.187978604015004,-0.12667063336558693,3.202257868664381,0.31627365747917924,2.27685546875,0.8330078125,3.3963826926046408,0.9556992638897441,3.5400390625,1.685791015625,2.27685546875,0.8330078125,1,0,0,0,0,0,0,0,0,1,0,0,-1.64990234375,0.29541015625,-3.9990234375,-0.828125,0.55322265625,0.25927734375,-3.468505859375,-3.026123046875
203,3.1875497599278995,-0.0004288440871045296,3.208209909129763,0.29760202326911284,2.284423828125,0.929443359375,3.402402529206099,0.936335187310023,3.53369140625,1.632568359375,2.284423828125,0.929443359375,1,0,0,0,0,0,0,0,0,0,0,0,-1.655029296875,0.301513671875,-3.9990234375,-0.815185546875,0.778076171875,0.79833984375,-3.4619140625,-3.031005859375
204,3.4838388021653888,0.2962890422374893,3.213788516910944,0.27893038905904644,2.29541015625,1.2861328125,3.424731505061135,0.9416623573120406,3.557861328125,1.62109375,2.29541015625,1.2861328125,1,0,1,0,0,0,0,0,0,1,0,0,-1.478515625,-0.2236328125,-3.9990234375,-1.25537109375,0.92626953125,0.7001953125,-3.68603515625,-2.868408203125
205,3.228564212661342,-0.2552745895040469,3.2189936920079236,0.26025875484898003,2.447509765625,1.135986328125,3.4312143392344217,0.9233980997545798,3.552978515625,1.5712890625,2.447509765625,1.135986328125,1,0,0,1,0,0,0,0,0,0,0,0,-2.018310546875,-0.143798828125,-3.9990234375,-1.52099609375,0.98046875,0.931884765625,-3.27294921875,-3.0458984375
206,3.341036090913515,0.11247187825217297,3.223825434420702,0.24158712063891363,2.326904296875,1.0595703125,3.4434412777590357,0.9141686280095601,3.559326171875,1.53759765625,2.326904296875,1.0595703125,1,0,0,0,0,0,0,0,1,1,0,0,-1.9775390625,-0.082763671875,-3.9990234375,-1.42138671875,0.0107421875,0.386962890625,-3.290771484375,-3.048095703125
207,3.519469696863278,0.17843360594976332,3.228283744149279,0.22291548642884723,2.5087890625,1.152099609375,3.465041725687472,0.9190740552223138,3.582763671875,1.52783203125,2.5087890625,1.152099609375,1,0,0,0,0,0,0,0,0,0,0,0,-1.94189453125,0.0224609375,-3.9990234375,-1.334228515625,0.30322265625,0.88330078125,-3.306396484375,-3.050048828125
208,3.259073201814172,-0.2603964950491062,3.2323686211936544,0.20424385221878083,2.48828125,0.844482421875,3.4705357827379215,0.9000155838340513,3.57666015625,1.47900390625,2.48828125,0.844482421875,1,0,0,1,0,0,0,0,0,1,0,0,-2.423828125,0.071533203125,-3.9990234375,-1.590087890625,0.294189453125,0.092041015625,-2.940673828125,-3.204833984375
209,3.3532928250082743,0.09421962319410238,3.236080065553829,0.18557221800871443,2.468017578125,0.9765625,3.48076727215609,0.8885267073608103,3.580078125,1.444091796875,2.468017578125,0.9765625,1,0,0,0,0,0,0,0,0,0,0,0,-2.332275390625,0.10546875,-3.9990234375,-1.48193359375,0.55126953125,0.652099609375,-3.0,-3.187255859375
210,3.2086244449329184,-0.14466838007535587,3.239418077229802,0.16690058379864803,2.382080078125,0.830322265625,3.4818842381974022,0.8638986542959125,3.5673828125,1.388916015625,2.382080078125,0.830322265625,1,0,0,0,0,0,0,0,0,1,0,0,-2.252197265625,0.13525390625,-3.9990234375,-1.38720703125,0.63525390625,0.14208984375,-3.052001953125,-3.171875
211,3.2250922322158595,0.01646778728294107,3.2423826562215736,0.14822894958858163,2.379150390625,0.93408203125,3.483418753535211,0.8406164929842703,3.556884765625,1.337890625,2.379150390625,0.93408203125,1,0,0,0,0,0,0,0,0,0,0,0,-2.18212890625,0.161376953125,-3.9990234375,-1.304443359375,0.849853515625,0.69580078125,-3.097412109375,-3.158447265625
212,3.2062353561135986,-0.018856876102260944,3.2453563397283487,0.14868417533875197,2.3134765625,0.83203125,3.4833430410275525,0.815641645341162,3.544677734375,1.298828125,2.3134765625,0.83203125,1,0,0,0,0,0,0,0,0,1,0,0,-2.120849609375,0.18408203125,-3.9990234375,-1.23193359375,0.896484375,0.180419921875,-3.13720703125,-3.146728515625
213,3.3059484184105536,0.09971306229695509,3.248339127750127,0.14913940108892232,2.3916015625,0.95947265625,3.4885287146982287,0.7991862550893996,3.54345703125,1.280517578125,2.3916015625,0.95947265625,1,0,0,0,0,0,0,0,1,0,0,0,-2.067138671875,0.2041015625,-3.9990234375,-1.16845703125,0.078369140625,0.7294921875,-3.172119140625,-3.136474609375
214,3.252229449249602,-0.05371896916095187,3.251331020286909,0.14959462683909266,2.358154296875,0.81005859375,3.4900205290723583,0.7777548888588169,3.536376953125,1.26953125,2.358154296875,0.81005859375,1,0,0,0,0,0,0,0,0,1,0,0,-2.020263671875,0.273681640625,-3.9990234375,-1.113037109375,0.221435546875,0.182861328125,-3.20263671875,-3.12744140625
215,3.44498319370284,0.19275374445323834,3.2543320173386943,0.150049852589263,2.46484375,0.972900390625,3.5020950132009925,0.7726075787929901,3.5498046875,1.26953125,2.46484375,0.972900390625,1,0,0,0,0,0,0,0,0,0,0,0,-1.979248046875,0.282470703125,-3.9990234375,-1.064453125,0.48779296875,0.7314453125,-3.229248046875,-3.11962890625
216,3.2637993208431797,-0.18118387285966042,3.2573421189054828,0.15050507833943336,2.408203125,0.815673828125,3.5029711243187216,0.7510517681647346,3.54296875,1.2802734375,2.408203125,0.815673828125,1,0,0,0,0,0,0,0,0,1,0,0,-1.943359375,0.2900390625,-3.9990234375,-1.02197265625,0.57958984375,0.211669921875,-3.252685546875,-3.11279296875
217,3.209450896790383,-0.054348424052796496,3.260361324987275,0.1509603040896037,2.36669921875,0.901123046875,3.5002686281242665,0.724841267283274,3.531494140625,1.304931640625,2.36669921875,0.901123046875,1,0,0,0,0,0,0,0,0,0,0,0,-1.911865234375,0.296875,-3.9990234375,-0.98486328125,0.801025390625,0.7568359375,-3.273193359375,-3.106689453125
218,3.2188196768331228,0.009368780042739555,3.2633896355840704,0.15141552983977405,2.2880859375,0.8134765625,3.4977654508708946,0.6997007454086063,3.5224609375,1.340087890625,2.2880859375,0.8134765625,1,0,0,0,0,0,0,0,0,1,0,0,-1.88427734375,0.302734375,-3.9990234375,-0.952392578125,0.853759765625,0.233642578125,-3.291015625,-3.101318359375
219,3.3346150180202905,0.11579534118716772,3.266427050695869,0.1518707555899444,2.38671875,0.9482421875,3.501583767066078,0.6846523648709165,3.527099609375,1.36962890625,2.38671875,0.9482421875,1,0,0,0,0,0,0,0,1,0,0,0,-1.860107421875,0.307861328125,-3.9990234375,-0.923828125,0.041015625,0.77587890625,-3.306640625,-3.0966796875
220,3.3135672449875724,-0.021047773032718098,3.2694735703226714,0.15232598134011474,2.375732421875,0.811767578125,3.5036900260853074,0.6675171796770256,3.529541015625,1.4111328125,2.375732421875,0.811767578125,1,0,0,0,0,0,0,0,0,1,0,0,-1.839111328125,0.3642578125,-3.9990234375,-0.89892578125,0.188720703125,0.2236328125,-3.3203125,-3.092529296875
221,3.368821733738028,0.0552544887504558,3.272529194464477,0.1527812070902851,2.44287109375,0.930908203125,3.508526259350273,0.6549260356086837,3.538330078125,1.443603515625,2.44287109375,0.930908203125,1,0,0,0,0,0,0,0,0,0,0,0,-1.820556640625,0.36181640625,-3.9990234375,-0.877197265625,0.458984375,0.767333984375,-3.332275390625,-3.089111328125
222,3.400405232871606,0.03158349913357794,3.2755939231212863,0.15323643284045543,2.41796875,0.84912109375,3.514661577527312,0.6446284569414269,3.5498046875,1.472412109375,2.41796875,0.84912109375,1,0,0,0,0,0,0,0,0,1,0,0,-1.804443359375,0.359619140625,-3.9990234375,-0.858154296875,0.554443359375,0.242919921875,-3.3427734375,-3.0859375
223,3.3995761415801837,-0.0008290912914223902,3.278667756293099,0.15369165859062578,2.4853515625,0.947021484375,3.5202027200028247,0.6337567465399635,3.560791015625,1.50341796875,2.4853515625,0.947021484375,1,0,0,0,0,0,0,0,0,0,0,0,-1.790283203125,0.357666015625,-3.9990234375,-0.841552734375,0.779052734375,0.7841796875,-3.351806640625,-3.083251953125
224,3.1338201692180143,-0.2657559723621694,3.2817506939799146,0.15414688434079613,2.3896484375,0.663818359375,3.5099548309823256,0.5998568561467683,3.54345703125,1.582275390625,2.3896484375,0.663818359375,1,0,0,1,0,0,0,0,0,1,0,0,-2.291015625,0.364990234375,-3.9990234375,-1.158935546875,0.71044921875,0.005126953125,-2.98046875,-3.23388671875
225,3.3365614486249173,0.202741279406903,3.284842736181734,0.15460211009096647,2.248291015625,1.029541015625,3.511302603493166,0.5841079567912479,3.550537109375,1.623291015625,2.248291015625,1.029541015625,1,0,1,0,0,0,0,0,1,1,0,0,-2.034912109375,-0.168212890625,-3.9990234375,-1.55615234375,0.008056640625,0.006103515625,-3.2646484375,-3.0458984375
226,3.3990275222066964,0.062466073581779025,3.2879438828985568,0.15505733584113682,2.425048828125,1.0849609375,3.5158643029611,0.5735778044763199,3.56396484375,1.655029296875,2.425048828125,1.0849609375,1,0,0,0,0,0,0,0,0,0,0,0,-1.991943359375,-0.05224609375,-3.9990234375,-1.4521484375,0.301025390625,0.550048828125,-3.283447265625,-3.048095703125
227,3.239475118245376,-0.15955240396132053,3.2910541341303827,0.15551256159130716,2.33154296875,0.9228515625,3.5108003132358316,0.5491240664331681,3.56005859375,1.716796875,2.33154296875,0.9228515625,1,0,0,0,0,0,0,0,0,1,0,0,-1.954345703125,-0.002685546875,-3.9990234375,-1.361083984375,0.416259765625,0.052734375,-3.300048828125,-3.050048828125
228,3.3455139884067733,0.10603887016139746,3.2941734898772124,0.1559677873414775,2.368408203125,1.04541015625,3.511657409898627,0.5341500488780947,3.568603515625,1.759765625,2.368408203125,1.04541015625,1,0,0,0,0,0,0,0,0,0,0,0,-1.92138671875,0.04052734375,-3.9990234375,-1.281494140625,0.658203125,0.61767578125,-3.314453125,-3.0517578125
229,3.3498358054399664,0.0043218170331931205,3.2973019501390453,0.15642301309164786,2.357177734375,0.938720703125,3.512431253175746,0.5194957980233623,3.577392578125,1.803466796875,2.357177734375,0.938720703125,1,0,0,0,0,0,0,0,0,1,0,0,-1.892578125,0.078369140625,-3.9990234375,-1.2119140625,0.728759765625,0.112060546875,-3.3271484375,-3.053466796875
230,3.409114471390615,0.05927866595064879,3.300439514915882,0.1568782388418182,2.44091796875,1.043701171875,3.516289531602541,0.5098364231367986,3.59228515625,1.838623046875,2.44091796875,1.043701171875,1,0,0,0,0,0,0,0,0,0,0,0,-1.867431640625,0.111572265625,-3.9990234375,-1.151123046875,0.931640625,0.669677734375,-3.338134765625,-3.054931640625
231,3.424791558923137,0.01567708753252184,3.3035861842077217,0.15733346459198855,2.414794921875,0.945068359375,3.520644626100555,0.5011974655749791,3.60791015625,1.873779296875,2.414794921875,0.945068359375,1,0,0,0,0,0,0,0,0,1,0,0,-1.845458984375,0.140625,-3.9990234375,-1.097900390625,0.968017578125,0.157470703125,-3.347900390625,-3.05615234375
232,3.4969362902001264,0.0721447312769894,3.3067419580145647,0.1577886903421589,2.50341796875,1.055908203125,3.5287308966871884,0.4983319101306037,3.630126953125,1.8994140625,2.50341796875,1.055908203125,1,0,0,0,0,0,0,0,1,0,0,0,-1.826171875,0.166015625,-3.9990234375,-1.05126953125,0.140869140625,0.709228515625,-3.3564453125,-3.05712890625
233,3.3423505238046682,-0.15458576639545818,3.3099068363364115,0.15824391609232924,2.42578125,0.869873046875,3.5274188024205513,0.4816522430883958,3.634521484375,1.95556640625,2.42578125,0.869873046875,1,0,0,0,0,0,0,0,0,1,0,0,-1.809326171875,0.240234375,-3.9990234375,-1.010498046875,0.276123046875,0.165283203125,-3.364013671875,-3.05810546875
234,3.29326245866896,-0.04908806513570818,3.3130808191732615,0.15869914184249959,2.4013671875,0.951904296875,3.523047889435874,0.4609423476818263,3.63427734375,2.021240234375,2.4013671875,0.951904296875,1,0,0,0,0,0,0,0,0,0,0,0,-1.794677734375,0.253173828125,-3.9990234375,-0.974853515625,0.53564453125,0.716064453125,-3.37060546875,-3.058837890625
235,3.4611837446564264,0.16792128598746636,3.3162639065251147,0.15915436759266993,2.391357421875,0.913330078125,3.528183526616943,0.4549038510996815,3.652587890625,2.05810546875,2.391357421875,0.913330078125,1,0,0,0,0,0,0,0,0,1,0,0,-1.78173828125,0.264404296875,-3.9990234375,-0.943603515625,0.62158203125,0.197998046875,-3.376220703125,-3.0595703125
236,3.337970429055521,-0.1232133156009052,3.3194560983919716,0.15960959334284028,2.466796875,0.960693359375,3.525832601374298,0.43797237626124275,3.656982421875,2.119384765625,2.466796875,0.960693359375,1,0,0,0,0,0,0,0,0,0,0,0,-1.7705078125,0.2744140625,-3.9990234375,-0.916259765625,0.837890625,0.744873046875,-3.381103515625,-3.060302734375
237,3.4081668558486213,0.07019642679310012,3.322657394773832,0.16006481909301062,2.388671875,0.89306640625,3.5273298252800704,0.4272325618726101,3.66943359375,2.169677734375,2.388671875,0.89306640625,1,0,0,0,0,0,0,0,0,1,0,0,-1.7607421875,0.283203125,-3.9990234375,-0.892333984375,0.885986328125,0.223388671875,-3.385498046875,-3.060791015625
238,3.4300224792695446,0.021855623420923287,3.3258677956706952,0.16052004484318097,2.4775390625,0.991943359375,3.5297940359360354,0.41824043943758876,3.68359375,2.218505859375,2.4775390625,0.991943359375,1,0,0,0,0,0,0,0,1,0,0,0,-1.751953125,0.290771484375,-3.9990234375,-0.871337890625,0.069091796875,0.76708984375,-3.389404296875,-3.061279296875
239,3.428669219323951,-0.0013532599455934324,3.3290873010825623,0.16097527059335132,2.439697265625,0.863037109375,3.531869448408737,0.4089393006549325,3.697021484375,2.27001953125,2.439697265625,0.863037109375,1,0,0,0,0,0,0,0,0,1,0,0,-1.744384765625,0.349365234375,-3.9990234375,-0.85302734375,0.21337890625,0.2158203125,-3.392822265625,-3.061767578125
240,3.494800461135937,0.06613124181198593,3.3323159110094327,0.16143049634352166,2.52197265625,0.982666015625,3.537449073291351,0.4050955043755016,3.716796875,2.312744140625,2.52197265625,0.982666015625,1,0,0,0,0,0,0,0,0,0,0,0,-1.73779296875,0.3486328125,-3.9990234375,-0.8369140625,0.480712890625,0.760498046875,-3.395751953125,-3.06201171875
241,3.3908589424903997,-0.10394151864553747,3.3355536254513067,0.161885722093692,2.448974609375,0.854736328125,3.5366650314246924,0.39195442279988363,3.724609375,2.376953125,2.448974609375,0.854736328125,1,0,0,0,0,0,0,0,0,1,0,0,-1.73193359375,0.34814453125,-3.9990234375,-0.822998046875,0.573486328125,0.237060546875,-3.398193359375,-3.062255859375
242,3.4281813820296807,0.03732243953928105,3.338800444408184,0.16234094784386235,2.47900390625,0.9677734375,3.5378222101230516,0.3820728119798941,3.736572265625,2.436279296875,2.47900390625,0.9677734375,1,0,0,0,0,0,0,0,0,0,0,0,-1.726806640625,0.34765625,-3.9990234375,-0.810791015625,0.795654296875,0.779052734375,-3.400390625,-3.0625
243,3.44914329791424,0.02096191588455909,3.3420563678800645,0.1627961735940327,2.444580078125,0.881103515625,3.53993074976081,0.3738904017399654,3.75048828125,2.494140625,2.444580078125,0.881103515625,1,0,0,0,0,0,0,0,0,1,0,0,-1.722412109375,0.34716796875,-3.9990234375,-0.800048828125,0.84912109375,0.253173828125,-3.40234375,-3.062744140625
244,3.442237590474518,-0.006905707439721631,3.3453213958669488,0.16325139934420305,2.502197265625,0.97509765625,3.5413672375914125,0.36495613397108845,3.763427734375,2.555908203125,2.502197265625,0.97509765625,1,0,0,0,0,0,0,0,1,0,0,0,-1.718505859375,0.3466796875,-3.9990234375,-0.79052734375,0.036865234375,0.79296875,-3.404052734375,-3.06298828125
245,3.4706160312388463,0.02837844076432816,3.3485955283688362,0.1637066250943734,2.464111328125,0.859375,3.5441829268832965,0.35832576322734855,3.779052734375,2.615234375,2.464111328125,0.859375,1,0,0,0,0,0,0,0,0,1,0,0,-1.715087890625,0.398193359375,-3.9990234375,-0.7822265625,0.18505859375,0.238525390625,-3.405517578125,-3.063232421875
246,3.473065901258362,0.0024498700195154655,3.351878765385727,0.16416185084454374,2.531982421875,0.959228515625,3.546852612448299,0.3516755815152471,3.794189453125,2.677001953125,2.531982421875,0.959228515625,1,0,0,0,0,0,0,0,0,0,0,0,-1.712158203125,0.391357421875,-3.9990234375,-0.775146484375,0.455810546875,0.7802734375,-3.40673828125,-3.0634765625
247,3.3667827698426827,-0.10628313141567913,3.3551711069176213,0.16461707659471408,2.432861328125,0.8349609375,3.5431383742827416,0.33578116468408004,3.798095703125,2.760009765625,2.432861328125,0.8349609375,1,0,0,0,0,0,0,0,0,1,0,0,-1.70947265625,0.385498046875,-3.9990234375,-0.768798828125,0.5517578125,0.254150390625,-3.407958984375,-3.063720703125
248,3.4337304002058815,0.06694763036319884,3.358472552964519,0.16507230234488443,2.473388671875,0.958740234375,3.5431835273534915,0.32591647386167694,3.809814453125,2.832275390625,2.473388671875,0.958740234375,1,0,0,0,0,0,0,0,0,0,0,0,-1.707275390625,0.38037109375,-3.9990234375,-0.76318359375,0.77685546875,0.7939453125,-3.408935546875,-3.063720703125
249,3.2792181041440647,-0.15451229606181682,3.3614740551793356,0.15007511074083735,2.38134765625,0.815673828125,3.5341644998189876,0.3029389010822444,3.8056640625,2.93359375,2.38134765625,0.815673828125,1,0,0,0,0,0,0,0,0,1,0,0,-1.705322265625,0.375732421875,-3.9990234375,-0.75830078125,0.83251953125,0.266357421875,-3.409912109375,-3.063720703125
250,3.3011946358633204,0.021976531719255732,3.3641756135620713,0.13507791913679026,2.379150390625,0.926025390625,3.5264927922064673,0.28263343885629794,3.80615234375,3.03076171875,2.379150390625,0.926025390625,1,0,0,0,0,0,0,0,1,0,0,0,-1.70361328125,0.371826171875,-3.9990234375,-0.754150390625,0.0224609375,0.8046875,-3.41064453125,-3.063720703125
251,3.4134832797178314,0.11228864385451098,3.366577228112726,0.12008072753274318,2.38623046875,0.837646484375,3.525329167632679,0.2725530976902579,3.820068359375,3.10888671875,2.38623046875,0.837646484375,1,0,0,0,0,0,0,0,0,1,0,0,-1.7021484375,0.42041015625,-3.9990234375,-0.75048828125,0.17236328125,0.248779296875,-3.411376953125,-3.063720703125
252,3.500451555359316,0.08696827564148446,3.3686788988312997,0.1050835359286961,2.52197265625,0.9638671875,3.529038064274958,0.2699766798579806,3.8427734375,3.1748046875,2.52197265625,0.9638671875,1,0,0,0,0,0,0,0,0,0,0,0,-1.70068359375,0.410888671875,-3.9990234375,-0.747314453125,0.44482421875,0.789306640625,-3.411865234375,-3.063720703125
253,3.1895877906455876,-0.31086376471372823,3.370480625717793,0.09008634432464901,2.44482421875,0.6640625,3.5146284445539715,0.24068172564007512,3.83203125,3.29833984375,2.44482421875,0.6640625,1,0,0,1,0,0,0,0,0,1,0,0,-2.212646484375,0.41162109375,-3.9990234375,-1.076416015625,0.41796875,0.009765625,-3.032958984375,-3.216796875
254,3.5026042895104976,0.31301649886491,3.371982408772205,0.07508915272060193,2.334716796875,1.06884765625,3.5184748685900598,0.23925135733347436,3.85693359375,3.366455078125,2.334716796875,1.06884765625,1,0,1,0,0,0,0,0,0,1,0,0,-1.96630859375,-0.12744140625,-3.9990234375,-1.48388671875,0.752197265625,0.01025390625,-3.310546875,-3.031005859375
255,3.4312505805868487,-0.0713537089236489,3.373184247994536,0.06009196111655485,2.4921875,1.11181640625,3.517974619371643,0.23143517711307005,3.873291015625,3.451416015625,2.4921875,1.11181640625,1,0,0,0,0,0,0,0,0,0,0,0,-1.931884765625,-0.068603515625,-3.9990234375,-1.388916015625,0.9521484375,0.58056640625,-3.32373046875,-3.03515625
256,3.384372564614742,-0.046878015972106724,3.3740861433847864,0.045094769512507765,2.3916015625,0.988525390625,3.5146629558115268,0.2196924918262472,3.884521484375,3.547607421875,2.3916015625,0.988525390625,1,0,0,0,0,0,0,0,0,1,0,0,-1.90185546875,-0.01708984375,-3.9990234375,-1.305908203125,0.98583984375,0.07958984375,-3.335205078125,-3.038818359375
257,3.389878701663638,0.005506137048895798,3.3746880949429556,0.030097577908460682,2.43017578125,1.07275390625,3.511636448923198,0.20871882925898633,3.89697265625,3.64501953125,2.43017578125,1.07275390625,1,0,0,0,0,0,0,0,1,0,0,0,-1.87548828125,0.028076171875,-3.9990234375,-1.233154296875,0.156494140625,0.64111328125,-3.34521484375,-3.0419921875
258,3.4526175469567058,0.06273884529306795,3.374990102669044,0.015100386304413597,2.414794921875,0.953369140625,3.5121808244430484,0.2033505691752295,3.91650390625,3.734130859375,2.414794921875,0.953369140625,1,0,0,0,0,0,0,0,0,1,0,0,-1.8525390625,0.11962890625,-3.9990234375,-1.169677734375,0.289794921875,0.105712890625,-3.35400390625,-3.044677734375
259,3.3569829880142077,-0.09563455894249806,3.374992166563051,0.00010319470036651221,2.459716796875,1.007568359375,3.50709921176129,0.18982104394219868,3.925537109375,3.843505859375,2.459716796875,1.007568359375,1,0,0,0,0,0,0,0,0,0,0,0,-1.83251953125,0.147705078125,-3.9990234375,-1.114013671875,0.547607421875,0.6640625,-3.36181640625,-3.047119140625
260,3.44218044396475,0.08519745595054218,3.3746942866249774,-0.014893996903680573,2.400146484375,0.9384765625,3.5069484376566438,0.18398369930408667,3.9443359375,3.940185546875,2.400146484375,0.9384765625,1,0,0,0,0,0,0,0,0,1,0,0,-1.81494140625,0.172119140625,-3.9990234375,-1.0654296875,0.632080078125,0.152587890625,-3.36865234375,-3.04931640625
261,3.52316771435449,0.0809872703897403,3.3740964628548227,-0.029891188507727658,2.524658203125,1.051513671875,3.5113484219006197,0.1850489365296872,3.971435546875,4.0263671875,2.524658203125,1.051513671875,1,0,0,0,0,0,0,0,0,0,0,0,-1.799560546875,0.193603515625,-3.9990234375,-1.022705078125,0.846923828125,0.705078125,-3.37451171875,-3.05126953125
262,3.4911625680719074,-0.032005146282582775,3.373198695252587,-0.04488838011177474,2.488525390625,0.940185546875,3.5136772734325934,0.18301975411624044,3.993896484375,4.123046875,2.488525390625,0.940185546875,1,0,0,0,0,0,0,0,0,1,0,0,-1.7861328125,0.21240234375,-3.9990234375,-0.9853515625,0.893798828125,0.1884765625,-3.379638671875,-3.052978515625
263,3.3555580790622925,-0.13560448900961486,3.3720009838182707,-0.059885571715821824,2.47509765625,0.9873046875,3.5080445918065535,0.1692766061982481,4.001708984375,4.247314453125,2.47509765625,0.9873046875,1,0,0,0,0,0,0,0,1,0,0,0,-1.7744140625,0.228759765625,-3.9990234375,-0.952880859375,0.075927734375,0.736572265625,-3.38427734375,-3.054443359375
264,3.479573661088616,0.12401558202632357,3.3705033285518735,-0.07488276331986891,2.42431640625,0.90185546875,3.509600198760923,0.16657040543198504,4.02392578125,4.35205078125,2.42431640625,0.90185546875,1,0,0,0,0,0,0,0,0,1,0,0,-1.76416015625,0.295166015625,-3.9990234375,-0.92431640625,0.21923828125,0.189208984375,-3.38818359375,-3.0556640625
265,3.296808933654741,-0.18276472743387506,3.3687057294533953,-0.089879954923916,2.457763671875,0.93310546875,3.5005169107450453,0.14821082467395588,4.02685546875,4.492431640625,2.457763671875,0.93310546875,1,0,0,0,0,0,0,0,0,0,0,0,-1.755126953125,0.30126953125,-3.9990234375,-0.8994140625,0.48583984375,0.737060546875,-3.3916015625,-3.056884765625
266,3.4103278079747903,0.11351887432004926,3.366608186522836,-0.10487714652796308,2.373291015625,0.882568359375,3.498130137939154,0.1402974681331518,4.043701171875,4.6142578125,2.373291015625,0.882568359375,1,0,0,0,0,0,0,0,0,1,0,0,-1.7470703125,0.306640625,-3.9990234375,-0.877685546875,0.577880859375,0.216552734375,-3.394775390625,-3.057861328125
267,3.4712567972834223,0.060928989308632,3.364210699760196,-0.11987433813201016,2.49951171875,0.994384765625,3.4992312252626365,0.1377762183275964,4.067138671875,4.728759765625,2.49951171875,0.994384765625,1,0,0,0,0,0,0,0,0,0,0,0,-1.740234375,0.311279296875,-3.9990234375,-0.858642578125,0.799560546875,0.760986328125,-3.3974609375,-3.05859375
268,3.7117601648958467,0.2405033676124244,3.3615132691654748,-0.13487152973605726,2.51123046875,1.333984375,3.514036725220546,0.15559642723274061,4.115234375,4.806396484375,2.51123046875,1.333984375,1,0,1,0,0,0,0,0,0,1,0,0,-1.552978515625,-0.215087890625,-3.9990234375,-1.293212890625,0.945068359375,0.66748046875,-3.62939453125,-2.892578125
269,3.534964256891889,-0.1767959080039576,3.3584725533253392,-0.1520357920067741,2.4892578125,1.141357421875,3.518172032134092,0.15710985899590396,4.141357421875,4.9462890625,2.4892578125,1.141357421875,1,0,0,0,0,0,0,0,1,1,0,0,-1.5703125,-0.145263671875,-3.9990234375,-1.22216796875,0.120849609375,0.155517578125,-3.602783203125,-2.9140625
270,3.4546184220204124,-0.08034583487147673,3.3550885522397893,-0.16920005427749096,2.46630859375,1.154541015625,3.517483034618446,0.1514440644407962,4.1591796875,5.135986328125,2.46630859375,1.154541015625,1,0,0,0,0,0,0,0,0,0,0,0,-1.58544921875,-0.0322265625,-3.9990234375,-1.159912109375,0.399658203125,0.6806640625,-3.579345703125,-2.932861328125
271,3.376625652483364,-0.07799276953704837,3.351361265908825,-0.18636431654820781,2.35595703125,1.016357421875,3.5122466846520166,0.13922095785893887,4.17041015625,5.380126953125,2.35595703125,1.016357421875,1,0,0,0,0,0,0,0,0,1,0,0,-1.5986328125,0.0146484375,-3.9990234375,-1.10546875,0.50244140625,0.167236328125,-3.558837890625,-2.94921875
272,3.2767874009343005,-0.09983825154906345,3.3472906943324463,-0.20352857881892467,2.350341796875,1.0634765625,3.5013457165540127,0.11898220856044826,4.17431640625,5.69091796875,2.350341796875,1.0634765625,1,0,0,0,0,0,0,0,0,0,0,0,-1.6103515625,0.0556640625,-3.9990234375,-1.057861328125,0.733642578125,0.7177734375,-3.541015625,-2.963623046875
273,3.697745728448312,0.42095832751401163,3.3428768375106537,-0.22069284108964152,2.376220703125,1.450439453125,3.5148704350817446,0.13546419456096773,4.227294921875,5.89453125,2.376220703125,1.450439453125,1,0,1,0,0,0,0,0,0,1,0,0,-1.439453125,-0.438720703125,-3.9990234375,-1.467529296875,0.88720703125,0.629638671875,-3.755126953125,-2.8095703125
274,3.3222595238174466,-0.37548620463086557,3.3381196954434467,-0.23785710336035837,2.53564453125,1.244140625,3.506359979228924,0.11887178934419557,4.2392578125,6.28271484375,2.53564453125,1.244140625,1,0,0,1,0,0,0,0,0,0,0,0,-1.984130859375,-0.331787109375,-3.9990234375,-1.706787109375,0.9462890625,0.8701171875,-3.333251953125,-2.99462890625
275,3.4220321199665715,0.09977259614912493,3.3330192681308253,-0.25502136563107525,2.37060546875,1.15771484375,3.5037568198719184,0.11150619501571822,4.267333984375,6.6728515625,2.37060546875,1.15771484375,1,0,0,0,0,0,0,0,0,1,0,0,-1.947509765625,-0.247314453125,-3.9990234375,-1.583984375,0.98095703125,0.332763671875,-3.343505859375,-3.00341796875
276,3.444058161836159,0.022026041869587676,3.3275755555727895,-0.2721856279017921,2.4736328125,1.22265625,3.50242958108362,0.10624535985886896,4.3017578125,7.101806640625,2.4736328125,1.22265625,1,0,0,0,0,0,0,0,1,0,0,0,-1.91552734375,-0.17333984375,-3.9990234375,-1.4765625,0.15234375,0.86279296875,-3.3525390625,-3.010986328125
277,3.2677797476866672,-0.17627841414949197,3.3217885577693393,-0.289349890172509,2.367919921875,1.0078125,3.4909534843947903,0.08613140334959403,4.359619140625,7.68994140625,2.367919921875,1.0078125,1,0,0,0,0,0,0,0,0,1,0,0,-1.887451171875,-0.056640625,-3.9990234375,-1.382568359375,0.2861328125,0.299560546875,-3.360595703125,-3.017578125
278,3.286675229212108,0.01889548152544096,3.315658274720475,-0.3065141524432259,2.36328125,1.093017578125,3.480842845411611,0.06863167922570149,4.468017578125,7.9990234375,2.36328125,1.093017578125,1,0,0,0,0,0,0,0,0,0,0,0,-1.863037109375,-0.006591796875,-3.9990234375,-1.30029296875,0.54443359375,0.833740234375,-3.367431640625,-3.0234375
279,3.2951754224955527,0.008500193283444535,3.309184706426196,-0.32367841471394276,2.31787109375,0.982421875,3.4714713751669226,0.05274267325085798,4.628173828125,7.9990234375,2.31787109375,0.982421875,1,0,0,0,0,0,0,0,0,1,0,0,-1.841552734375,0.037109375,-3.9990234375,-1.228271484375,0.629150390625,0.301025390625,-3.37353515625,-3.028564453125
280,3.378433787295389,0.08325836479983639,3.3023678528865026,-0.34084267698465964,2.411865234375,1.08740234375,3.4671212958483695,0.04474954420015371,4.8447265625,7.9990234375,2.411865234375,1.08740234375,1,0,0,0,0,0,0,0,0,0,0,0,-1.82275390625,0.075439453125,-3.9990234375,-1.165283203125,0.844482421875,0.8349609375,-3.37890625,-3.032958984375
281,3.2396074633708656,-0.13882632392452354,3.295207714101395,-0.3580069392553765,2.333740234375,0.930419921875,3.4548958459265844,0.02534627317877419,5.15185546875,7.9990234375,2.333740234375,0.930419921875,1,0,0,0,0,0,0,0,0,1,0,0,-1.806396484375,0.10888671875,-3.9990234375,-1.110107421875,0.891845703125,0.302001953125,-3.383544921875,-3.036865234375
282,3.383572038647441,0.14396457527657525,3.287704290070873,-0.3751712015260934,2.388427734375,1.06494140625,3.4512766135620083,0.019244271028248956,5.5634765625,7.9990234375,2.388427734375,1.06494140625,1,0,0,0,0,0,0,0,1,0,0,0,-1.7919921875,0.13818359375,-3.9990234375,-1.06201171875,0.07421875,0.835693359375,-3.3876953125,-3.040283203125
283,3.351927887594455,-0.03164415105298568,3.279857580794937,-0.3923354637968103,2.387451171875,0.911376953125,3.44593252203575,0.010771926808919469,6.155029296875,7.9990234375,2.387451171875,0.911376953125,1,0,0,0,0,0,0,0,0,1,0,0,-1.779296875,0.2158203125,-3.9990234375,-1.019775390625,0.2177734375,0.27587890625,-3.391357421875,-3.043212890625
284,3.4734963898878775,0.12156850229342231,3.2716675862735864,-0.40949972606752716,2.479736328125,1.041015625,3.447718930633834,0.013095168667494878,7.362060546875,7.9990234375,2.479736328125,1.041015625,1,0,0,0,0,0,0,0,0,0,0,0,-1.768310546875,0.23193359375,-3.9990234375,-0.98291015625,0.484375,0.81298828125,-3.39453125,-3.0458984375
285,3.362174519040502,-0.11132187084737533,3.2631343065068217,-0.42666398833824404,2.427001953125,0.9013671875,3.4430518800419896,0.00580594502394147,7.9990234375,7.9990234375,2.427001953125,0.9013671875,1,0,0,0,0,0,0,0,0,1,0,0,-1.7587890625,0.245849609375,-3.9990234375,-0.95068359375,0.57666015625,0.282958984375,-3.397216796875,-3.048095703125
286,3.154707245847057,-0.20746727319344505,3.2542577414946425,-0.4438282506089609,2.427001953125,0.821533203125,3.4265980093677397,-0.018698718680329393,-7.9990234375,-7.9990234375,2.427001953125,0.821533203125,1,0,0,1,0,0,0,0,0,0,0,0,-2.263671875,0.26708984375,-3.9990234375,-1.25439453125,0.674560546875,0.566650390625,-3.020263671875,-3.203125
287,3.416907093179514,0.26219984733245694,3.245037891237049,-0.4609925128796778,2.330078125,1.18603515625,3.4256888439008844,-0.01949019037436135,-1.148193359375,-3.49169921875,2.330078125,1.18603515625,1,0,1,0,0,0,0,0,0,1,0,0,-2.010986328125,-0.25390625,-3.9990234375,-1.6396484375,0.835693359375,0.49755859375,-3.299560546875,-3.01904296875
288,3.307466234562131,-0.10944085861738317,3.235474755734041,-0.4781567751503947,2.33642578125,1.02294921875,3.418530395603482,-0.02950005521750084,0.9541015625,-1.95263671875,2.33642578125,1.02294921875,1,0,0,0,0,0,0,0,1,1,0,0,-1.970947265625,-0.17919921875,-3.9990234375,-1.525146484375,0.025146484375,0.0068359375,-3.314208984375,-3.024658203125
289,3.2505891585726814,-0.056877075989449466,3.225568334985619,-0.49532103742111155,2.3427734375,1.048583984375,3.408327273632969,-0.04371649701462705,1.693359375,-1.35400390625,2.3427734375,1.048583984375,1,0,0,0,0,0,0,0,0,0,0,0,-1.93603515625,-0.061767578125,-3.9990234375,-1.425048828125,0.31591796875,0.550537109375,-3.326904296875,-3.029541015625
290,3.1828233906375325,-0.06776576793514888,3.215318628991782,-0.5124852996918284,2.239501953125,0.9189453125,3.394549597047359,-0.06279871588370092,2.087646484375,-1.01708984375,2.239501953125,0.9189453125,1,0,0,0,0,0,0,0,0,1,0,0,-1.905517578125,-0.010986328125,-3.9990234375,-1.33740234375,0.42919921875,0.05322265625,-3.338134765625,-3.033935546875
291,3.2410583926126546,0.0582350019751221,3.204725637752531,-0.5296495619625453,2.294677734375,1.02197265625,3.3845488075926613,-0.07573105668777261,2.343505859375,-0.775634765625,2.294677734375,1.02197265625,1,0,0,0,0,0,0,0,0,0,0,0,-1.878662109375,0.033447265625,-3.9990234375,-1.2607421875,0.66943359375,0.6181640625,-3.347900390625,-3.037841796875
292,3.236464236778746,-0.004594155833908431,3.1937893612678656,-0.5468138242332622,2.262939453125,0.912841796875,3.374614800912537,-0.08818213330135996,2.520751953125,-0.6103515625,2.262939453125,0.912841796875,1,0,0,0,0,0,0,0,0,1,0,0,-1.855224609375,0.072265625,-3.9990234375,-1.193603515625,0.738525390625,0.112548828125,-3.3564453125,-3.041259765625
293,3.1772538504695604,-0.059210386309185736,3.1825097995377862,-0.5639780865039791,2.297119140625,0.97802734375,3.361615505050126,-0.10479807018117018,2.634033203125,-0.48486328125,2.297119140625,0.97802734375,1,0,0,0,0,0,0,0,0,0,0,0,-1.834716796875,0.106201171875,-3.9990234375,-1.135009765625,0.940185546875,0.669921875,-3.364013671875,-3.044189453125
294,3.28474999592726,0.10749614545769948,3.1708869525622925,-0.581142348774696,2.261474609375,0.91259765625,3.355224572991571,-0.11114972238234365,2.73095703125,-0.35693359375,2.261474609375,0.91259765625,1,0,0,0,0,0,0,0,0,1,0,0,-1.81689453125,0.135986328125,-3.9990234375,-1.083740234375,0.9755859375,0.15771484375,-3.37060546875,-3.046630859375
295,3.244004290736146,-0.04074570519111376,3.1590261365432166,-0.5930408009537924,2.34130859375,0.982666015625,3.3467404714319344,-0.12040901144560061,2.793212890625,-0.2529296875,2.34130859375,0.982666015625,1,0,0,0,0,0,0,0,1,0,0,0,-1.80126953125,0.161865234375,-3.9990234375,-1.038818359375,0.1474609375,0.70947265625,-3.376220703125,-3.048828125
296,3.3196323624471678,0.0756280717110216,3.1469273514805587,-0.6049392531328889,2.31103515625,0.874755859375,3.3429134586708464,-0.12250726345287449,2.843017578125,-0.14306640625,2.31103515625,0.874755859375,1,0,0,0,0,0,0,0,0,1,0,0,-1.78759765625,0.236572265625,-3.9990234375,-0.99951171875,0.28173828125,0.16552734375,-3.381103515625,-3.05078125
297,3.129683155701452,-0.18994920674571558,3.134590597374319,-0.6168377053119853,2.322998046875,0.90283203125,3.328355515654903,-0.14041297846170878,2.8701171875,-0.083251953125,2.322998046875,0.90283203125,1,0,0,0,0,0,0,0,0,0,0,0,-1.775634765625,0.25,-3.9990234375,-0.965087890625,0.54052734375,0.71630859375,-3.385498046875,-3.052490234375
298,3.2578480797962874,0.12816492409483526,3.1220158742244974,-0.6287361574910818,2.241943359375,0.855224609375,3.321658427388316,-0.14616400436693208,2.90869140625,-0.002685546875,2.241943359375,0.855224609375,1,0,0,0,0,0,0,0,0,1,0,0,-1.76513671875,0.26171875,-3.9990234375,-0.93505859375,0.625732421875,0.1982421875,-3.389404296875,-3.053955078125
299,3.3487484213395207,0.09090034154323323,3.1092031820310937,-0.6406346096701783,2.38720703125,0.97412109375,3.320459193097579,-0.14361438523246395,2.954345703125,0.0732421875,2.38720703125,0.97412109375,1,0,0,0,0,0,0,0,0,0,0,0,-1.755859375,0.27197265625,-3.9990234375,-0.90869140625,0.841552734375,0.744873046875,-3.392822265625,-3.05517578125
