timestep,phase,slot_idx,output_idx,feature_idx,input_spikes,leak_term,input_sum,recurrent_sum,membrane_out,spike_out,feature_value,weight,product,accumulator,position_estimate,velocity_estimate
0,neuron,0,,,"1,0,1,0",0.0,-0.0302734375,0.0,-0.0302734375,0,,,,,,
0,neuron,1,,,"1,0,1,0",0.0,-0.487548828125,0.0,-0.487548828125,0,,,,,,
0,neuron,2,,,"1,0,1,0",0.0,-1.071044921875,0.0,-1.071044921875,0,,,,,,
0,neuron,3,,,"1,0,1,0",0.0,-0.5419921875,0.0,-0.5419921875,0,,,,,,
0,neuron,4,,,"1,0,1,0",0.0,0.245361328125,0.0,0.245361328125,0,,,,,,
0,neuron,5,,,"1,0,1,0",0.0,1.001708984375,0.0,0.001708984375,1,,,,,,
0,neuron,6,,,"1,0,1,0",0.0,-0.65673828125,0.0,-0.65673828125,0,,,,,,
0,neuron,7,,,"1,0,1,0",0.0,-0.21630859375,0.0,-0.21630859375,0,,,,,,
0,readout,,0,0,"1,0,1,0",,,,,,-0.0302734375,-0.245849609375,0.00732421875,0.00732421875,0.13134765625,0.264404296875
0,readout,,0,1,"1,0,1,0",,,,,,-0.487548828125,0.25048828125,-0.1220703125,-0.11474609375,0.13134765625,0.264404296875
0,readout,,0,2,"1,0,1,0",,,,,,-1.071044921875,-0.015380859375,0.016357421875,-0.098388671875,0.13134765625,0.264404296875
0,readout,,0,3,"1,0,1,0",,,,,,-0.5419921875,-0.057373046875,0.031005859375,-0.0673828125,0.13134765625,0.264404296875
0,readout,,0,4,"1,0,1,0",,,,,,0.245361328125,0.0048828125,0.001220703125,-0.066162109375,0.13134765625,0.264404296875
0,readout,,0,5,"1,0,1,0",,,,,,0.001708984375,0.10595703125,0.000244140625,-0.06591796875,0.13134765625,0.264404296875
0,readout,,0,6,"1,0,1,0",,,,,,-0.65673828125,-0.00244140625,0.001708984375,-0.064208984375,0.13134765625,0.264404296875
0,readout,,0,7,"1,0,1,0",,,,,,-0.21630859375,0.31591796875,-0.068359375,-0.132568359375,0.13134765625,0.264404296875
0,readout,,0,8,"1,0,1,0",,,,,,0.25830078125,1.9990234375,0.516357421875,0.3837890625,0.13134765625,0.264404296875
0,readout,,0,9,"1,0,1,0",,,,,,0.129150390625,-1.9990234375,-0.258056640625,0.125732421875,0.13134765625,0.264404296875
0,readout,,0,10,"1,0,1,0",,,,,,1.0,0.005615234375,0.005615234375,0.13134765625,0.13134765625,0.264404296875
0,readout,,1,0,"1,0,1,0",,,,,,-0.0302734375,0.021240234375,-0.000732421875,-0.000732421875,0.13134765625,0.264404296875
0,readout,,1,1,"1,0,1,0",,,,,,-0.487548828125,-0.540771484375,0.263671875,0.262939453125,0.13134765625,0.264404296875
0,readout,,1,2,"1,0,1,0",,,,,,-1.071044921875,0.103271484375,-0.110595703125,0.15234375,0.13134765625,0.264404296875
0,readout,,1,3,"1,0,1,0",,,,,,-0.5419921875,0.0478515625,-0.02587890625,0.12646484375,0.13134765625,0.264404296875
0,readout,,1,4,"1,0,1,0",,,,,,0.245361328125,-0.000244140625,0.0,0.12646484375,0.13134765625,0.264404296875
0,readout,,1,5,"1,0,1,0",,,,,,0.001708984375,0.17724609375,0.000244140625,0.126708984375,0.13134765625,0.264404296875
0,readout,,1,6,"1,0,1,0",,,,,,-0.65673828125,-0.113525390625,0.074462890625,0.201171875,0.13134765625,0.264404296875
0,readout,,1,7,"1,0,1,0",,,,,,-0.21630859375,-0.090576171875,0.01953125,0.220703125,0.13134765625,0.264404296875
0,readout,,1,8,"1,0,1,0",,,,,,0.25830078125,0.736328125,0.190185546875,0.410888671875,0.13134765625,0.264404296875
0,readout,,1,9,"1,0,1,0",,,,,,0.129150390625,0.166015625,0.021484375,0.432373046875,0.13134765625,0.264404296875
0,readout,,1,10,"1,0,1,0",,,,,,1.0,-0.16796875,-0.16796875,0.264404296875,0.13134765625,0.264404296875
1,neuron,0,,,"0,0,0,1",-0.0263671875,-0.51318359375,0.0,-0.53955078125,0,,,,,,
1,neuron,1,,,"0,0,0,1",-0.426513671875,0.009033203125,0.0,-0.41748046875,0,,,,,,
1,neuron,2,,,"0,0,0,1",-0.937255859375,-0.4912109375,-0.0078125,-1.436279296875,0,,,,,,
1,neuron,3,,,"0,0,0,1",-0.47412109375,-0.33203125,0.0,-0.80615234375,0,,,,,,
1,neuron,4,,,"0,0,0,1",0.214599609375,-0.1240234375,0.14111328125,0.231689453125,0,,,,,,
1,neuron,5,,,"0,0,0,1",0.00146484375,-0.25244140625,0.0,-0.2509765625,0,,,,,,
1,neuron,6,,,"0,0,0,1",-0.57470703125,0.37939453125,0.0,-0.1953125,0,,,,,,
1,neuron,7,,,"0,0,0,1",-0.189208984375,-0.153076171875,0.0,-0.34228515625,0,,,,,,
1,readout,,0,0,"0,0,0,1",,,,,,-0.53955078125,-0.245849609375,0.132568359375,0.132568359375,0.364990234375,-0.040283203125
1,readout,,0,1,"0,0,0,1",,,,,,-0.41748046875,0.25048828125,-0.1044921875,0.028076171875,0.364990234375,-0.040283203125
1,readout,,0,2,"0,0,0,1",,,,,,-1.436279296875,-0.015380859375,0.02197265625,0.050048828125,0.364990234375,-0.040283203125
1,readout,,0,3,"0,0,0,1",,,,,,-0.80615234375,-0.057373046875,0.046142578125,0.09619140625,0.364990234375,-0.040283203125
1,readout,,0,4,"0,0,0,1",,,,,,0.231689453125,0.0048828125,0.001220703125,0.097412109375,0.364990234375,-0.040283203125
1,readout,,0,5,"0,0,0,1",,,,,,-0.2509765625,0.10595703125,-0.026611328125,0.07080078125,0.364990234375,-0.040283203125
1,readout,,0,6,"0,0,0,1",,,,,,-0.1953125,-0.00244140625,0.00048828125,0.0712890625,0.364990234375,-0.040283203125
1,readout,,0,7,"0,0,0,1",,,,,,-0.34228515625,0.31591796875,-0.108154296875,-0.036865234375,0.364990234375,-0.040283203125
1,readout,,0,8,"0,0,0,1",,,,,,0.137939453125,1.9990234375,0.275634765625,0.23876953125,0.364990234375,-0.040283203125
1,readout,,0,9,"0,0,0,1",,,,,,-0.060302734375,-1.9990234375,0.12060546875,0.359375,0.364990234375,-0.040283203125
1,readout,,0,10,"0,0,0,1",,,,,,1.0,0.005615234375,0.005615234375,0.364990234375,0.364990234375,-0.040283203125
1,readout,,1,0,"0,0,0,1",,,,,,-0.53955078125,0.021240234375,-0.011474609375,-0.011474609375,0.364990234375,-0.040283203125
1,readout,,1,1,"0,0,0,1",,,,,,-0.41748046875,-0.540771484375,0.225830078125,0.21435546875,0.364990234375,-0.040283203125
1,readout,,1,2,"0,0,0,1",,,,,,-1.436279296875,0.103271484375,-0.1484375,0.06591796875,0.364990234375,-0.040283203125
1,readout,,1,3,"0,0,0,1",,,,,,-0.80615234375,0.0478515625,-0.03857421875,0.02734375,0.364990234375,-0.040283203125
1,readout,,1,4,"0,0,0,1",,,,,,0.231689453125,-0.000244140625,0.0,0.02734375,0.364990234375,-0.040283203125
1,readout,,1,5,"0,0,0,1",,,,,,-0.2509765625,0.17724609375,-0.04443359375,-0.01708984375,0.364990234375,-0.040283203125
1,readout,,1,6,"0,0,0,1",,,,,,-0.1953125,-0.113525390625,0.022216796875,0.005126953125,0.364990234375,-0.040283203125
1,readout,,1,7,"0,0,0,1",,,,,,-0.34228515625,-0.090576171875,0.031005859375,0.0361328125,0.364990234375,-0.040283203125
1,readout,,1,8,"0,0,0,1",,,,,,0.137939453125,0.736328125,0.1015625,0.1376953125,0.364990234375,-0.040283203125
1,readout,,1,9,"0,0,0,1",,,,,,-0.060302734375,0.166015625,-0.010009765625,0.127685546875,0.364990234375,-0.040283203125
1,readout,,1,10,"0,0,0,1",,,,,,1.0,-0.16796875,-0.16796875,-0.040283203125,0.364990234375,-0.040283203125
2,neuron,0,,,"0,0,0,0",-0.47216796875,0.0,0.0,-0.47216796875,0,,,,,,
2,neuron,1,,,"0,0,0,0",-0.365234375,0.0,0.0,-0.365234375,0,,,,,,
2,neuron,2,,,"0,0,0,0",-1.2568359375,0.0,0.0,-1.2568359375,0,,,,,,
2,neuron,3,,,"0,0,0,0",-0.705322265625,0.0,0.0,-0.705322265625,0,,,,,,
2,neuron,4,,,"0,0,0,0",0.20263671875,0.0,0.0,0.20263671875,0,,,,,,
2,neuron,5,,,"0,0,0,0",-0.2197265625,0.0,0.0,-0.2197265625,0,,,,,,
2,neuron,6,,,"0,0,0,0",-0.1708984375,0.0,0.0,-0.1708984375,0,,,,,,
2,neuron,7,,,"0,0,0,0",-0.299560546875,0.0,0.0,-0.299560546875,0,,,,,,
2,readout,,0,0,"0,0,0,0",,,,,,-0.47216796875,-0.245849609375,0.115966796875,0.115966796875,0.30078125,0.007568359375
2,readout,,0,1,"0,0,0,0",,,,,,-0.365234375,0.25048828125,-0.091552734375,0.0244140625,0.30078125,0.007568359375
2,readout,,0,2,"0,0,0,0",,,,,,-1.2568359375,-0.015380859375,0.019287109375,0.043701171875,0.30078125,0.007568359375
2,readout,,0,3,"0,0,0,0",,,,,,-0.705322265625,-0.057373046875,0.04052734375,0.084228515625,0.30078125,0.007568359375
2,readout,,0,4,"0,0,0,0",,,,,,0.20263671875,0.0048828125,0.0009765625,0.085205078125,0.30078125,0.007568359375
2,readout,,0,5,"0,0,0,0",,,,,,-0.2197265625,0.10595703125,-0.023193359375,0.06201171875,0.30078125,0.007568359375
2,readout,,0,6,"0,0,0,0",,,,,,-0.1708984375,-0.00244140625,0.00048828125,0.0625,0.30078125,0.007568359375
2,readout,,0,7,"0,0,0,0",,,,,,-0.299560546875,0.31591796875,-0.0947265625,-0.0322265625,0.30078125,0.007568359375
2,readout,,0,8,"0,0,0,0",,,,,,0.18994140625,1.9990234375,0.379638671875,0.347412109375,0.30078125,0.007568359375
2,readout,,0,9,"0,0,0,0",,,,,,0.026123046875,-1.9990234375,-0.05224609375,0.295166015625,0.30078125,0.007568359375
2,readout,,0,10,"0,0,0,0",,,,,,1.0,0.005615234375,0.005615234375,0.30078125,0.30078125,0.007568359375
2,readout,,1,0,"0,0,0,0",,,,,,-0.47216796875,0.021240234375,-0.010009765625,-0.010009765625,0.30078125,0.007568359375
2,readout,,1,1,"0,0,0,0",,,,,,-0.365234375,-0.540771484375,0.197509765625,0.1875,0.30078125,0.007568359375
2,readout,,1,2,"0,0,0,0",,,,,,-1.2568359375,0.103271484375,-0.1298828125,0.0576171875,0.30078125,0.007568359375
2,readout,,1,3,"0,0,0,0",,,,,,-0.705322265625,0.0478515625,-0.03369140625,0.02392578125,0.30078125,0.007568359375
2,readout,,1,4,"0,0,0,0",,,,,,0.20263671875,-0.000244140625,0.0,0.02392578125,0.30078125,0.007568359375
2,readout,,1,5,"0,0,0,0",,,,,,-0.2197265625,0.17724609375,-0.0390625,-0.01513671875,0.30078125,0.007568359375
2,readout,,1,6,"0,0,0,0",,,,,,-0.1708984375,-0.113525390625,0.019287109375,0.004150390625,0.30078125,0.007568359375
2,readout,,1,7,"0,0,0,0",,,,,,-0.299560546875,-0.090576171875,0.027099609375,0.03125,0.30078125,0.007568359375
2,readout,,1,8,"0,0,0,0",,,,,,0.18994140625,0.736328125,0.139892578125,0.171142578125,0.30078125,0.007568359375
2,readout,,1,9,"0,0,0,0",,,,,,0.026123046875,0.166015625,0.00439453125,0.175537109375,0.30078125,0.007568359375
2,readout,,1,10,"0,0,0,0",,,,,,1.0,-0.16796875,-0.16796875,0.007568359375,0.30078125,0.007568359375
3,neuron,0,,,"1,0,0,0",-0.4130859375,-0.21142578125,0.0,-0.62451171875,0,,,,,,
3,neuron,1,,,"1,0,0,0",-0.319580078125,0.04296875,0.0,-0.276611328125,0,,,,,,
3,neuron,2,,,"1,0,0,0",-1.099609375,-0.554931640625,0.0,-1.654541015625,0,,,,,,
3,neuron,3,,,"1,0,0,0",-0.6171875,-0.090576171875,0.0,-0.707763671875,0,,,,,,
3,neuron,4,,,"1,0,0,0",0.17724609375,0.15283203125,0.0,0.330078125,0,,,,,,
3,neuron,5,,,"1,0,0,0",-0.1923828125,0.571533203125,0.0,0.379150390625,0,,,,,,
3,neuron,6,,,"1,0,0,0",-0.1494140625,-0.427001953125,0.0,-0.576416015625,0,,,,,,
3,neuron,7,,,"1,0,0,0",-0.26220703125,-0.383056640625,0.0,-0.645263671875,0,,,,,,
3,readout,,0,0,"1,0,0,0",,,,,,-0.62451171875,-0.245849609375,0.153564453125,0.153564453125,0.408203125,0.121826171875
3,readout,,0,1,"1,0,0,0",,,,,,-0.276611328125,0.25048828125,-0.0693359375,0.084228515625,0.408203125,0.121826171875
3,readout,,0,2,"1,0,0,0",,,,,,-1.654541015625,-0.015380859375,0.025390625,0.109619140625,0.408203125,0.121826171875
3,readout,,0,3,"1,0,0,0",,,,,,-0.707763671875,-0.057373046875,0.04052734375,0.150146484375,0.408203125,0.121826171875
3,readout,,0,4,"1,0,0,0",,,,,,0.330078125,0.0048828125,0.001708984375,0.15185546875,0.408203125,0.121826171875
3,readout,,0,5,"1,0,0,0",,,,,,0.379150390625,0.10595703125,0.040283203125,0.192138671875,0.408203125,0.121826171875
3,readout,,0,6,"1,0,0,0",,,,,,-0.576416015625,-0.00244140625,0.00146484375,0.193603515625,0.408203125,0.121826171875
3,readout,,0,7,"1,0,0,0",,,,,,-0.645263671875,0.31591796875,-0.203857421875,-0.01025390625,0.408203125,0.121826171875
3,readout,,0,8,"1,0,0,0",,,,,,0.223388671875,1.9990234375,0.446533203125,0.436279296875,0.408203125,0.121826171875
3,readout,,0,9,"1,0,0,0",,,,,,0.016845703125,-1.9990234375,-0.03369140625,0.402587890625,0.408203125,0.121826171875
3,readout,,0,10,"1,0,0,0",,,,,,1.0,0.005615234375,0.005615234375,0.408203125,0.408203125,0.121826171875
3,readout,,1,0,"1,0,0,0",,,,,,-0.62451171875,0.021240234375,-0.01318359375,-0.01318359375,0.408203125,0.121826171875
3,readout,,1,1,"1,0,0,0",,,,,,-0.276611328125,-0.540771484375,0.149658203125,0.136474609375,0.408203125,0.121826171875
3,readout,,1,2,"1,0,0,0",,,,,,-1.654541015625,0.103271484375,-0.1708984375,-0.034423828125,0.408203125,0.121826171875
3,readout,,1,3,"1,0,0,0",,,,,,-0.707763671875,0.0478515625,-0.033935546875,-0.068359375,0.408203125,0.121826171875
3,readout,,1,4,"1,0,0,0",,,,,,0.330078125,-0.000244140625,0.0,-0.068359375,0.408203125,0.121826171875
3,readout,,1,5,"1,0,0,0",,,,,,0.379150390625,0.17724609375,0.067138671875,-0.001220703125,0.408203125,0.121826171875
3,readout,,1,6,"1,0,0,0",,,,,,-0.576416015625,-0.113525390625,0.0654296875,0.064208984375,0.408203125,0.121826171875
3,readout,,1,7,"1,0,0,0",,,,,,-0.645263671875,-0.090576171875,0.058349609375,0.12255859375,0.408203125,0.121826171875
3,readout,,1,8,"1,0,0,0",,,,,,0.223388671875,0.736328125,0.16455078125,0.287109375,0.408203125,0.121826171875
3,readout,,1,9,"1,0,0,0",,,,,,0.016845703125,0.166015625,0.002685546875,0.289794921875,0.408203125,0.121826171875
3,readout,,1,10,"1,0,0,0",,,,,,1.0,-0.16796875,-0.16796875,0.121826171875,0.408203125,0.121826171875
4,neuron,0,,,"0,0,0,0",-0.54638671875,0.0,0.0,-0.54638671875,0,,,,,,
4,neuron,1,,,"0,0,0,0",-0.241943359375,0.0,0.0,-0.241943359375,0,,,,,,
4,neuron,2,,,"0,0,0,0",-1.44775390625,0.0,0.0,-1.44775390625,0,,,,,,
4,neuron,3,,,"0,0,0,0",-0.619384765625,0.0,0.0,-0.619384765625,0,,,,,,
4,neuron,4,,,"0,0,0,0",0.288818359375,0.0,0.0,0.288818359375,0,,,,,,
4,neuron,5,,,"0,0,0,0",0.331787109375,0.0,0.0,0.331787109375,0,,,,,,
4,neuron,6,,,"0,0,0,0",-0.50439453125,0.0,0.0,-0.50439453125,0,,,,,,
4,neuron,7,,,"0,0,0,0",-0.564697265625,0.0,0.0,-0.564697265625,0,,,,,,
4,readout,,0,0,"0,0,0,0",,,,,,-0.54638671875,-0.245849609375,0.13427734375,0.13427734375,0.407470703125,0.074951171875
4,readout,,0,1,"0,0,0,0",,,,,,-0.241943359375,0.25048828125,-0.060546875,0.07373046875,0.407470703125,0.074951171875
4,readout,,0,2,"0,0,0,0",,,,,,-1.44775390625,-0.015380859375,0.022216796875,0.095947265625,0.407470703125,0.074951171875
4,readout,,0,3,"0,0,0,0",,,,,,-0.619384765625,-0.057373046875,0.03564453125,0.131591796875,0.407470703125,0.074951171875
4,readout,,0,4,"0,0,0,0",,,,,,0.288818359375,0.0048828125,0.00146484375,0.133056640625,0.407470703125,0.074951171875
4,readout,,0,5,"0,0,0,0",,,,,,0.331787109375,0.10595703125,0.03515625,0.168212890625,0.407470703125,0.074951171875
4,readout,,0,6,"0,0,0,0",,,,,,-0.50439453125,-0.00244140625,0.001220703125,0.16943359375,0.407470703125,0.074951171875
4,readout,,0,7,"0,0,0,0",,,,,,-0.564697265625,0.31591796875,-0.178466796875,-0.009033203125,0.407470703125,0.074951171875
4,readout,,0,8,"0,0,0,0",,,,,,0.1875,1.9990234375,0.374755859375,0.36572265625,0.407470703125,0.074951171875
4,readout,,0,9,"0,0,0,0",,,,,,-0.01806640625,-1.9990234375,0.0361328125,0.40185546875,0.407470703125,0.074951171875
4,readout,,0,10,"0,0,0,0",,,,,,1.0,0.005615234375,0.005615234375,0.407470703125,0.407470703125,0.074951171875
4,readout,,1,0,"0,0,0,0",,,,,,-0.54638671875,0.021240234375,-0.01171875,-0.01171875,0.407470703125,0.074951171875
4,readout,,1,1,"0,0,0,0",,,,,,-0.241943359375,-0.540771484375,0.130859375,0.119140625,0.407470703125,0.074951171875
4,readout,,1,2,"0,0,0,0",,,,,,-1.44775390625,0.103271484375,-0.1494140625,-0.0302734375,0.407470703125,0.074951171875
4,readout,,1,3,"0,0,0,0",,,,,,-0.619384765625,0.0478515625,-0.029541015625,-0.059814453125,0.407470703125,0.074951171875
4,readout,,1,4,"0,0,0,0",,,,,,0.288818359375,-0.000244140625,0.0,-0.059814453125,0.407470703125,0.074951171875
4,readout,,1,5,"0,0,0,0",,,,,,0.331787109375,0.17724609375,0.058837890625,-0.0009765625,0.407470703125,0.074951171875
4,readout,,1,6,"0,0,0,0",,,,,,-0.50439453125,-0.113525390625,0.057373046875,0.056396484375,0.407470703125,0.074951171875
4,readout,,1,7,"0,0,0,0",,,,,,-0.564697265625,-0.090576171875,0.05126953125,0.107666015625,0.407470703125,0.074951171875
4,readout,,1,8,"0,0,0,0",,,,,,0.1875,0.736328125,0.13818359375,0.245849609375,0.407470703125,0.074951171875
4,readout,,1,9,"0,0,0,0",,,,,,-0.01806640625,0.166015625,-0.0029296875,0.242919921875,0.407470703125,0.074951171875
4,readout,,1,10,"0,0,0,0",,,,,,1.0,-0.16796875,-0.16796875,0.074951171875,0.407470703125,0.074951171875
5,neuron,0,,,"1,0,0,0",-0.47802734375,-0.21142578125,0.0,-0.689453125,0,,,,,,
5,neuron,1,,,"1,0,0,0",-0.211669921875,0.04296875,0.0,-0.168701171875,0,,,,,,
5,neuron,2,,,"1,0,0,0",-1.266845703125,-0.554931640625,0.0,-1.82177734375,0,,,,,,
5,neuron,3,,,"1,0,0,0",-0.5419921875,-0.090576171875,0.0,-0.632568359375,0,,,,,,
5,neuron,4,,,"1,0,0,0",0.252685546875,0.15283203125,0.0,0.405517578125,0,,,,,,
5,neuron,5,,,"1,0,0,0",0.290283203125,0.571533203125,0.0,0.86181640625,0,,,,,,
5,neuron,6,,,"1,0,0,0",-0.44140625,-0.427001953125,0.0,-0.868408203125,0,,,,,,
5,neuron,7,,,"1,0,0,0",-0.494140625,-0.383056640625,0.0,-0.877197265625,0,,,,,,
5,readout,,0,0,"1,0,0,0",,,,,,-0.689453125,-0.245849609375,0.16943359375,0.16943359375,0.440185546875,0.199951171875
5,readout,,0,1,"1,0,0,0",,,,,,-0.168701171875,0.25048828125,-0.042236328125,0.127197265625,0.440185546875,0.199951171875
5,readout,,0,2,"1,0,0,0",,,,,,-1.82177734375,-0.015380859375,0.028076171875,0.1552734375,0.440185546875,0.199951171875
5,readout,,0,3,"1,0,0,0",,,,,,-0.632568359375,-0.057373046875,0.036376953125,0.191650390625,0.440185546875,0.199951171875
5,readout,,0,4,"1,0,0,0",,,,,,0.405517578125,0.0048828125,0.001953125,0.193603515625,0.440185546875,0.199951171875
5,readout,,0,5,"1,0,0,0",,,,,,0.86181640625,0.10595703125,0.09130859375,0.284912109375,0.440185546875,0.199951171875
5,readout,,0,6,"1,0,0,0",,,,,,-0.868408203125,-0.00244140625,0.002197265625,0.287109375,0.440185546875,0.199951171875
5,readout,,0,7,"1,0,0,0",,,,,,-0.877197265625,0.31591796875,-0.277099609375,0.010009765625,0.440185546875,0.199951171875
5,readout,,0,8,"1,0,0,0",,,,,,0.2373046875,1.9990234375,0.474365234375,0.484375,0.440185546875,0.199951171875
5,readout,,0,9,"1,0,0,0",,,,,,0.02490234375,-1.9990234375,-0.0498046875,0.4345703125,0.440185546875,0.199951171875
5,readout,,0,10,"1,0,0,0",,,,,,1.0,0.005615234375,0.005615234375,0.440185546875,0.440185546875,0.199951171875
5,readout,,1,0,"1,0,0,0",,,,,,-0.689453125,0.021240234375,-0.0146484375,-0.0146484375,0.440185546875,0.199951171875
5,readout,,1,1,"1,0,0,0",,,,,,-0.168701171875,-0.540771484375,0.09130859375,0.07666015625,0.440185546875,0.199951171875
5,readout,,1,2,"1,0,0,0",,,,,,-1.82177734375,0.103271484375,-0.188232421875,-0.111572265625,0.440185546875,0.199951171875
5,readout,,1,3,"1,0,0,0",,,,,,-0.632568359375,0.0478515625,-0.0302734375,-0.141845703125,0.440185546875,0.199951171875
5,readout,,1,4,"1,0,0,0",,,,,,0.405517578125,-0.000244140625,0.0,-0.141845703125,0.440185546875,0.199951171875
5,readout,,1,5,"1,0,0,0",,,,,,0.86181640625,0.17724609375,0.15283203125,0.010986328125,0.440185546875,0.199951171875
5,readout,,1,6,"1,0,0,0",,,,,,-0.868408203125,-0.113525390625,0.0986328125,0.109619140625,0.440185546875,0.199951171875
5,readout,,1,7,"1,0,0,0",,,,,,-0.877197265625,-0.090576171875,0.079345703125,0.18896484375,0.440185546875,0.199951171875
5,readout,,1,8,"1,0,0,0",,,,,,0.2373046875,0.736328125,0.1748046875,0.36376953125,0.440185546875,0.199951171875
5,readout,,1,9,"1,0,0,0",,,,,,0.02490234375,0.166015625,0.004150390625,0.367919921875,0.440185546875,0.199951171875
5,readout,,1,10,"1,0,0,0",,,,,,1.0,-0.16796875,-0.16796875,0.199951171875,0.440185546875,0.199951171875
6,neuron,0,,,"1,0,0,0",-0.603271484375,-0.21142578125,0.0,-0.814697265625,0,,,,,,
6,neuron,1,,,"1,0,0,0",-0.147705078125,0.04296875,0.0,-0.104736328125,0,,,,,,
6,neuron,2,,,"1,0,0,0",-1.593994140625,-0.554931640625,0.0,-2.14892578125,0,,,,,,
6,neuron,3,,,"1,0,0,0",-0.553466796875,-0.090576171875,0.0,-0.64404296875,0,,,,,,
6,neuron,4,,,"1,0,0,0",0.354736328125,0.15283203125,0.0,0.507568359375,0,,,,,,
6,neuron,5,,,"1,0,0,0",0.754150390625,0.571533203125,0.0,0.32568359375,1,,,,,,
6,neuron,6,,,"1,0,0,0",-0.759765625,-0.427001953125,0.0,-1.186767578125,0,,,,,,
6,neuron,7,,,"1,0,0,0",-0.767578125,-0.383056640625,0.0,-1.150634765625,0,,,,,,
6,readout,,0,0,"1,0,0,0",,,,,,-0.814697265625,-0.245849609375,0.2001953125,0.2001953125,0.384521484375,0.0771484375
6,readout,,0,1,"1,0,0,0",,,,,,-0.104736328125,0.25048828125,-0.026123046875,0.174072265625,0.384521484375,0.0771484375
6,readout,,0,2,"1,0,0,0",,,,,,-2.14892578125,-0.015380859375,0.032958984375,0.20703125,0.384521484375,0.0771484375
6,readout,,0,3,"1,0,0,0",,,,,,-0.64404296875,-0.057373046875,0.036865234375,0.243896484375,0.384521484375,0.0771484375
6,readout,,0,4,"1,0,0,0",,,,,,0.507568359375,0.0048828125,0.00244140625,0.246337890625,0.384521484375,0.0771484375
6,readout,,0,5,"1,0,0,0",,,,,,0.32568359375,0.10595703125,0.034423828125,0.28076171875,0.384521484375,0.0771484375
6,readout,,0,6,"1,0,0,0",,,,,,-1.186767578125,-0.00244140625,0.0029296875,0.28369140625,0.384521484375,0.0771484375
6,readout,,0,7,"1,0,0,0",,,,,,-1.150634765625,0.31591796875,-0.363525390625,-0.079833984375,0.384521484375,0.0771484375
6,readout,,0,8,"1,0,0,0",,,,,,0.2216796875,1.9990234375,0.443115234375,0.36328125,0.384521484375,0.0771484375
6,readout,,0,9,"1,0,0,0",,,,,,-0.0078125,-1.9990234375,0.015625,0.37890625,0.384521484375,0.0771484375
6,readout,,0,10,"1,0,0,0",,,,,,1.0,0.005615234375,0.005615234375,0.384521484375,0.384521484375,0.0771484375
6,readout,,1,0,"1,0,0,0",,,,,,-0.814697265625,0.021240234375,-0.017333984375,-0.017333984375,0.384521484375,0.0771484375
6,readout,,1,1,"1,0,0,0",,,,,,-0.104736328125,-0.540771484375,0.056640625,0.039306640625,0.384521484375,0.0771484375
6,readout,,1,2,"1,0,0,0",,,,,,-2.14892578125,0.103271484375,-0.221923828125,-0.1826171875,0.384521484375,0.0771484375
6,readout,,1,3,"1,0,0,0",,,,,,-0.64404296875,0.0478515625,-0.03076171875,-0.21337890625,0.384521484375,0.0771484375
6,readout,,1,4,"1,0,0,0",,,,,,0.507568359375,-0.000244140625,-0.000244140625,-0.213623046875,0.384521484375,0.0771484375
6,readout,,1,5,"1,0,0,0",,,,,,0.32568359375,0.17724609375,0.0576171875,-0.156005859375,0.384521484375,0.0771484375
6,readout,,1,6,"1,0,0,0",,,,,,-1.186767578125,-0.113525390625,0.134765625,-0.021240234375,0.384521484375,0.0771484375
6,readout,,1,7,"1,0,0,0",,,,,,-1.150634765625,-0.090576171875,0.104248046875,0.0830078125,0.384521484375,0.0771484375
6,readout,,1,8,"1,0,0,0",,,,,,0.2216796875,0.736328125,0.163330078125,0.246337890625,0.384521484375,0.0771484375
6,readout,,1,9,"1,0,0,0",,,,,,-0.0078125,0.166015625,-0.001220703125,0.2451171875,0.384521484375,0.0771484375
6,readout,,1,10,"1,0,0,0",,,,,,1.0,-0.16796875,-0.16796875,0.0771484375,0.384521484375,0.0771484375
7,neuron,0,,,"1,0,0,0",-0.712890625,-0.21142578125,0.0,-0.92431640625,0,,,,,,
7,neuron,1,,,"1,0,0,0",-0.091552734375,0.04296875,0.0,-0.048583984375,0,,,,,,
7,neuron,2,,,"1,0,0,0",-1.88037109375,-0.554931640625,-0.0078125,-2.443115234375,0,,,,,,
7,neuron,3,,,"1,0,0,0",-0.5634765625,-0.090576171875,0.0,-0.654052734375,0,,,,,,
7,neuron,4,,,"1,0,0,0",0.444091796875,0.15283203125,0.14111328125,0.738037109375,0,,,,,,
7,neuron,5,,,"1,0,0,0",0.284912109375,0.571533203125,0.0,0.8564453125,0,,,,,,
7,neuron,6,,,"1,0,0,0",-1.038330078125,-0.427001953125,0.0,-1.46533203125,0,,,,,,
7,neuron,7,,,"1,0,0,0",-1.0068359375,-0.383056640625,0.0,-1.389892578125,0,,,,,,
7,readout,,0,0,"1,0,0,0",,,,,,-0.92431640625,-0.245849609375,0.227294921875,0.227294921875,0.3916015625,0.157470703125
7,readout,,0,1,"1,0,0,0",,,,,,-0.048583984375,0.25048828125,-0.01220703125,0.215087890625,0.3916015625,0.157470703125
7,readout,,0,2,"1,0,0,0",,,,,,-2.443115234375,-0.015380859375,0.03759765625,0.252685546875,0.3916015625,0.157470703125
7,readout,,0,3,"1,0,0,0",,,,,,-0.654052734375,-0.057373046875,0.03759765625,0.290283203125,0.3916015625,0.157470703125
7,readout,,0,4,"1,0,0,0",,,,,,0.738037109375,0.0048828125,0.003662109375,0.2939453125,0.3916015625,0.157470703125
7,readout,,0,5,"1,0,0,0",,,,,,0.8564453125,0.10595703125,0.0908203125,0.384765625,0.3916015625,0.157470703125
7,readout,,0,6,"1,0,0,0",,,,,,-1.46533203125,-0.00244140625,0.003662109375,0.388427734375,0.3916015625,0.157470703125
7,readout,,0,7,"1,0,0,0",,,,,,-1.389892578125,0.31591796875,-0.439208984375,-0.05078125,0.3916015625,0.157470703125
7,readout,,0,8,"1,0,0,0",,,,,,0.215576171875,1.9990234375,0.430908203125,0.380126953125,0.3916015625,0.157470703125
7,readout,,0,9,"1,0,0,0",,,,,,-0.0029296875,-1.9990234375,0.005859375,0.385986328125,0.3916015625,0.157470703125
7,readout,,0,10,"1,0,0,0",,,,,,1.0,0.005615234375,0.005615234375,0.3916015625,0.3916015625,0.157470703125
7,readout,,1,0,"1,0,0,0",,,,,,-0.92431640625,0.021240234375,-0.01953125,-0.01953125,0.3916015625,0.157470703125
7,readout,,1,1,"1,0,0,0",,,,,,-0.048583984375,-0.540771484375,0.0263671875,0.0068359375,0.3916015625,0.157470703125
7,readout,,1,2,"1,0,0,0",,,,,,-2.443115234375,0.103271484375,-0.252197265625,-0.245361328125,0.3916015625,0.157470703125
7,readout,,1,3,"1,0,0,0",,,,,,-0.654052734375,0.0478515625,-0.03125,-0.276611328125,0.3916015625,0.157470703125
7,readout,,1,4,"1,0,0,0",,,,,,0.738037109375,-0.000244140625,-0.000244140625,-0.27685546875,0.3916015625,0.157470703125
7,readout,,1,5,"1,0,0,0",,,,,,0.8564453125,0.17724609375,0.15185546875,-0.125,0.3916015625,0.157470703125
7,readout,,1,6,"1,0,0,0",,,,,,-1.46533203125,-0.113525390625,0.166259765625,0.041259765625,0.3916015625,0.157470703125
7,readout,,1,7,"1,0,0,0",,,,,,-1.389892578125,-0.090576171875,0.1259765625,0.167236328125,0.3916015625,0.157470703125
7,readout,,1,8,"1,0,0,0",,,,,,0.215576171875,0.736328125,0.15869140625,0.325927734375,0.3916015625,0.157470703125
7,readout,,1,9,"1,0,0,0",,,,,,-0.0029296875,0.166015625,-0.00048828125,0.325439453125,0.3916015625,0.157470703125
7,readout,,1,10,"1,0,0,0",,,,,,1.0,-0.16796875,-0.16796875,0.157470703125,0.3916015625,0.157470703125
8,neuron,0,,,"1,0,0,0",-0.808837890625,-0.21142578125,0.0,-1.020263671875,0,,,,,,
8,neuron,1,,,"1,0,0,0",-0.04248046875,0.04296875,0.0,0.00048828125,0,,,,,,
8,neuron,2,,,"1,0,0,0",-2.1376953125,-0.554931640625,0.0,-2.692626953125,0,,,,,,
8,neuron,3,,,"1,0,0,0",-0.572265625,-0.090576171875,0.0,-0.662841796875,0,,,,,,
8,neuron,4,,,"1,0,0,0",0.645751953125,0.15283203125,0.0,0.798583984375,0,,,,,,
8,neuron,5,,,"1,0,0,0",0.74951171875,0.571533203125,0.0,0.321044921875,1,,,,,,
8,neuron,6,,,"1,0,0,0",-1.2822265625,-0.427001953125,0.0,-1.709228515625,0,,,,,,
8,neuron,7,,,"1,0,0,0",-1.216064453125,-0.383056640625,0.0,-1.59912109375,0,,,,,,
8,readout,,0,0,"1,0,0,0",,,,,,-1.020263671875,-0.245849609375,0.250732421875,0.250732421875,0.299560546875,0.05126953125
8,readout,,0,1,"1,0,0,0",,,,,,0.00048828125,0.25048828125,0.000244140625,0.2509765625,0.299560546875,0.05126953125
8,readout,,0,2,"1,0,0,0",,,,,,-2.692626953125,-0.015380859375,0.04150390625,0.29248046875,0.299560546875,0.05126953125
8,readout,,0,3,"1,0,0,0",,,,,,-0.662841796875,-0.057373046875,0.0380859375,0.33056640625,0.299560546875,0.05126953125
8,readout,,0,4,"1,0,0,0",,,,,,0.798583984375,0.0048828125,0.00390625,0.33447265625,0.299560546875,0.05126953125
8,readout,,0,5,"1,0,0,0",,,,,,0.321044921875,0.10595703125,0.033935546875,0.368408203125,0.299560546875,0.05126953125
8,readout,,0,6,"1,0,0,0",,,,,,-1.709228515625,-0.00244140625,0.004150390625,0.37255859375,0.299560546875,0.05126953125
8,readout,,0,7,"1,0,0,0",,,,,,-1.59912109375,0.31591796875,-0.505126953125,-0.132568359375,0.299560546875,0.05126953125
8,readout,,0,8,"1,0,0,0",,,,,,0.21142578125,1.9990234375,0.422607421875,0.2900390625,0.299560546875,0.05126953125
8,readout,,0,9,"1,0,0,0",,,,,,-0.001953125,-1.9990234375,0.00390625,0.2939453125,0.299560546875,0.05126953125
8,readout,,0,10,"1,0,0,0",,,,,,1.0,0.005615234375,0.005615234375,0.299560546875,0.299560546875,0.05126953125
8,readout,,1,0,"1,0,0,0",,,,,,-1.020263671875,0.021240234375,-0.021728515625,-0.021728515625,0.299560546875,0.05126953125
8,readout,,1,1,"1,0,0,0",,,,,,0.00048828125,-0.540771484375,-0.000244140625,-0.02197265625,0.299560546875,0.05126953125
8,readout,,1,2,"1,0,0,0",,,,,,-2.692626953125,0.103271484375,-0.278076171875,-0.300048828125,0.299560546875,0.05126953125
8,readout,,1,3,"1,0,0,0",,,,,,-0.662841796875,0.0478515625,-0.03173828125,-0.331787109375,0.299560546875,0.05126953125
8,readout,,1,4,"1,0,0,0",,,,,,0.798583984375,-0.000244140625,-0.000244140625,-0.33203125,0.299560546875,0.05126953125
8,readout,,1,5,"1,0,0,0",,,,,,0.321044921875,0.17724609375,0.056884765625,-0.275146484375,0.299560546875,0.05126953125
8,readout,,1,6,"1,0,0,0",,,,,,-1.709228515625,-0.113525390625,0.194091796875,-0.0810546875,0.299560546875,0.05126953125
8,readout,,1,7,"1,0,0,0",,,,,,-1.59912109375,-0.090576171875,0.144775390625,0.063720703125,0.299560546875,0.05126953125
8,readout,,1,8,"1,0,0,0",,,,,,0.21142578125,0.736328125,0.15576171875,0.219482421875,0.299560546875,0.05126953125
8,readout,,1,9,"1,0,0,0",,,,,,-0.001953125,0.166015625,-0.000244140625,0.21923828125,0.299560546875,0.05126953125
8,readout,,1,10,"1,0,0,0",,,,,,1.0,-0.16796875,-0.16796875,0.05126953125,0.299560546875,0.05126953125
9,neuron,0,,,"1,0,0,0",-0.892822265625,-0.21142578125,0.0,-1.104248046875,0,,,,,,
9,neuron,1,,,"1,0,0,0",0.00048828125,0.04296875,0.0,0.04345703125,0,,,,,,
9,neuron,2,,,"1,0,0,0",-2.35595703125,-0.554931640625,-0.0078125,-2.918701171875,0,,,,,,
9,neuron,3,,,"1,0,0,0",-0.580078125,-0.090576171875,0.0,-0.670654296875,0,,,,,,
9,neuron,4,,,"1,0,0,0",0.69873046875,0.15283203125,0.14111328125,0.99267578125,0,,,,,,
9,neuron,5,,,"1,0,0,0",0.281005859375,0.571533203125,0.0,0.8525390625,0,,,,,,
9,neuron,6,,,"1,0,0,0",-1.49560546875,-0.427001953125,0.0,-1.922607421875,0,,,,,,
9,neuron,7,,,"1,0,0,0",-1.399169921875,-0.383056640625,0.0,-1.7822265625,0,,,,,,
9,readout,,0,0,"1,0,0,0",,,,,,-1.104248046875,-0.245849609375,0.271484375,0.271484375,0.38623046875,0.182861328125
9,readout,,0,1,"1,0,0,0",,,,,,0.04345703125,0.25048828125,0.010986328125,0.282470703125,0.38623046875,0.182861328125
9,readout,,0,2,"1,0,0,0",,,,,,-2.918701171875,-0.015380859375,0.044921875,0.327392578125,0.38623046875,0.182861328125
9,readout,,0,3,"1,0,0,0",,,,,,-0.670654296875,-0.057373046875,0.03857421875,0.365966796875,0.38623046875,0.182861328125
9,readout,,0,4,"1,0,0,0",,,,,,0.99267578125,0.0048828125,0.0048828125,0.370849609375,0.38623046875,0.182861328125
9,readout,,0,5,"1,0,0,0",,,,,,0.8525390625,0.10595703125,0.09033203125,0.461181640625,0.38623046875,0.182861328125
9,readout,,0,6,"1,0,0,0",,,,,,-1.922607421875,-0.00244140625,0.004638671875,0.4658203125,0.38623046875,0.182861328125
9,readout,,0,7,"1,0,0,0",,,,,,-1.7822265625,0.31591796875,-0.56298828125,-0.09716796875,0.38623046875,0.182861328125
9,readout,,0,8,"1,0,0,0",,,,,,0.266357421875,1.9990234375,0.532470703125,0.435302734375,0.38623046875,0.182861328125
9,readout,,0,9,"1,0,0,0",,,,,,0.02734375,-1.9990234375,-0.0546875,0.380615234375,0.38623046875,0.182861328125
9,readout,,0,10,"1,0,0,0",,,,,,1.0,0.005615234375,0.005615234375,0.38623046875,0.38623046875,0.182861328125
9,readout,,1,0,"1,0,0,0",,,,,,-1.104248046875,0.021240234375,-0.0234375,-0.0234375,0.38623046875,0.182861328125
9,readout,,1,1,"1,0,0,0",,,,,,0.04345703125,-0.540771484375,-0.0234375,-0.046875,0.38623046875,0.182861328125
9,readout,,1,2,"1,0,0,0",,,,,,-2.918701171875,0.103271484375,-0.301513671875,-0.348388671875,0.38623046875,0.182861328125
9,readout,,1,3,"1,0,0,0",,,,,,-0.670654296875,0.0478515625,-0.031982421875,-0.38037109375,0.38623046875,0.182861328125
9,readout,,1,4,"1,0,0,0",,,,,,0.99267578125,-0.000244140625,-0.000244140625,-0.380615234375,0.38623046875,0.182861328125
9,readout,,1,5,"1,0,0,0",,,,,,0.8525390625,0.17724609375,0.151123046875,-0.2294921875,0.38623046875,0.182861328125
9,readout,,1,6,"1,0,0,0",,,,,,-1.922607421875,-0.113525390625,0.21826171875,-0.01123046875,0.38623046875,0.182861328125
9,readout,,1,7,"1,0,0,0",,,,,,-1.7822265625,-0.090576171875,0.161376953125,0.150146484375,0.38623046875,0.182861328125
9,readout,,1,8,"1,0,0,0",,,,,,0.266357421875,0.736328125,0.196044921875,0.34619140625,0.38623046875,0.182861328125
9,readout,,1,9,"1,0,0,0",,,,,,0.02734375,0.166015625,0.004638671875,0.350830078125,0.38623046875,0.182861328125
9,readout,,1,10,"1,0,0,0",,,,,,1.0,-0.16796875,-0.16796875,0.182861328125,0.38623046875,0.182861328125
10,neuron,0,,,"1,0,0,0",-0.96630859375,-0.21142578125,0.0,-1.177734375,0,,,,,,
10,neuron,1,,,"1,0,0,0",0.0380859375,0.04296875,0.0,0.0810546875,0,,,,,,
10,neuron,2,,,"1,0,0,0",-2.553955078125,-0.554931640625,0.0,-3.10888671875,0,,,,,,
10,neuron,3,,,"1,0,0,0",-0.5869140625,-0.090576171875,0.0,-0.677490234375,0,,,,,,
10,neuron,4,,,"1,0,0,0",0.86865234375,0.15283203125,0.0,0.021484375,1,,,,,,
10,neuron,5,,,"1,0,0,0",0.74609375,0.571533203125,0.0,0.317626953125,1,,,,,,
10,neuron,6,,,"1,0,0,0",-1.682373046875,-0.427001953125,0.0,-2.109375,0,,,,,,
10,neuron,7,,,"1,0,0,0",-1.5595703125,-0.383056640625,0.0,-1.942626953125,0,,,,,,
10,readout,,0,0,"1,0,0,0",,,,,,-1.177734375,-0.245849609375,0.28955078125,0.28955078125,0.339599609375,0.06103515625
10,readout,,0,1,"1,0,0,0",,,,,,0.0810546875,0.25048828125,0.020263671875,0.309814453125,0.339599609375,0.06103515625
10,readout,,0,2,"1,0,0,0",,,,,,-3.10888671875,-0.015380859375,0.0478515625,0.357666015625,0.339599609375,0.06103515625
10,readout,,0,3,"1,0,0,0",,,,,,-0.677490234375,-0.057373046875,0.038818359375,0.396484375,0.339599609375,0.06103515625
10,readout,,0,4,"1,0,0,0",,,,,,0.021484375,0.0048828125,0.0,0.396484375,0.339599609375,0.06103515625
10,readout,,0,5,"1,0,0,0",,,,,,0.317626953125,0.10595703125,0.03369140625,0.43017578125,0.339599609375,0.06103515625
10,readout,,0,6,"1,0,0,0",,,,,,-2.109375,-0.00244140625,0.005126953125,0.435302734375,0.339599609375,0.06103515625
10,readout,,0,7,"1,0,0,0",,,,,,-1.942626953125,0.31591796875,-0.61376953125,-0.178466796875,0.339599609375,0.06103515625
10,readout,,0,8,"1,0,0,0",,,,,,0.24609375,1.9990234375,0.491943359375,0.3134765625,0.339599609375,0.06103515625
10,readout,,0,9,"1,0,0,0",,,,,,-0.01025390625,-1.9990234375,0.0205078125,0.333984375,0.339599609375,0.06103515625
10,readout,,0,10,"1,0,0,0",,,,,,1.0,0.005615234375,0.005615234375,0.339599609375,0.339599609375,0.06103515625
10,readout,,1,0,"1,0,0,0",,,,,,-1.177734375,0.021240234375,-0.02490234375,-0.02490234375,0.339599609375,0.06103515625
10,readout,,1,1,"1,0,0,0",,,,,,0.0810546875,-0.540771484375,-0.0439453125,-0.06884765625,0.339599609375,0.06103515625
10,readout,,1,2,"1,0,0,0",,,,,,-3.10888671875,0.103271484375,-0.321044921875,-0.389892578125,0.339599609375,0.06103515625
10,readout,,1,3,"1,0,0,0",,,,,,-0.677490234375,0.0478515625,-0.032470703125,-0.42236328125,0.339599609375,0.06103515625
10,readout,,1,4,"1,0,0,0",,,,,,0.021484375,-0.000244140625,0.0,-0.42236328125,0.339599609375,0.06103515625
10,readout,,1,5,"1,0,0,0",,,,,,0.317626953125,0.17724609375,0.056396484375,-0.365966796875,0.339599609375,0.06103515625
10,readout,,1,6,"1,0,0,0",,,,,,-2.109375,-0.113525390625,0.239501953125,-0.12646484375,0.339599609375,0.06103515625
10,readout,,1,7,"1,0,0,0",,,,,,-1.942626953125,-0.090576171875,0.176025390625,0.049560546875,0.339599609375,0.06103515625
10,readout,,1,8,"1,0,0,0",,,,,,0.24609375,0.736328125,0.18115234375,0.230712890625,0.339599609375,0.06103515625
10,readout,,1,9,"1,0,0,0",,,,,,-0.01025390625,0.166015625,-0.001708984375,0.22900390625,0.339599609375,0.06103515625
10,readout,,1,10,"1,0,0,0",,,,,,1.0,-0.16796875,-0.16796875,0.06103515625,0.339599609375,0.06103515625
11,neuron,0,,,"0,0,0,1",-1.030517578125,-0.51318359375,0.0,-1.543701171875,0,,,,,,
11,neuron,1,,,"0,0,0,1",0.07080078125,0.009033203125,0.052001953125,0.1318359375,0,,,,,,
11,neuron,2,,,"0,0,0,1",-2.72021484375,-0.4912109375,-0.0078125,-3.21923828125,0,,,,,,
11,neuron,3,,,"0,0,0,1",-0.5927734375,-0.33203125,0.0,-0.9248046875,0,,,,,,
11,neuron,4,,,"0,0,0,1",0.018798828125,-0.1240234375,0.14111328125,0.035888671875,0,,,,,,
11,neuron,5,,,"0,0,0,1",0.27783203125,-0.25244140625,-0.02685546875,-0.00146484375,0,,,,,,
11,neuron,6,,,"0,0,0,1",-1.845703125,0.37939453125,0.0,-1.46630859375,0,,,,,,
11,neuron,7,,,"0,0,0,1",-1.69970703125,-0.153076171875,0.0,-1.852783203125,0,,,,,,
11,readout,,0,0,"0,0,0,1",,,,,,-1.543701171875,-0.245849609375,0.379638671875,0.379638671875,0.349365234375,-0.200439453125
11,readout,,0,1,"0,0,0,1",,,,,,0.1318359375,0.25048828125,0.032958984375,0.41259765625,0.349365234375,-0.200439453125
11,readout,,0,2,"0,0,0,1",,,,,,-3.21923828125,-0.015380859375,0.049560546875,0.462158203125,0.349365234375,-0.200439453125
11,readout,,0,3,"0,0,0,1",,,,,,-0.9248046875,-0.057373046875,0.052978515625,0.51513671875,0.349365234375,-0.200439453125
11,readout,,0,4,"0,0,0,1",,,,,,0.035888671875,0.0048828125,0.000244140625,0.515380859375,0.349365234375,-0.200439453125
11,readout,,0,5,"0,0,0,1",,,,,,-0.00146484375,0.10595703125,-0.000244140625,0.51513671875,0.349365234375,-0.200439453125
11,readout,,0,6,"0,0,0,1",,,,,,-1.46630859375,-0.00244140625,0.003662109375,0.518798828125,0.349365234375,-0.200439453125
11,readout,,0,7,"0,0,0,1",,,,,,-1.852783203125,0.31591796875,-0.58544921875,-0.066650390625,0.349365234375,-0.200439453125
11,readout,,0,8,"0,0,0,1",,,,,,0.16455078125,1.9990234375,0.328857421875,0.26220703125,0.349365234375,-0.200439453125
11,readout,,0,9,"0,0,0,1",,,,,,-0.040771484375,-1.9990234375,0.08154296875,0.34375,0.349365234375,-0.200439453125
11,readout,,0,10,"0,0,0,1",,,,,,1.0,0.005615234375,0.005615234375,0.349365234375,0.349365234375,-0.200439453125
11,readout,,1,0,"0,0,0,1",,,,,,-1.543701171875,0.021240234375,-0.03271484375,-0.03271484375,0.349365234375,-0.200439453125
11,readout,,1,1,"0,0,0,1",,,,,,0.1318359375,-0.540771484375,-0.0712890625,-0.10400390625,0.349365234375,-0.200439453125
11,readout,,1,2,"0,0,0,1",,,,,,-3.21923828125,0.103271484375,-0.33251953125,-0.4365234375,0.349365234375,-0.200439453125
11,readout,,1,3,"0,0,0,1",,,,,,-0.9248046875,0.0478515625,-0.044189453125,-0.480712890625,0.349365234375,-0.200439453125
11,readout,,1,4,"0,0,0,1",,,,,,0.035888671875,-0.000244140625,0.0,-0.480712890625,0.349365234375,-0.200439453125
11,readout,,1,5,"0,0,0,1",,,,,,-0.00146484375,0.17724609375,-0.000244140625,-0.48095703125,0.349365234375,-0.200439453125
11,readout,,1,6,"0,0,0,1",,,,,,-1.46630859375,-0.113525390625,0.16650390625,-0.314453125,0.349365234375,-0.200439453125
11,readout,,1,7,"0,0,0,1",,,,,,-1.852783203125,-0.090576171875,0.167724609375,-0.146728515625,0.349365234375,-0.200439453125
11,readout,,1,8,"0,0,0,1",,,,,,0.16455078125,0.736328125,0.12109375,-0.025634765625,0.349365234375,-0.200439453125
11,readout,,1,9,"0,0,0,1",,,,,,-0.040771484375,0.166015625,-0.0068359375,-0.032470703125,0.349365234375,-0.200439453125
11,readout,,1,10,"0,0,0,1",,,,,,1.0,-0.16796875,-0.16796875,-0.200439453125,0.349365234375,-0.200439453125
12,neuron,0,,,"1,0,0,0",-1.350830078125,-0.21142578125,0.0,-1.562255859375,0,,,,,,
12,neuron,1,,,"1,0,0,0",0.115234375,0.04296875,0.0,0.158203125,0,,,,,,
12,neuron,2,,,"1,0,0,0",-2.81689453125,-0.554931640625,0.0,-3.371826171875,0,,,,,,
12,neuron,3,,,"1,0,0,0",-0.80908203125,-0.090576171875,0.0,-0.899658203125,0,,,,,,
12,neuron,4,,,"1,0,0,0",0.031494140625,0.15283203125,0.0,0.184326171875,0,,,,,,
12,neuron,5,,,"1,0,0,0",-0.001220703125,0.571533203125,0.0,0.5703125,0,,,,,,
12,neuron,6,,,"1,0,0,0",-1.282958984375,-0.427001953125,0.0,-1.7099609375,0,,,,,,
12,neuron,7,,,"1,0,0,0",-1.62109375,-0.383056640625,0.0,-2.004150390625,0,,,,,,
12,readout,,0,0,"1,0,0,0",,,,,,-1.562255859375,-0.245849609375,0.384033203125,0.384033203125,0.3701171875,-0.01708984375
12,readout,,0,1,"1,0,0,0",,,,,,0.158203125,0.25048828125,0.03955078125,0.423583984375,0.3701171875,-0.01708984375
12,readout,,0,2,"1,0,0,0",,,,,,-3.371826171875,-0.015380859375,0.0517578125,0.475341796875,0.3701171875,-0.01708984375
12,readout,,0,3,"1,0,0,0",,,,,,-0.899658203125,-0.057373046875,0.051513671875,0.52685546875,0.3701171875,-0.01708984375
12,readout,,0,4,"1,0,0,0",,,,,,0.184326171875,0.0048828125,0.0009765625,0.52783203125,0.3701171875,-0.01708984375
12,readout,,0,5,"1,0,0,0",,,,,,0.5703125,0.10595703125,0.060546875,0.58837890625,0.3701171875,-0.01708984375
12,readout,,0,6,"1,0,0,0",,,,,,-1.7099609375,-0.00244140625,0.004150390625,0.592529296875,0.3701171875,-0.01708984375
12,readout,,0,7,"1,0,0,0",,,,,,-2.004150390625,0.31591796875,-0.633056640625,-0.04052734375,0.3701171875,-0.01708984375
12,readout,,0,8,"1,0,0,0",,,,,,0.240966796875,1.9990234375,0.481689453125,0.441162109375,0.3701171875,-0.01708984375
12,readout,,0,9,"1,0,0,0",,,,,,0.038330078125,-1.9990234375,-0.07666015625,0.364501953125,0.3701171875,-0.01708984375
12,readout,,0,10,"1,0,0,0",,,,,,1.0,0.005615234375,0.005615234375,0.3701171875,0.3701171875,-0.01708984375
12,readout,,1,0,"1,0,0,0",,,,,,-1.562255859375,0.021240234375,-0.033203125,-0.033203125,0.3701171875,-0.01708984375
12,readout,,1,1,"1,0,0,0",,,,,,0.158203125,-0.540771484375,-0.08544921875,-0.11865234375,0.3701171875,-0.01708984375
12,readout,,1,2,"1,0,0,0",,,,,,-3.371826171875,0.103271484375,-0.34814453125,-0.466796875,0.3701171875,-0.01708984375
12,readout,,1,3,"1,0,0,0",,,,,,-0.899658203125,0.0478515625,-0.04296875,-0.509765625,0.3701171875,-0.01708984375
12,readout,,1,4,"1,0,0,0",,,,,,0.184326171875,-0.000244140625,0.0,-0.509765625,0.3701171875,-0.01708984375
12,readout,,1,5,"1,0,0,0",,,,,,0.5703125,0.17724609375,0.10107421875,-0.40869140625,0.3701171875,-0.01708984375
12,readout,,1,6,"1,0,0,0",,,,,,-1.7099609375,-0.113525390625,0.194091796875,-0.214599609375,0.3701171875,-0.01708984375
12,readout,,1,7,"1,0,0,0",,,,,,-2.004150390625,-0.090576171875,0.181640625,-0.032958984375,0.3701171875,-0.01708984375
12,readout,,1,8,"1,0,0,0",,,,,,0.240966796875,0.736328125,0.177490234375,0.14453125,0.3701171875,-0.01708984375
12,readout,,1,9,"1,0,0,0",,,,,,0.038330078125,0.166015625,0.00634765625,0.15087890625,0.3701171875,-0.01708984375
12,readout,,1,10,"1,0,0,0",,,,,,1.0,-0.16796875,-0.16796875,-0.01708984375,0.3701171875,-0.01708984375
13,neuron,0,,,"1,0,0,0",-1.366943359375,-0.21142578125,0.0,-1.578369140625,0,,,,,,
13,neuron,1,,,"1,0,0,0",0.138427734375,0.04296875,0.0,0.181396484375,0,,,,,,
13,neuron,2,,,"1,0,0,0",-2.950439453125,-0.554931640625,0.0,-3.50537109375,0,,,,,,
13,neuron,3,,,"1,0,0,0",-0.787109375,-0.090576171875,0.0,-0.877685546875,0,,,,,,
13,neuron,4,,,"1,0,0,0",0.161376953125,0.15283203125,0.0,0.314208984375,0,,,,,,
13,neuron,5,,,"1,0,0,0",0.4990234375,0.571533203125,0.0,0.070556640625,1,,,,,,
13,neuron,6,,,"1,0,0,0",-1.49609375,-0.427001953125,0.0,-1.923095703125,0,,,,,,
13,neuron,7,,,"1,0,0,0",-1.753662109375,-0.383056640625,0.0,-2.13671875,0,,,,,,
13,readout,,0,0,"1,0,0,0",,,,,,-1.578369140625,-0.245849609375,0.387939453125,0.387939453125,0.375732421875,-0.091796875
13,readout,,0,1,"1,0,0,0",,,,,,0.181396484375,0.25048828125,0.04541015625,0.433349609375,0.375732421875,-0.091796875
13,readout,,0,2,"1,0,0,0",,,,,,-3.50537109375,-0.015380859375,0.053955078125,0.4873046875,0.375732421875,-0.091796875
13,readout,,0,3,"1,0,0,0",,,,,,-0.877685546875,-0.057373046875,0.05029296875,0.53759765625,0.375732421875,-0.091796875
13,readout,,0,4,"1,0,0,0",,,,,,0.314208984375,0.0048828125,0.00146484375,0.5390625,0.375732421875,-0.091796875
13,readout,,0,5,"1,0,0,0",,,,,,0.070556640625,0.10595703125,0.007568359375,0.546630859375,0.375732421875,-0.091796875
13,readout,,0,6,"1,0,0,0",,,,,,-1.923095703125,-0.00244140625,0.004638671875,0.55126953125,0.375732421875,-0.091796875
13,readout,,0,7,"1,0,0,0",,,,,,-2.13671875,0.31591796875,-0.675048828125,-0.123779296875,0.375732421875,-0.091796875
13,readout,,0,8,"1,0,0,0",,,,,,0.253173828125,1.9990234375,0.506103515625,0.38232421875,0.375732421875,-0.091796875
13,readout,,0,9,"1,0,0,0",,,,,,0.006103515625,-1.9990234375,-0.01220703125,0.3701171875,0.375732421875,-0.091796875
13,readout,,0,10,"1,0,0,0",,,,,,1.0,0.005615234375,0.005615234375,0.375732421875,0.375732421875,-0.091796875
13,readout,,1,0,"1,0,0,0",,,,,,-1.578369140625,0.021240234375,-0.033447265625,-0.033447265625,0.375732421875,-0.091796875
13,readout,,1,1,"1,0,0,0",,,,,,0.181396484375,-0.540771484375,-0.09814453125,-0.131591796875,0.375732421875,-0.091796875
13,readout,,1,2,"1,0,0,0",,,,,,-3.50537109375,0.103271484375,-0.362060546875,-0.49365234375,0.375732421875,-0.091796875
13,readout,,1,3,"1,0,0,0",,,,,,-0.877685546875,0.0478515625,-0.0419921875,-0.53564453125,0.375732421875,-0.091796875
13,readout,,1,4,"1,0,0,0",,,,,,0.314208984375,-0.000244140625,0.0,-0.53564453125,0.375732421875,-0.091796875
13,readout,,1,5,"1,0,0,0",,,,,,0.070556640625,0.17724609375,0.012451171875,-0.523193359375,0.375732421875,-0.091796875
13,readout,,1,6,"1,0,0,0",,,,,,-1.923095703125,-0.113525390625,0.21826171875,-0.304931640625,0.375732421875,-0.091796875
13,readout,,1,7,"1,0,0,0",,,,,,-2.13671875,-0.090576171875,0.193603515625,-0.111328125,0.375732421875,-0.091796875
13,readout,,1,8,"1,0,0,0",,,,,,0.253173828125,0.736328125,0.1865234375,0.0751953125,0.375732421875,-0.091796875
13,readout,,1,9,"1,0,0,0",,,,,,0.006103515625,0.166015625,0.0009765625,0.076171875,0.375732421875,-0.091796875
13,readout,,1,10,"1,0,0,0",,,,,,1.0,-0.16796875,-0.16796875,-0.091796875,0.375732421875,-0.091796875
14,neuron,0,,,"0,0,0,0",-1.381103515625,0.0,0.0,-1.381103515625,0,,,,,,
14,neuron,1,,,"0,0,0,0",0.15869140625,0.0,0.0,0.15869140625,0,,,,,,
14,neuron,2,,,"0,0,0,0",-3.067138671875,0.0,-0.0078125,-3.074951171875,0,,,,,,
14,neuron,3,,,"0,0,0,0",-0.76806640625,0.0,0.0,-0.76806640625,0,,,,,,
14,neuron,4,,,"0,0,0,0",0.27490234375,0.0,0.14111328125,0.416015625,0,,,,,,
14,neuron,5,,,"0,0,0,0",0.061767578125,0.0,0.0,0.061767578125,0,,,,,,
14,neuron,6,,,"0,0,0,0",-1.6826171875,0.0,0.0,-1.6826171875,0,,,,,,
14,neuron,7,,,"0,0,0,0",-1.86962890625,0.0,0.0,-1.86962890625,0,,,,,,
14,readout,,0,0,"0,0,0,0",,,,,,-1.381103515625,-0.245849609375,0.339599609375,0.339599609375,0.343994140625,-0.129638671875
14,readout,,0,1,"0,0,0,0",,,,,,0.15869140625,0.25048828125,0.039794921875,0.37939453125,0.343994140625,-0.129638671875
14,readout,,0,2,"0,0,0,0",,,,,,-3.074951171875,-0.015380859375,0.04736328125,0.4267578125,0.343994140625,-0.129638671875
14,readout,,0,3,"0,0,0,0",,,,,,-0.76806640625,-0.057373046875,0.0439453125,0.470703125,0.343994140625,-0.129638671875
14,readout,,0,4,"0,0,0,0",,,,,,0.416015625,0.0048828125,0.001953125,0.47265625,0.343994140625,-0.129638671875
14,readout,,0,5,"0,0,0,0",,,,,,0.061767578125,0.10595703125,0.006591796875,0.479248046875,0.343994140625,-0.129638671875
14,readout,,0,6,"0,0,0,0",,,,,,-1.6826171875,-0.00244140625,0.004150390625,0.4833984375,0.343994140625,-0.129638671875
14,readout,,0,7,"0,0,0,0",,,,,,-1.86962890625,0.31591796875,-0.590576171875,-0.107177734375,0.343994140625,-0.129638671875
14,readout,,0,8,"0,0,0,0",,,,,,0.192626953125,1.9990234375,0.385009765625,0.27783203125,0.343994140625,-0.129638671875
14,readout,,0,9,"0,0,0,0",,,,,,-0.0302734375,-1.9990234375,0.060546875,0.33837890625,0.343994140625,-0.129638671875
14,readout,,0,10,"0,0,0,0",,,,,,1.0,0.005615234375,0.005615234375,0.343994140625,0.343994140625,-0.129638671875
14,readout,,1,0,"0,0,0,0",,,,,,-1.381103515625,0.021240234375,-0.029296875,-0.029296875,0.343994140625,-0.129638671875
14,readout,,1,1,"0,0,0,0",,,,,,0.15869140625,-0.540771484375,-0.0859375,-0.115234375,0.343994140625,-0.129638671875
14,readout,,1,2,"0,0,0,0",,,,,,-3.074951171875,0.103271484375,-0.317626953125,-0.432861328125,0.343994140625,-0.129638671875
14,readout,,1,3,"0,0,0,0",,,,,,-0.76806640625,0.0478515625,-0.036865234375,-0.4697265625,0.343994140625,-0.129638671875
14,readout,,1,4,"0,0,0,0",,,,,,0.416015625,-0.000244140625,0.0,-0.4697265625,0.343994140625,-0.129638671875
14,readout,,1,5,"0,0,0,0",,,,,,0.061767578125,0.17724609375,0.010986328125,-0.458740234375,0.343994140625,-0.129638671875
14,readout,,1,6,"0,0,0,0",,,,,,-1.6826171875,-0.113525390625,0.19091796875,-0.267822265625,0.343994140625,-0.129638671875
14,readout,,1,7,"0,0,0,0",,,,,,-1.86962890625,-0.090576171875,0.16943359375,-0.098388671875,0.343994140625,-0.129638671875
14,readout,,1,8,"0,0,0,0",,,,,,0.192626953125,0.736328125,0.141845703125,0.04345703125,0.343994140625,-0.129638671875
14,readout,,1,9,"0,0,0,0",,,,,,-0.0302734375,0.166015625,-0.005126953125,0.038330078125,0.343994140625,-0.129638671875
14,readout,,1,10,"0,0,0,0",,,,,,1.0,-0.16796875,-0.16796875,-0.129638671875,0.343994140625,-0.129638671875
15,neuron,0,,,"1,0,0,0",-1.20849609375,-0.21142578125,0.0,-1.419921875,0,,,,,,
15,neuron,1,,,"1,0,0,0",0.138916015625,0.04296875,0.0,0.181884765625,0,,,,,,
15,neuron,2,,,"1,0,0,0",-2.690673828125,-0.554931640625,0.0,-3.24560546875,0,,,,,,
15,neuron,3,,,"1,0,0,0",-0.672119140625,-0.090576171875,0.0,-0.7626953125,0,,,,,,
15,neuron,4,,,"1,0,0,0",0.364013671875,0.15283203125,0.0,0.516845703125,0,,,,,,
15,neuron,5,,,"1,0,0,0",0.053955078125,0.571533203125,0.0,0.62548828125,0,,,,,,
15,neuron,6,,,"1,0,0,0",-1.47216796875,-0.427001953125,0.0,-1.899169921875,0,,,,,,
15,neuron,7,,,"1,0,0,0",-1.635986328125,-0.383056640625,0.0,-2.01904296875,0,,,,,,
15,readout,,0,0,"1,0,0,0",,,,,,-1.419921875,-0.245849609375,0.34912109375,0.34912109375,0.332275390625,-0.002685546875
15,readout,,0,1,"1,0,0,0",,,,,,0.181884765625,0.25048828125,0.045654296875,0.394775390625,0.332275390625,-0.002685546875
15,readout,,0,2,"1,0,0,0",,,,,,-3.24560546875,-0.015380859375,0.0498046875,0.444580078125,0.332275390625,-0.002685546875
15,readout,,0,3,"1,0,0,0",,,,,,-0.7626953125,-0.057373046875,0.043701171875,0.48828125,0.332275390625,-0.002685546875
15,readout,,0,4,"1,0,0,0",,,,,,0.516845703125,0.0048828125,0.00244140625,0.49072265625,0.332275390625,-0.002685546875
15,readout,,0,5,"1,0,0,0",,,,,,0.62548828125,0.10595703125,0.066162109375,0.556884765625,0.332275390625,-0.002685546875
15,readout,,0,6,"1,0,0,0",,,,,,-1.899169921875,-0.00244140625,0.004638671875,0.5615234375,0.332275390625,-0.002685546875
15,readout,,0,7,"1,0,0,0",,,,,,-2.01904296875,0.31591796875,-0.637939453125,-0.076416015625,0.332275390625,-0.002685546875
15,readout,,0,8,"1,0,0,0",,,,,,0.21044921875,1.9990234375,0.420654296875,0.34423828125,0.332275390625,-0.002685546875
15,readout,,0,9,"1,0,0,0",,,,,,0.0087890625,-1.9990234375,-0.017578125,0.32666015625,0.332275390625,-0.002685546875
15,readout,,0,10,"1,0,0,0",,,,,,1.0,0.005615234375,0.005615234375,0.332275390625,0.332275390625,-0.002685546875
15,readout,,1,0,"1,0,0,0",,,,,,-1.419921875,0.021240234375,-0.0302734375,-0.0302734375,0.332275390625,-0.002685546875
15,readout,,1,1,"1,0,0,0",,,,,,0.181884765625,-0.540771484375,-0.098388671875,-0.128662109375,0.332275390625,-0.002685546875
15,readout,,1,2,"1,0,0,0",,,,,,-3.24560546875,0.103271484375,-0.335205078125,-0.4638671875,0.332275390625,-0.002685546875
15,readout,,1,3,"1,0,0,0",,,,,,-0.7626953125,0.0478515625,-0.036376953125,-0.500244140625,0.332275390625,-0.002685546875
15,readout,,1,4,"1,0,0,0",,,,,,0.516845703125,-0.000244140625,-0.000244140625,-0.50048828125,0.332275390625,-0.002685546875
15,readout,,1,5,"1,0,0,0",,,,,,0.62548828125,0.17724609375,0.11083984375,-0.3896484375,0.332275390625,-0.002685546875
15,readout,,1,6,"1,0,0,0",,,,,,-1.899169921875,-0.113525390625,0.215576171875,-0.174072265625,0.332275390625,-0.002685546875
15,readout,,1,7,"1,0,0,0",,,,,,-2.01904296875,-0.090576171875,0.182861328125,0.0087890625,0.332275390625,-0.002685546875
15,readout,,1,8,"1,0,0,0",,,,,,0.21044921875,0.736328125,0.155029296875,0.163818359375,0.332275390625,-0.002685546875
15,readout,,1,9,"1,0,0,0",,,,,,0.0087890625,0.166015625,0.00146484375,0.165283203125,0.332275390625,-0.002685546875
15,readout,,1,10,"1,0,0,0",,,,,,1.0,-0.16796875,-0.16796875,-0.002685546875,0.332275390625,-0.002685546875
16,neuron,0,,,"1,0,0,0",-1.242431640625,-0.21142578125,0.0,-1.453857421875,0,,,,,,
16,neuron,1,,,"1,0,0,0",0.1591796875,0.04296875,0.0,0.2021484375,0,,,,,,
16,neuron,2,,,"1,0,0,0",-2.83984375,-0.554931640625,0.0,-3.394775390625,0,,,,,,
16,neuron,3,,,"1,0,0,0",-0.66748046875,-0.090576171875,0.0,-0.758056640625,0,,,,,,
16,neuron,4,,,"1,0,0,0",0.4521484375,0.15283203125,0.0,0.60498046875,0,,,,,,
16,neuron,5,,,"1,0,0,0",0.54736328125,0.571533203125,0.0,0.118896484375,1,,,,,,
16,neuron,6,,,"1,0,0,0",-1.661865234375,-0.427001953125,0.0,-2.0888671875,0,,,,,,
16,neuron,7,,,"1,0,0,0",-1.7666015625,-0.383056640625,0.0,-2.149658203125,0,,,,,,
16,readout,,0,0,"1,0,0,0",,,,,,-1.453857421875,-0.245849609375,0.357421875,0.357421875,0.287109375,-0.07470703125
16,readout,,0,1,"1,0,0,0",,,,,,0.2021484375,0.25048828125,0.050537109375,0.407958984375,0.287109375,-0.07470703125
16,readout,,0,2,"1,0,0,0",,,,,,-3.394775390625,-0.015380859375,0.05224609375,0.460205078125,0.287109375,-0.07470703125
16,readout,,0,3,"1,0,0,0",,,,,,-0.758056640625,-0.057373046875,0.04345703125,0.503662109375,0.287109375,-0.07470703125
16,readout,,0,4,"1,0,0,0",,,,,,0.60498046875,0.0048828125,0.0029296875,0.506591796875,0.287109375,-0.07470703125
16,readout,,0,5,"1,0,0,0",,,,,,0.118896484375,0.10595703125,0.0126953125,0.519287109375,0.287109375,-0.07470703125
16,readout,,0,6,"1,0,0,0",,,,,,-2.0888671875,-0.00244140625,0.005126953125,0.5244140625,0.287109375,-0.07470703125
16,readout,,0,7,"1,0,0,0",,,,,,-2.149658203125,0.31591796875,-0.67919921875,-0.15478515625,0.287109375,-0.07470703125
16,readout,,0,8,"1,0,0,0",,,,,,0.22607421875,1.9990234375,0.451904296875,0.297119140625,0.287109375,-0.07470703125
16,readout,,0,9,"1,0,0,0",,,,,,0.0078125,-1.9990234375,-0.015625,0.281494140625,0.287109375,-0.07470703125
16,readout,,0,10,"1,0,0,0",,,,,,1.0,0.005615234375,0.005615234375,0.287109375,0.287109375,-0.07470703125
16,readout,,1,0,"1,0,0,0",,,,,,-1.453857421875,0.021240234375,-0.03076171875,-0.03076171875,0.287109375,-0.07470703125
16,readout,,1,1,"1,0,0,0",,,,,,0.2021484375,-0.540771484375,-0.109375,-0.14013671875,0.287109375,-0.07470703125
16,readout,,1,2,"1,0,0,0",,,,,,-3.394775390625,0.103271484375,-0.3505859375,-0.49072265625,0.287109375,-0.07470703125
16,readout,,1,3,"1,0,0,0",,,,,,-0.758056640625,0.0478515625,-0.036376953125,-0.527099609375,0.287109375,-0.07470703125
16,readout,,1,4,"1,0,0,0",,,,,,0.60498046875,-0.000244140625,-0.000244140625,-0.52734375,0.287109375,-0.07470703125
16,readout,,1,5,"1,0,0,0",,,,,,0.118896484375,0.17724609375,0.02099609375,-0.50634765625,0.287109375,-0.07470703125
16,readout,,1,6,"1,0,0,0",,,,,,-2.0888671875,-0.113525390625,0.237060546875,-0.269287109375,0.287109375,-0.07470703125
16,readout,,1,7,"1,0,0,0",,,,,,-2.149658203125,-0.090576171875,0.19482421875,-0.074462890625,0.287109375,-0.07470703125
16,readout,,1,8,"1,0,0,0",,,,,,0.22607421875,0.736328125,0.16650390625,0.092041015625,0.287109375,-0.07470703125
16,readout,,1,9,"1,0,0,0",,,,,,0.0078125,0.166015625,0.001220703125,0.09326171875,0.287109375,-0.07470703125
16,readout,,1,10,"1,0,0,0",,,,,,1.0,-0.16796875,-0.16796875,-0.07470703125,0.287109375,-0.07470703125
17,neuron,0,,,"1,0,0,0",-1.272216796875,-0.21142578125,0.0,-1.483642578125,0,,,,,,
17,neuron,1,,,"1,0,0,0",0.1767578125,0.04296875,0.0,0.2197265625,0,,,,,,
17,neuron,2,,,"1,0,0,0",-2.970458984375,-0.554931640625,-0.0078125,-3.533203125,0,,,,,,
17,neuron,3,,,"1,0,0,0",-0.663330078125,-0.090576171875,0.0,-0.75390625,0,,,,,,
17,neuron,4,,,"1,0,0,0",0.529296875,0.15283203125,0.14111328125,0.8232421875,0,,,,,,
17,neuron,5,,,"1,0,0,0",0.10400390625,0.571533203125,0.0,0.675537109375,0,,,,,,
17,neuron,6,,,"1,0,0,0",-1.82763671875,-0.427001953125,0.0,-2.254638671875,0,,,,,,
17,neuron,7,,,"1,0,0,0",-1.880859375,-0.383056640625,0.0,-2.263916015625,0,,,,,,
17,readout,,0,0,"1,0,0,0",,,,,,-1.483642578125,-0.245849609375,0.36474609375,0.36474609375,0.402587890625,0.078125
17,readout,,0,1,"1,0,0,0",,,,,,0.2197265625,0.25048828125,0.054931640625,0.419677734375,0.402587890625,0.078125
17,readout,,0,2,"1,0,0,0",,,,,,-3.533203125,-0.015380859375,0.054443359375,0.47412109375,0.402587890625,0.078125
17,readout,,0,3,"1,0,0,0",,,,,,-0.75390625,-0.057373046875,0.043212890625,0.517333984375,0.402587890625,0.078125
17,readout,,0,4,"1,0,0,0",,,,,,0.8232421875,0.0048828125,0.00390625,0.521240234375,0.402587890625,0.078125
17,readout,,0,5,"1,0,0,0",,,,,,0.675537109375,0.10595703125,0.071533203125,0.5927734375,0.402587890625,0.078125
17,readout,,0,6,"1,0,0,0",,,,,,-2.254638671875,-0.00244140625,0.005615234375,0.598388671875,0.402587890625,0.078125
17,readout,,0,7,"1,0,0,0",,,,,,-2.263916015625,0.31591796875,-0.71533203125,-0.116943359375,0.402587890625,0.078125
17,readout,,0,8,"1,0,0,0",,,,,,0.2880859375,1.9990234375,0.575927734375,0.458984375,0.402587890625,0.078125
17,readout,,0,9,"1,0,0,0",,,,,,0.031005859375,-1.9990234375,-0.06201171875,0.39697265625,0.402587890625,0.078125
17,readout,,0,10,"1,0,0,0",,,,,,1.0,0.005615234375,0.005615234375,0.402587890625,0.402587890625,0.078125
17,readout,,1,0,"1,0,0,0",,,,,,-1.483642578125,0.021240234375,-0.031494140625,-0.031494140625,0.402587890625,0.078125
17,readout,,1,1,"1,0,0,0",,,,,,0.2197265625,-0.540771484375,-0.118896484375,-0.150390625,0.402587890625,0.078125
17,readout,,1,2,"1,0,0,0",,,,,,-3.533203125,0.103271484375,-0.364990234375,-0.515380859375,0.402587890625,0.078125
17,readout,,1,3,"1,0,0,0",,,,,,-0.75390625,0.0478515625,-0.0361328125,-0.551513671875,0.402587890625,0.078125
17,readout,,1,4,"1,0,0,0",,,,,,0.8232421875,-0.000244140625,-0.000244140625,-0.5517578125,0.402587890625,0.078125
17,readout,,1,5,"1,0,0,0",,,,,,0.675537109375,0.17724609375,0.11962890625,-0.43212890625,0.402587890625,0.078125
17,readout,,1,6,"1,0,0,0",,,,,,-2.254638671875,-0.113525390625,0.255859375,-0.17626953125,0.402587890625,0.078125
17,readout,,1,7,"1,0,0,0",,,,,,-2.263916015625,-0.090576171875,0.205078125,0.02880859375,0.402587890625,0.078125
17,readout,,1,8,"1,0,0,0",,,,,,0.2880859375,0.736328125,0.212158203125,0.240966796875,0.402587890625,0.078125
17,readout,,1,9,"1,0,0,0",,,,,,0.031005859375,0.166015625,0.005126953125,0.24609375,0.402587890625,0.078125
17,readout,,1,10,"1,0,0,0",,,,,,1.0,-0.16796875,-0.16796875,0.078125,0.402587890625,0.078125
18,neuron,0,,,"0,0,0,1",-1.298095703125,-0.51318359375,0.0,-1.811279296875,0,,,,,,
18,neuron,1,,,"0,0,0,1",0.1923828125,0.009033203125,0.0,0.201416015625,0,,,,,,
18,neuron,2,,,"0,0,0,1",-3.091552734375,-0.4912109375,0.0,-3.582763671875,0,,,,,,
18,neuron,3,,,"0,0,0,1",-0.65966796875,-0.33203125,0.0,-0.99169921875,0,,,,,,
18,neuron,4,,,"0,0,0,1",0.72021484375,-0.1240234375,0.0,0.59619140625,0,,,,,,
18,neuron,5,,,"0,0,0,1",0.591064453125,-0.25244140625,0.0,0.338623046875,0,,,,,,
18,neuron,6,,,"0,0,0,1",-1.972900390625,0.37939453125,0.0,-1.593505859375,0,,,,,,
18,neuron,7,,,"0,0,0,1",-1.98095703125,-0.153076171875,0.0,-2.134033203125,0,,,,,,
18,readout,,0,0,"0,0,0,1",,,,,,-1.811279296875,-0.245849609375,0.4453125,0.4453125,0.44677734375,-0.17822265625
18,readout,,0,1,"0,0,0,1",,,,,,0.201416015625,0.25048828125,0.050537109375,0.495849609375,0.44677734375,-0.17822265625
18,readout,,0,2,"0,0,0,1",,,,,,-3.582763671875,-0.015380859375,0.05517578125,0.551025390625,0.44677734375,-0.17822265625
18,readout,,0,3,"0,0,0,1",,,,,,-0.99169921875,-0.057373046875,0.056884765625,0.60791015625,0.44677734375,-0.17822265625
18,readout,,0,4,"0,0,0,1",,,,,,0.59619140625,0.0048828125,0.0029296875,0.61083984375,0.44677734375,-0.17822265625
18,readout,,0,5,"0,0,0,1",,,,,,0.338623046875,0.10595703125,0.035888671875,0.646728515625,0.44677734375,-0.17822265625
18,readout,,0,6,"0,0,0,1",,,,,,-1.593505859375,-0.00244140625,0.00390625,0.650634765625,0.44677734375,-0.17822265625
18,readout,,0,7,"0,0,0,1",,,,,,-2.134033203125,0.31591796875,-0.674072265625,-0.0234375,0.44677734375,-0.17822265625
18,readout,,0,8,"0,0,0,1",,,,,,0.176513671875,1.9990234375,0.352783203125,0.329345703125,0.44677734375,-0.17822265625
18,readout,,0,9,"0,0,0,1",,,,,,-0.055908203125,-1.9990234375,0.11181640625,0.441162109375,0.44677734375,-0.17822265625
18,readout,,0,10,"0,0,0,1",,,,,,1.0,0.005615234375,0.005615234375,0.44677734375,0.44677734375,-0.17822265625
18,readout,,1,0,"0,0,0,1",,,,,,-1.811279296875,0.021240234375,-0.03857421875,-0.03857421875,0.44677734375,-0.17822265625
18,readout,,1,1,"0,0,0,1",,,,,,0.201416015625,-0.540771484375,-0.10888671875,-0.1474609375,0.44677734375,-0.17822265625
18,readout,,1,2,"0,0,0,1",,,,,,-3.582763671875,0.103271484375,-0.3701171875,-0.517578125,0.44677734375,-0.17822265625
18,readout,,1,3,"0,0,0,1",,,,,,-0.99169921875,0.0478515625,-0.04736328125,-0.56494140625,0.44677734375,-0.17822265625
18,readout,,1,4,"0,0,0,1",,,,,,0.59619140625,-0.000244140625,-0.000244140625,-0.565185546875,0.44677734375,-0.17822265625
18,readout,,1,5,"0,0,0,1",,,,,,0.338623046875,0.17724609375,0.06005859375,-0.505126953125,0.44677734375,-0.17822265625
18,readout,,1,6,"0,0,0,1",,,,,,-1.593505859375,-0.113525390625,0.180908203125,-0.32421875,0.44677734375,-0.17822265625
18,readout,,1,7,"0,0,0,1",,,,,,-2.134033203125,-0.090576171875,0.193359375,-0.130859375,0.44677734375,-0.17822265625
18,readout,,1,8,"0,0,0,1",,,,,,0.176513671875,0.736328125,0.1298828125,-0.0009765625,0.44677734375,-0.17822265625
18,readout,,1,9,"0,0,0,1",,,,,,-0.055908203125,0.166015625,-0.00927734375,-0.01025390625,0.44677734375,-0.17822265625
18,readout,,1,10,"0,0,0,1",,,,,,1.0,-0.16796875,-0.16796875,-0.17822265625,0.44677734375,-0.17822265625
19,neuron,0,,,"1,0,0,0",-1.5849609375,-0.21142578125,0.0,-1.79638671875,0,,,,,,
19,neuron,1,,,"1,0,0,0",0.17626953125,0.04296875,0.0,0.21923828125,0,,,,,,
19,neuron,2,,,"1,0,0,0",-3.135009765625,-0.554931640625,0.0,-3.68994140625,0,,,,,,
19,neuron,3,,,"1,0,0,0",-0.86767578125,-0.090576171875,0.0,-0.958251953125,0,,,,,,
19,neuron,4,,,"1,0,0,0",0.521728515625,0.15283203125,0.0,0.674560546875,0,,,,,,
19,neuron,5,,,"1,0,0,0",0.29638671875,0.571533203125,0.0,0.867919921875,0,,,,,,
19,neuron,6,,,"1,0,0,0",-1.394287109375,-0.427001953125,0.0,-1.8212890625,0,,,,,,
19,neuron,7,,,"1,0,0,0",-1.8671875,-0.383056640625,0.0,-2.250244140625,0,,,,,,
19,readout,,0,0,"1,0,0,0",,,,,,-1.79638671875,-0.245849609375,0.441650390625,0.441650390625,0.433837890625,0.007080078125
19,readout,,0,1,"1,0,0,0",,,,,,0.21923828125,0.25048828125,0.054931640625,0.49658203125,0.433837890625,0.007080078125
19,readout,,0,2,"1,0,0,0",,,,,,-3.68994140625,-0.015380859375,0.056640625,0.55322265625,0.433837890625,0.007080078125
19,readout,,0,3,"1,0,0,0",,,,,,-0.958251953125,-0.057373046875,0.054931640625,0.608154296875,0.433837890625,0.007080078125
19,readout,,0,4,"1,0,0,0",,,,,,0.674560546875,0.0048828125,0.003173828125,0.611328125,0.433837890625,0.007080078125
19,readout,,0,5,"1,0,0,0",,,,,,0.867919921875,0.10595703125,0.092041015625,0.703369140625,0.433837890625,0.007080078125
19,readout,,0,6,"1,0,0,0",,,,,,-1.8212890625,-0.00244140625,0.00439453125,0.707763671875,0.433837890625,0.007080078125
19,readout,,0,7,"1,0,0,0",,,,,,-2.250244140625,0.31591796875,-0.7109375,-0.003173828125,0.433837890625,0.007080078125
19,readout,,0,8,"1,0,0,0",,,,,,0.25537109375,1.9990234375,0.510498046875,0.50732421875,0.433837890625,0.007080078125
19,readout,,0,9,"1,0,0,0",,,,,,0.03955078125,-1.9990234375,-0.0791015625,0.42822265625,0.433837890625,0.007080078125
19,readout,,0,10,"1,0,0,0",,,,,,1.0,0.005615234375,0.005615234375,0.433837890625,0.433837890625,0.007080078125
19,readout,,1,0,"1,0,0,0",,,,,,-1.79638671875,0.021240234375,-0.0380859375,-0.0380859375,0.433837890625,0.007080078125
19,readout,,1,1,"1,0,0,0",,,,,,0.21923828125,-0.540771484375,-0.11865234375,-0.15673828125,0.433837890625,0.007080078125
19,readout,,1,2,"1,0,0,0",,,,,,-3.68994140625,0.103271484375,-0.381103515625,-0.537841796875,0.433837890625,0.007080078125
19,readout,,1,3,"1,0,0,0",,,,,,-0.958251953125,0.0478515625,-0.0458984375,-0.583740234375,0.433837890625,0.007080078125
19,readout,,1,4,"1,0,0,0",,,,,,0.674560546875,-0.000244140625,-0.000244140625,-0.583984375,0.433837890625,0.007080078125
19,readout,,1,5,"1,0,0,0",,,,,,0.867919921875,0.17724609375,0.15380859375,-0.43017578125,0.433837890625,0.007080078125
19,readout,,1,6,"1,0,0,0",,,,,,-1.8212890625,-0.113525390625,0.206787109375,-0.223388671875,0.433837890625,0.007080078125
19,readout,,1,7,"1,0,0,0",,,,,,-2.250244140625,-0.090576171875,0.203857421875,-0.01953125,0.433837890625,0.007080078125
19,readout,,1,8,"1,0,0,0",,,,,,0.25537109375,0.736328125,0.18798828125,0.16845703125,0.433837890625,0.007080078125
19,readout,,1,9,"1,0,0,0",,,,,,0.03955078125,0.166015625,0.006591796875,0.175048828125,0.433837890625,0.007080078125
19,readout,,1,10,"1,0,0,0",,,,,,1.0,-0.16796875,-0.16796875,0.007080078125,0.433837890625,0.007080078125
20,neuron,0,,,"1,0,0,0",-1.57177734375,-0.21142578125,0.0,-1.783203125,0,,,,,,
20,neuron,1,,,"1,0,0,0",0.19189453125,0.04296875,0.0,0.23486328125,0,,,,,,
20,neuron,2,,,"1,0,0,0",-3.228759765625,-0.554931640625,0.0,-3.78369140625,0,,,,,,
20,neuron,3,,,"1,0,0,0",-0.83837890625,-0.090576171875,0.0,-0.928955078125,0,,,,,,
20,neuron,4,,,"1,0,0,0",0.59033203125,0.15283203125,0.0,0.7431640625,0,,,,,,
20,neuron,5,,,"1,0,0,0",0.759521484375,0.571533203125,0.0,0.3310546875,1,,,,,,
20,neuron,6,,,"1,0,0,0",-1.59375,-0.427001953125,0.0,-2.020751953125,0,,,,,,
20,neuron,7,,,"1,0,0,0",-1.968994140625,-0.383056640625,0.0,-2.35205078125,0,,,,,,
20,readout,,0,0,"1,0,0,0",,,,,,-1.783203125,-0.245849609375,0.4384765625,0.4384765625,0.38720703125,-0.1103515625
20,readout,,0,1,"1,0,0,0",,,,,,0.23486328125,0.25048828125,0.058837890625,0.497314453125,0.38720703125,-0.1103515625
20,readout,,0,2,"1,0,0,0",,,,,,-3.78369140625,-0.015380859375,0.05810546875,0.555419921875,0.38720703125,-0.1103515625
20,readout,,0,3,"1,0,0,0",,,,,,-0.928955078125,-0.057373046875,0.05322265625,0.608642578125,0.38720703125,-0.1103515625
20,readout,,0,4,"1,0,0,0",,,,,,0.7431640625,0.0048828125,0.003662109375,0.6123046875,0.38720703125,-0.1103515625
20,readout,,0,5,"1,0,0,0",,,,,,0.3310546875,0.10595703125,0.03515625,0.6474609375,0.38720703125,-0.1103515625
20,readout,,0,6,"1,0,0,0",,,,,,-2.020751953125,-0.00244140625,0.0048828125,0.65234375,0.38720703125,-0.1103515625
20,readout,,0,7,"1,0,0,0",,,,,,-2.35205078125,0.31591796875,-0.7431640625,-0.0908203125,0.38720703125,-0.1103515625
20,readout,,0,8,"1,0,0,0",,,,,,0.217041015625,1.9990234375,0.433837890625,0.343017578125,0.38720703125,-0.1103515625
20,readout,,0,9,"1,0,0,0",,,,,,-0.019287109375,-1.9990234375,0.03857421875,0.381591796875,0.38720703125,-0.1103515625
20,readout,,0,10,"1,0,0,0",,,,,,1.0,0.005615234375,0.005615234375,0.38720703125,0.38720703125,-0.1103515625
20,readout,,1,0,"1,0,0,0",,,,,,-1.783203125,0.021240234375,-0.037841796875,-0.037841796875,0.38720703125,-0.1103515625
20,readout,,1,1,"1,0,0,0",,,,,,0.23486328125,-0.540771484375,-0.126953125,-0.164794921875,0.38720703125,-0.1103515625
20,readout,,1,2,"1,0,0,0",,,,,,-3.78369140625,0.103271484375,-0.390869140625,-0.5556640625,0.38720703125,-0.1103515625
20,readout,,1,3,"1,0,0,0",,,,,,-0.928955078125,0.0478515625,-0.04443359375,-0.60009765625,0.38720703125,-0.1103515625
20,readout,,1,4,"1,0,0,0",,,,,,0.7431640625,-0.000244140625,-0.000244140625,-0.600341796875,0.38720703125,-0.1103515625
20,readout,,1,5,"1,0,0,0",,,,,,0.3310546875,0.17724609375,0.05859375,-0.541748046875,0.38720703125,-0.1103515625
20,readout,,1,6,"1,0,0,0",,,,,,-2.020751953125,-0.113525390625,0.2294921875,-0.312255859375,0.38720703125,-0.1103515625
20,readout,,1,7,"1,0,0,0",,,,,,-2.35205078125,-0.090576171875,0.213134765625,-0.09912109375,0.38720703125,-0.1103515625
20,readout,,1,8,"1,0,0,0",,,,,,0.217041015625,0.736328125,0.159912109375,0.060791015625,0.38720703125,-0.1103515625
20,readout,,1,9,"1,0,0,0",,,,,,-0.019287109375,0.166015625,-0.003173828125,0.0576171875,0.38720703125,-0.1103515625
20,readout,,1,10,"1,0,0,0",,,,,,1.0,-0.16796875,-0.16796875,-0.1103515625,0.38720703125,-0.1103515625
21,neuron,0,,,"1,0,0,0",-1.560302734375,-0.21142578125,0.0,-1.771728515625,0,,,,,,
21,neuron,1,,,"1,0,0,0",0.20556640625,0.04296875,0.0,0.24853515625,0,,,,,,
21,neuron,2,,,"1,0,0,0",-3.310791015625,-0.554931640625,-0.0078125,-3.87353515625,0,,,,,,
21,neuron,3,,,"1,0,0,0",-0.812744140625,-0.090576171875,0.0,-0.9033203125,0,,,,,,
21,neuron,4,,,"1,0,0,0",0.650390625,0.15283203125,0.14111328125,0.9443359375,0,,,,,,
21,neuron,5,,,"1,0,0,0",0.28955078125,0.571533203125,0.0,0.861083984375,0,,,,,,
21,neuron,6,,,"1,0,0,0",-1.76806640625,-0.427001953125,0.0,-2.195068359375,0,,,,,,
21,neuron,7,,,"1,0,0,0",-2.05810546875,-0.383056640625,0.0,-2.441162109375,0,,,,,,
21,readout,,0,0,"1,0,0,0",,,,,,-1.771728515625,-0.245849609375,0.435546875,0.435546875,0.385498046875,0.0048828125
21,readout,,0,1,"1,0,0,0",,,,,,0.24853515625,0.25048828125,0.062255859375,0.497802734375,0.385498046875,0.0048828125
21,readout,,0,2,"1,0,0,0",,,,,,-3.87353515625,-0.015380859375,0.0595703125,0.557373046875,0.385498046875,0.0048828125
21,readout,,0,3,"1,0,0,0",,,,,,-0.9033203125,-0.057373046875,0.0517578125,0.609130859375,0.385498046875,0.0048828125
21,readout,,0,4,"1,0,0,0",,,,,,0.9443359375,0.0048828125,0.004638671875,0.61376953125,0.385498046875,0.0048828125
21,readout,,0,5,"1,0,0,0",,,,,,0.861083984375,0.10595703125,0.09130859375,0.705078125,0.385498046875,0.0048828125
21,readout,,0,6,"1,0,0,0",,,,,,-2.195068359375,-0.00244140625,0.00537109375,0.71044921875,0.385498046875,0.0048828125
21,readout,,0,7,"1,0,0,0",,,,,,-2.441162109375,0.31591796875,-0.771240234375,-0.060791015625,0.385498046875,0.0048828125
21,readout,,0,8,"1,0,0,0",,,,,,0.22412109375,1.9990234375,0.447998046875,0.38720703125,0.385498046875,0.0048828125
21,readout,,0,9,"1,0,0,0",,,,,,0.003662109375,-1.9990234375,-0.00732421875,0.3798828125,0.385498046875,0.0048828125
21,readout,,0,10,"1,0,0,0",,,,,,1.0,0.005615234375,0.005615234375,0.385498046875,0.385498046875,0.0048828125
21,readout,,1,0,"1,0,0,0",,,,,,-1.771728515625,0.021240234375,-0.03759765625,-0.03759765625,0.385498046875,0.0048828125
21,readout,,1,1,"1,0,0,0",,,,,,0.24853515625,-0.540771484375,-0.134521484375,-0.172119140625,0.385498046875,0.0048828125
21,readout,,1,2,"1,0,0,0",,,,,,-3.87353515625,0.103271484375,-0.400146484375,-0.572265625,0.385498046875,0.0048828125
21,readout,,1,3,"1,0,0,0",,,,,,-0.9033203125,0.0478515625,-0.043212890625,-0.615478515625,0.385498046875,0.0048828125
21,readout,,1,4,"1,0,0,0",,,,,,0.9443359375,-0.000244140625,-0.000244140625,-0.61572265625,0.385498046875,0.0048828125
21,readout,,1,5,"1,0,0,0",,,,,,0.861083984375,0.17724609375,0.152587890625,-0.463134765625,0.385498046875,0.0048828125
21,readout,,1,6,"1,0,0,0",,,,,,-2.195068359375,-0.113525390625,0.249267578125,-0.2138671875,0.385498046875,0.0048828125
21,readout,,1,7,"1,0,0,0",,,,,,-2.441162109375,-0.090576171875,0.22119140625,0.00732421875,0.385498046875,0.0048828125
21,readout,,1,8,"1,0,0,0",,,,,,0.22412109375,0.736328125,0.1650390625,0.17236328125,0.385498046875,0.0048828125
21,readout,,1,9,"1,0,0,0",,,,,,0.003662109375,0.166015625,0.00048828125,0.1728515625,0.385498046875,0.0048828125
21,readout,,1,10,"1,0,0,0",,,,,,1.0,-0.16796875,-0.16796875,0.0048828125,0.385498046875,0.0048828125
22,neuron,0,,,"1,0,0,0",-1.55029296875,-0.21142578125,0.0,-1.76171875,0,,,,,,
22,neuron,1,,,"1,0,0,0",0.217529296875,0.04296875,0.0,0.260498046875,0,,,,,,
22,neuron,2,,,"1,0,0,0",-3.389404296875,-0.554931640625,0.0,-3.9443359375,0,,,,,,
22,neuron,3,,,"1,0,0,0",-0.79052734375,-0.090576171875,0.0,-0.881103515625,0,,,,,,
22,neuron,4,,,"1,0,0,0",0.826171875,0.15283203125,0.0,0.97900390625,0,,,,,,
22,neuron,5,,,"1,0,0,0",0.75341796875,0.571533203125,0.0,0.324951171875,1,,,,,,
22,neuron,6,,,"1,0,0,0",-1.920654296875,-0.427001953125,0.0,-2.34765625,0,,,,,,
22,neuron,7,,,"1,0,0,0",-2.135986328125,-0.383056640625,0.0,-2.51904296875,0,,,,,,
22,readout,,0,0,"1,0,0,0",,,,,,-1.76171875,-0.245849609375,0.43310546875,0.43310546875,0.3369140625,-0.058349609375
22,readout,,0,1,"1,0,0,0",,,,,,0.260498046875,0.25048828125,0.065185546875,0.498291015625,0.3369140625,-0.058349609375
22,readout,,0,2,"1,0,0,0",,,,,,-3.9443359375,-0.015380859375,0.060546875,0.558837890625,0.3369140625,-0.058349609375
22,readout,,0,3,"1,0,0,0",,,,,,-0.881103515625,-0.057373046875,0.050537109375,0.609375,0.3369140625,-0.058349609375
22,readout,,0,4,"1,0,0,0",,,,,,0.97900390625,0.0048828125,0.0048828125,0.6142578125,0.3369140625,-0.058349609375
22,readout,,0,5,"1,0,0,0",,,,,,0.324951171875,0.10595703125,0.034423828125,0.648681640625,0.3369140625,-0.058349609375
22,readout,,0,6,"1,0,0,0",,,,,,-2.34765625,-0.00244140625,0.005615234375,0.654296875,0.3369140625,-0.058349609375
22,readout,,0,7,"1,0,0,0",,,,,,-2.51904296875,0.31591796875,-0.7958984375,-0.1416015625,0.3369140625,-0.058349609375
22,readout,,0,8,"1,0,0,0",,,,,,0.248779296875,1.9990234375,0.497314453125,0.355712890625,0.3369140625,-0.058349609375
22,readout,,0,9,"1,0,0,0",,,,,,0.01220703125,-1.9990234375,-0.0244140625,0.331298828125,0.3369140625,-0.058349609375
22,readout,,0,10,"1,0,0,0",,,,,,1.0,0.005615234375,0.005615234375,0.3369140625,0.3369140625,-0.058349609375
22,readout,,1,0,"1,0,0,0",,,,,,-1.76171875,0.021240234375,-0.037353515625,-0.037353515625,0.3369140625,-0.058349609375
22,readout,,1,1,"1,0,0,0",,,,,,0.260498046875,-0.540771484375,-0.140869140625,-0.17822265625,0.3369140625,-0.058349609375
22,readout,,1,2,"1,0,0,0",,,,,,-3.9443359375,0.103271484375,-0.4072265625,-0.58544921875,0.3369140625,-0.058349609375
22,readout,,1,3,"1,0,0,0",,,,,,-0.881103515625,0.0478515625,-0.042236328125,-0.627685546875,0.3369140625,-0.058349609375
22,readout,,1,4,"1,0,0,0",,,,,,0.97900390625,-0.000244140625,-0.000244140625,-0.6279296875,0.3369140625,-0.058349609375
22,readout,,1,5,"1,0,0,0",,,,,,0.324951171875,0.17724609375,0.0576171875,-0.5703125,0.3369140625,-0.058349609375
22,readout,,1,6,"1,0,0,0",,,,,,-2.34765625,-0.113525390625,0.2666015625,-0.3037109375,0.3369140625,-0.058349609375
22,readout,,1,7,"1,0,0,0",,,,,,-2.51904296875,-0.090576171875,0.228271484375,-0.075439453125,0.3369140625,-0.058349609375
22,readout,,1,8,"1,0,0,0",,,,,,0.248779296875,0.736328125,0.18310546875,0.107666015625,0.3369140625,-0.058349609375
22,readout,,1,9,"1,0,0,0",,,,,,0.01220703125,0.166015625,0.001953125,0.109619140625,0.3369140625,-0.058349609375
22,readout,,1,10,"1,0,0,0",,,,,,1.0,-0.16796875,-0.16796875,-0.058349609375,0.3369140625,-0.058349609375
23,neuron,0,,,"1,0,0,0",-1.54150390625,-0.21142578125,0.0,-1.7529296875,0,,,,,,
23,neuron,1,,,"1,0,0,0",0.22802734375,0.04296875,0.0,0.27099609375,0,,,,,,
23,neuron,2,,,"1,0,0,0",-3.451171875,-0.554931640625,-0.0078125,-3.9990234375,0,,,,,,
23,neuron,3,,,"1,0,0,0",-0.77099609375,-0.090576171875,0.0,-0.861572265625,0,,,,,,
23,neuron,4,,,"1,0,0,0",0.856689453125,0.15283203125,0.14111328125,0.150634765625,1,,,,,,
23,neuron,5,,,"1,0,0,0",0.284423828125,0.571533203125,0.0,0.85595703125,0,,,,,,
23,neuron,6,,,"1,0,0,0",-2.05419921875,-0.427001953125,0.0,-2.481201171875,0,,,,,,
23,neuron,7,,,"1,0,0,0",-2.2041015625,-0.383056640625,0.0,-2.587158203125,0,,,,,,
23,readout,,0,0,"1,0,0,0",,,,,,-1.7529296875,-0.245849609375,0.430908203125,0.430908203125,0.3447265625,0.005859375
23,readout,,0,1,"1,0,0,0",,,,,,0.27099609375,0.25048828125,0.06787109375,0.498779296875,0.3447265625,0.005859375
23,readout,,0,2,"1,0,0,0",,,,,,-3.9990234375,-0.015380859375,0.0615234375,0.560302734375,0.3447265625,0.005859375
23,readout,,0,3,"1,0,0,0",,,,,,-0.861572265625,-0.057373046875,0.04931640625,0.609619140625,0.3447265625,0.005859375
23,readout,,0,4,"1,0,0,0",,,,,,0.150634765625,0.0048828125,0.000732421875,0.6103515625,0.3447265625,0.005859375
23,readout,,0,5,"1,0,0,0",,,,,,0.85595703125,0.10595703125,0.090576171875,0.700927734375,0.3447265625,0.005859375
23,readout,,0,6,"1,0,0,0",,,,,,-2.481201171875,-0.00244140625,0.006103515625,0.70703125,0.3447265625,0.005859375
23,readout,,0,7,"1,0,0,0",,,,,,-2.587158203125,0.31591796875,-0.8173828125,-0.1103515625,0.3447265625,0.005859375
23,readout,,0,8,"1,0,0,0",,,,,,0.201171875,1.9990234375,0.402099609375,0.291748046875,0.3447265625,0.005859375
23,readout,,0,9,"1,0,0,0",,,,,,-0.023681640625,-1.9990234375,0.04736328125,0.339111328125,0.3447265625,0.005859375
23,readout,,0,10,"1,0,0,0",,,,,,1.0,0.005615234375,0.005615234375,0.3447265625,0.3447265625,0.005859375
23,readout,,1,0,"1,0,0,0",,,,,,-1.7529296875,0.021240234375,-0.037353515625,-0.037353515625,0.3447265625,0.005859375
23,readout,,1,1,"1,0,0,0",,,,,,0.27099609375,-0.540771484375,-0.146484375,-0.183837890625,0.3447265625,0.005859375
23,readout,,1,2,"1,0,0,0",,,,,,-3.9990234375,0.103271484375,-0.4130859375,-0.596923828125,0.3447265625,0.005859375
23,readout,,1,3,"1,0,0,0",,,,,,-0.861572265625,0.0478515625,-0.041259765625,-0.63818359375,0.3447265625,0.005859375
23,readout,,1,4,"1,0,0,0",,,,,,0.150634765625,-0.000244140625,0.0,-0.63818359375,0.3447265625,0.005859375
23,readout,,1,5,"1,0,0,0",,,,,,0.85595703125,0.17724609375,0.151611328125,-0.486572265625,0.3447265625,0.005859375
23,readout,,1,6,"1,0,0,0",,,,,,-2.481201171875,-0.113525390625,0.28173828125,-0.204833984375,0.3447265625,0.005859375
23,readout,,1,7,"1,0,0,0",,,,,,-2.587158203125,-0.090576171875,0.234375,0.029541015625,0.3447265625,0.005859375
23,readout,,1,8,"1,0,0,0",,,,,,0.201171875,0.736328125,0.148193359375,0.177734375,0.3447265625,0.005859375
23,readout,,1,9,"1,0,0,0",,,,,,-0.023681640625,0.166015625,-0.00390625,0.173828125,0.3447265625,0.005859375
23,readout,,1,10,"1,0,0,0",,,,,,1.0,-0.16796875,-0.16796875,0.005859375,0.3447265625,0.005859375
24,neuron,0,,,"1,0,0,0",-1.53369140625,-0.21142578125,0.0,-1.7451171875,0,,,,,,
24,neuron,1,,,"1,0,0,0",0.237060546875,0.04296875,0.052001953125,0.33203125,0,,,,,,
24,neuron,2,,,"1,0,0,0",-3.4990234375,-0.554931640625,0.0,-3.9990234375,0,,,,,,
24,neuron,3,,,"1,0,0,0",-0.75390625,-0.090576171875,0.0,-0.844482421875,0,,,,,,
24,neuron,4,,,"1,0,0,0",0.1318359375,0.15283203125,0.0,0.28466796875,0,,,,,,
24,neuron,5,,,"1,0,0,0",0.7490234375,0.571533203125,-0.02685546875,0.293701171875,1,,,,,,
24,neuron,6,,,"1,0,0,0",-2.171142578125,-0.427001953125,0.0,-2.59814453125,0,,,,,,
24,neuron,7,,,"1,0,0,0",-2.263671875,-0.383056640625,0.0,-2.646728515625,0,,,,,,
24,readout,,0,0,"1,0,0,0",,,,,,-1.7451171875,-0.245849609375,0.428955078125,0.428955078125,0.26025390625,-0.080810546875
24,readout,,0,1,"1,0,0,0",,,,,,0.33203125,0.25048828125,0.083251953125,0.51220703125,0.26025390625,-0.080810546875
24,readout,,0,2,"1,0,0,0",,,,,,-3.9990234375,-0.015380859375,0.0615234375,0.57373046875,0.26025390625,-0.080810546875
24,readout,,0,3,"1,0,0,0",,,,,,-0.844482421875,-0.057373046875,0.04833984375,0.6220703125,0.26025390625,-0.080810546875
24,readout,,0,4,"1,0,0,0",,,,,,0.28466796875,0.0048828125,0.00146484375,0.62353515625,0.26025390625,-0.080810546875
24,readout,,0,5,"1,0,0,0",,,,,,0.293701171875,0.10595703125,0.031005859375,0.654541015625,0.26025390625,-0.080810546875
24,readout,,0,6,"1,0,0,0",,,,,,-2.59814453125,-0.00244140625,0.00634765625,0.660888671875,0.26025390625,-0.080810546875
24,readout,,0,7,"1,0,0,0",,,,,,-2.646728515625,0.31591796875,-0.836181640625,-0.17529296875,0.26025390625,-0.080810546875
24,readout,,0,8,"1,0,0,0",,,,,,0.228759765625,1.9990234375,0.457275390625,0.281982421875,0.26025390625,-0.080810546875
24,readout,,0,9,"1,0,0,0",,,,,,0.013671875,-1.9990234375,-0.02734375,0.254638671875,0.26025390625,-0.080810546875
24,readout,,0,10,"1,0,0,0",,,,,,1.0,0.005615234375,0.005615234375,0.26025390625,0.26025390625,-0.080810546875
24,readout,,1,0,"1,0,0,0",,,,,,-1.7451171875,0.021240234375,-0.037109375,-0.037109375,0.26025390625,-0.080810546875
24,readout,,1,1,"1,0,0,0",,,,,,0.33203125,-0.540771484375,-0.179443359375,-0.216552734375,0.26025390625,-0.080810546875
24,readout,,1,2,"1,0,0,0",,,,,,-3.9990234375,0.103271484375,-0.4130859375,-0.629638671875,0.26025390625,-0.080810546875
24,readout,,1,3,"1,0,0,0",,,,,,-0.844482421875,0.0478515625,-0.04052734375,-0.670166015625,0.26025390625,-0.080810546875
24,readout,,1,4,"1,0,0,0",,,,,,0.28466796875,-0.000244140625,0.0,-0.670166015625,0.26025390625,-0.080810546875
24,readout,,1,5,"1,0,0,0",,,,,,0.293701171875,0.17724609375,0.052001953125,-0.6181640625,0.26025390625,-0.080810546875
24,readout,,1,6,"1,0,0,0",,,,,,-2.59814453125,-0.113525390625,0.294921875,-0.3232421875,0.26025390625,-0.080810546875
24,readout,,1,7,"1,0,0,0",,,,,,-2.646728515625,-0.090576171875,0.23974609375,-0.08349609375,0.26025390625,-0.080810546875
24,readout,,1,8,"1,0,0,0",,,,,,0.228759765625,0.736328125,0.16845703125,0.0849609375,0.26025390625,-0.080810546875
24,readout,,1,9,"1,0,0,0",,,,,,0.013671875,0.166015625,0.002197265625,0.087158203125,0.26025390625,-0.080810546875
24,readout,,1,10,"1,0,0,0",,,,,,1.0,-0.16796875,-0.16796875,-0.080810546875,0.26025390625,-0.080810546875
25,neuron,0,,,"1,0,0,0",-1.52685546875,-0.21142578125,0.0,-1.73828125,0,,,,,,
25,neuron,1,,,"1,0,0,0",0.29052734375,0.04296875,0.0,0.33349609375,0,,,,,,
25,neuron,2,,,"1,0,0,0",-3.4990234375,-0.554931640625,-0.0078125,-3.9990234375,0,,,,,,
25,neuron,3,,,"1,0,0,0",-0.739013671875,-0.090576171875,0.0,-0.82958984375,0,,,,,,
25,neuron,4,,,"1,0,0,0",0.2490234375,0.15283203125,0.14111328125,0.54296875,0,,,,,,
25,neuron,5,,,"1,0,0,0",0.257080078125,0.571533203125,0.0,0.82861328125,0,,,,,,
25,neuron,6,,,"1,0,0,0",-2.2734375,-0.427001953125,0.0,-2.700439453125,0,,,,,,
25,neuron,7,,,"1,0,0,0",-2.31591796875,-0.383056640625,0.0,-2.698974609375,0,,,,,,
25,readout,,0,0,"1,0,0,0",,,,,,-1.73828125,-0.245849609375,0.42724609375,0.42724609375,0.341064453125,0.039306640625
25,readout,,0,1,"1,0,0,0",,,,,,0.33349609375,0.25048828125,0.08349609375,0.5107421875,0.341064453125,0.039306640625
25,readout,,0,2,"1,0,0,0",,,,,,-3.9990234375,-0.015380859375,0.0615234375,0.572265625,0.341064453125,0.039306640625
25,readout,,0,3,"1,0,0,0",,,,,,-0.82958984375,-0.057373046875,0.047607421875,0.619873046875,0.341064453125,0.039306640625
25,readout,,0,4,"1,0,0,0",,,,,,0.54296875,0.0048828125,0.002685546875,0.62255859375,0.341064453125,0.039306640625
25,readout,,0,5,"1,0,0,0",,,,,,0.82861328125,0.10595703125,0.087890625,0.71044921875,0.341064453125,0.039306640625
25,readout,,0,6,"1,0,0,0",,,,,,-2.700439453125,-0.00244140625,0.006591796875,0.717041015625,0.341064453125,0.039306640625
25,readout,,0,7,"1,0,0,0",,,,,,-2.698974609375,0.31591796875,-0.8525390625,-0.135498046875,0.341064453125,0.039306640625
25,readout,,0,8,"1,0,0,0",,,,,,0.242431640625,1.9990234375,0.484619140625,0.34912109375,0.341064453125,0.039306640625
25,readout,,0,9,"1,0,0,0",,,,,,0.0068359375,-1.9990234375,-0.013671875,0.33544921875,0.341064453125,0.039306640625
25,readout,,0,10,"1,0,0,0",,,,,,1.0,0.005615234375,0.005615234375,0.341064453125,0.341064453125,0.039306640625
25,readout,,1,0,"1,0,0,0",,,,,,-1.73828125,0.021240234375,-0.036865234375,-0.036865234375,0.341064453125,0.039306640625
25,readout,,1,1,"1,0,0,0",,,,,,0.33349609375,-0.540771484375,-0.180419921875,-0.21728515625,0.341064453125,0.039306640625
25,readout,,1,2,"1,0,0,0",,,,,,-3.9990234375,0.103271484375,-0.4130859375,-0.63037109375,0.341064453125,0.039306640625
25,readout,,1,3,"1,0,0,0",,,,,,-0.82958984375,0.0478515625,-0.039794921875,-0.670166015625,0.341064453125,0.039306640625
25,readout,,1,4,"1,0,0,0",,,,,,0.54296875,-0.000244140625,-0.000244140625,-0.67041015625,0.341064453125,0.039306640625
25,readout,,1,5,"1,0,0,0",,,,,,0.82861328125,0.17724609375,0.14697265625,-0.5234375,0.341064453125,0.039306640625
25,readout,,1,6,"1,0,0,0",,,,,,-2.700439453125,-0.113525390625,0.306640625,-0.216796875,0.341064453125,0.039306640625
25,readout,,1,7,"1,0,0,0",,,,,,-2.698974609375,-0.090576171875,0.244384765625,0.027587890625,0.341064453125,0.039306640625
25,readout,,1,8,"1,0,0,0",,,,,,0.242431640625,0.736328125,0.178466796875,0.2060546875,0.341064453125,0.039306640625
25,readout,,1,9,"1,0,0,0",,,,,,0.0068359375,0.166015625,0.001220703125,0.207275390625,0.341064453125,0.039306640625
25,readout,,1,10,"1,0,0,0",,,,,,1.0,-0.16796875,-0.16796875,0.039306640625,0.341064453125,0.039306640625
26,neuron,0,,,"1,0,0,0",-1.52099609375,-0.21142578125,0.0,-1.732421875,0,,,,,,
26,neuron,1,,,"1,0,0,0",0.291748046875,0.04296875,0.0,0.334716796875,0,,,,,,
26,neuron,2,,,"1,0,0,0",-3.4990234375,-0.554931640625,0.0,-3.9990234375,0,,,,,,
26,neuron,3,,,"1,0,0,0",-0.725830078125,-0.090576171875,0.0,-0.81640625,0,,,,,,
26,neuron,4,,,"1,0,0,0",0.47509765625,0.15283203125,0.0,0.6279296875,0,,,,,,
26,neuron,5,,,"1,0,0,0",0.72509765625,0.571533203125,0.0,0.296630859375,1,,,,,,
26,neuron,6,,,"1,0,0,0",-2.36279296875,-0.427001953125,0.0,-2.789794921875,0,,,,,,
26,neuron,7,,,"1,0,0,0",-2.361572265625,-0.383056640625,0.0,-2.74462890625,0,,,,,,
26,readout,,0,0,"1,0,0,0",,,,,,-1.732421875,-0.245849609375,0.426025390625,0.426025390625,0.255859375,-0.06396484375
26,readout,,0,1,"1,0,0,0",,,,,,0.334716796875,0.25048828125,0.083740234375,0.509765625,0.255859375,-0.06396484375
26,readout,,0,2,"1,0,0,0",,,,,,-3.9990234375,-0.015380859375,0.0615234375,0.5712890625,0.255859375,-0.06396484375
26,readout,,0,3,"1,0,0,0",,,,,,-0.81640625,-0.057373046875,0.046875,0.6181640625,0.255859375,-0.06396484375
26,readout,,0,4,"1,0,0,0",,,,,,0.6279296875,0.0048828125,0.003173828125,0.621337890625,0.255859375,-0.06396484375
26,readout,,0,5,"1,0,0,0",,,,,,0.296630859375,0.10595703125,0.031494140625,0.65283203125,0.255859375,-0.06396484375
26,readout,,0,6,"1,0,0,0",,,,,,-2.789794921875,-0.00244140625,0.0068359375,0.65966796875,0.255859375,-0.06396484375
26,readout,,0,7,"1,0,0,0",,,,,,-2.74462890625,0.31591796875,-0.8671875,-0.20751953125,0.255859375,-0.06396484375
26,readout,,0,8,"1,0,0,0",,,,,,0.215576171875,1.9990234375,0.430908203125,0.223388671875,0.255859375,-0.06396484375
26,readout,,0,9,"1,0,0,0",,,,,,-0.013427734375,-1.9990234375,0.02685546875,0.250244140625,0.255859375,-0.06396484375
26,readout,,0,10,"1,0,0,0",,,,,,1.0,0.005615234375,0.005615234375,0.255859375,0.255859375,-0.06396484375
26,readout,,1,0,"1,0,0,0",,,,,,-1.732421875,0.021240234375,-0.036865234375,-0.036865234375,0.255859375,-0.06396484375
26,readout,,1,1,"1,0,0,0",,,,,,0.334716796875,-0.540771484375,-0.180908203125,-0.2177734375,0.255859375,-0.06396484375
26,readout,,1,2,"1,0,0,0",,,,,,-3.9990234375,0.103271484375,-0.4130859375,-0.630859375,0.255859375,-0.06396484375
26,readout,,1,3,"1,0,0,0",,,,,,-0.81640625,0.0478515625,-0.0390625,-0.669921875,0.255859375,-0.06396484375
26,readout,,1,4,"1,0,0,0",,,,,,0.6279296875,-0.000244140625,-0.000244140625,-0.670166015625,0.255859375,-0.06396484375
26,readout,,1,5,"1,0,0,0",,,,,,0.296630859375,0.17724609375,0.052490234375,-0.61767578125,0.255859375,-0.06396484375
26,readout,,1,6,"1,0,0,0",,,,,,-2.789794921875,-0.113525390625,0.316650390625,-0.301025390625,0.255859375,-0.06396484375
26,readout,,1,7,"1,0,0,0",,,,,,-2.74462890625,-0.090576171875,0.24853515625,-0.052490234375,0.255859375,-0.06396484375
26,readout,,1,8,"1,0,0,0",,,,,,0.215576171875,0.736328125,0.15869140625,0.106201171875,0.255859375,-0.06396484375
26,readout,,1,9,"1,0,0,0",,,,,,-0.013427734375,0.166015625,-0.002197265625,0.10400390625,0.255859375,-0.06396484375
26,readout,,1,10,"1,0,0,0",,,,,,1.0,-0.16796875,-0.16796875,-0.06396484375,0.255859375,-0.06396484375
27,neuron,0,,,"1,0,0,0",-1.515869140625,-0.21142578125,0.0,-1.727294921875,0,,,,,,
27,neuron,1,,,"1,0,0,0",0.29296875,0.04296875,0.0,0.3359375,0,,,,,,
27,neuron,2,,,"1,0,0,0",-3.4990234375,-0.554931640625,-0.0078125,-3.9990234375,0,,,,,,
27,neuron,3,,,"1,0,0,0",-0.71435546875,-0.090576171875,0.0,-0.804931640625,0,,,,,,
27,neuron,4,,,"1,0,0,0",0.54931640625,0.15283203125,0.14111328125,0.84326171875,0,,,,,,
27,neuron,5,,,"1,0,0,0",0.259521484375,0.571533203125,0.0,0.8310546875,0,,,,,,
27,neuron,6,,,"1,0,0,0",-2.441162109375,-0.427001953125,0.0,-2.8681640625,0,,,,,,
27,neuron,7,,,"1,0,0,0",-2.401611328125,-0.383056640625,0.0,-2.78466796875,0,,,,,,
27,readout,,0,0,"1,0,0,0",,,,,,-1.727294921875,-0.245849609375,0.424560546875,0.424560546875,0.308349609375,0.074951171875
27,readout,,0,1,"1,0,0,0",,,,,,0.3359375,0.25048828125,0.084228515625,0.5087890625,0.308349609375,0.074951171875
27,readout,,0,2,"1,0,0,0",,,,,,-3.9990234375,-0.015380859375,0.0615234375,0.5703125,0.308349609375,0.074951171875
27,readout,,0,3,"1,0,0,0",,,,,,-0.804931640625,-0.057373046875,0.046142578125,0.616455078125,0.308349609375,0.074951171875
27,readout,,0,4,"1,0,0,0",,,,,,0.84326171875,0.0048828125,0.004150390625,0.62060546875,0.308349609375,0.074951171875
27,readout,,0,5,"1,0,0,0",,,,,,0.8310546875,0.10595703125,0.088134765625,0.708740234375,0.308349609375,0.074951171875
27,readout,,0,6,"1,0,0,0",,,,,,-2.8681640625,-0.00244140625,0.007080078125,0.7158203125,0.308349609375,0.074951171875
27,readout,,0,7,"1,0,0,0",,,,,,-2.78466796875,0.31591796875,-0.879638671875,-0.163818359375,0.308349609375,0.074951171875
27,readout,,0,8,"1,0,0,0",,,,,,0.251220703125,1.9990234375,0.502197265625,0.33837890625,0.308349609375,0.074951171875
27,readout,,0,9,"1,0,0,0",,,,,,0.017822265625,-1.9990234375,-0.03564453125,0.302734375,0.308349609375,0.074951171875
27,readout,,0,10,"1,0,0,0",,,,,,1.0,0.005615234375,0.005615234375,0.308349609375,0.308349609375,0.074951171875
27,readout,,1,0,"1,0,0,0",,,,,,-1.727294921875,0.021240234375,-0.03662109375,-0.03662109375,0.308349609375,0.074951171875
27,readout,,1,1,"1,0,0,0",,,,,,0.3359375,-0.540771484375,-0.181640625,-0.21826171875,0.308349609375,0.074951171875
27,readout,,1,2,"1,0,0,0",,,,,,-3.9990234375,0.103271484375,-0.4130859375,-0.63134765625,0.308349609375,0.074951171875
27,readout,,1,3,"1,0,0,0",,,,,,-0.804931640625,0.0478515625,-0.03857421875,-0.669921875,0.308349609375,0.074951171875
27,readout,,1,4,"1,0,0,0",,,,,,0.84326171875,-0.000244140625,-0.000244140625,-0.670166015625,0.308349609375,0.074951171875
27,readout,,1,5,"1,0,0,0",,,,,,0.8310546875,0.17724609375,0.147216796875,-0.52294921875,0.308349609375,0.074951171875
27,readout,,1,6,"1,0,0,0",,,,,,-2.8681640625,-0.113525390625,0.32568359375,-0.197265625,0.308349609375,0.074951171875
27,readout,,1,7,"1,0,0,0",,,,,,-2.78466796875,-0.090576171875,0.252197265625,0.054931640625,0.308349609375,0.074951171875
27,readout,,1,8,"1,0,0,0",,,,,,0.251220703125,0.736328125,0.18505859375,0.239990234375,0.308349609375,0.074951171875
27,readout,,1,9,"1,0,0,0",,,,,,0.017822265625,0.166015625,0.0029296875,0.242919921875,0.308349609375,0.074951171875
27,readout,,1,10,"1,0,0,0",,,,,,1.0,-0.16796875,-0.16796875,0.074951171875,0.308349609375,0.074951171875
28,neuron,0,,,"1,0,0,0",-1.511474609375,-0.21142578125,0.0,-1.722900390625,0,,,,,,
28,neuron,1,,,"1,0,0,0",0.2939453125,0.04296875,0.0,0.3369140625,0,,,,,,
28,neuron,2,,,"1,0,0,0",-3.4990234375,-0.554931640625,0.0,-3.9990234375,0,,,,,,
28,neuron,3,,,"1,0,0,0",-0.704345703125,-0.090576171875,0.0,-0.794921875,0,,,,,,
28,neuron,4,,,"1,0,0,0",0.73779296875,0.15283203125,0.0,0.890625,0,,,,,,
28,neuron,5,,,"1,0,0,0",0.72705078125,0.571533203125,0.0,0.298583984375,1,,,,,,
28,neuron,6,,,"1,0,0,0",-2.509765625,-0.427001953125,0.0,-2.936767578125,0,,,,,,
28,neuron,7,,,"1,0,0,0",-2.4365234375,-0.383056640625,0.0,-2.819580078125,0,,,,,,
28,readout,,0,0,"1,0,0,0",,,,,,-1.722900390625,-0.245849609375,0.423583984375,0.423583984375,0.29150390625,0.001708984375
28,readout,,0,1,"1,0,0,0",,,,,,0.3369140625,0.25048828125,0.08447265625,0.508056640625,0.29150390625,0.001708984375
28,readout,,0,2,"1,0,0,0",,,,,,-3.9990234375,-0.015380859375,0.0615234375,0.569580078125,0.29150390625,0.001708984375
28,readout,,0,3,"1,0,0,0",,,,,,-0.794921875,-0.057373046875,0.045654296875,0.615234375,0.29150390625,0.001708984375
28,readout,,0,4,"1,0,0,0",,,,,,0.890625,0.0048828125,0.00439453125,0.61962890625,0.29150390625,0.001708984375
28,readout,,0,5,"1,0,0,0",,,,,,0.298583984375,0.10595703125,0.03173828125,0.6513671875,0.29150390625,0.001708984375
28,readout,,0,6,"1,0,0,0",,,,,,-2.936767578125,-0.00244140625,0.007080078125,0.658447265625,0.29150390625,0.001708984375
28,readout,,0,7,"1,0,0,0",,,,,,-2.819580078125,0.31591796875,-0.890869140625,-0.232421875,0.29150390625,0.001708984375
28,readout,,0,8,"1,0,0,0",,,,,,0.267333984375,1.9990234375,0.534423828125,0.302001953125,0.29150390625,0.001708984375
28,readout,,0,9,"1,0,0,0",,,,,,0.008056640625,-1.9990234375,-0.01611328125,0.285888671875,0.29150390625,0.001708984375
28,readout,,0,10,"1,0,0,0",,,,,,1.0,0.005615234375,0.005615234375,0.29150390625,0.29150390625,0.001708984375
28,readout,,1,0,"1,0,0,0",,,,,,-1.722900390625,0.021240234375,-0.03662109375,-0.03662109375,0.29150390625,0.001708984375
28,readout,,1,1,"1,0,0,0",,,,,,0.3369140625,-0.540771484375,-0.18212890625,-0.21875,0.29150390625,0.001708984375
28,readout,,1,2,"1,0,0,0",,,,,,-3.9990234375,0.103271484375,-0.4130859375,-0.6318359375,0.29150390625,0.001708984375
28,readout,,1,3,"1,0,0,0",,,,,,-0.794921875,0.0478515625,-0.0380859375,-0.669921875,0.29150390625,0.001708984375
28,readout,,1,4,"1,0,0,0",,,,,,0.890625,-0.000244140625,-0.000244140625,-0.670166015625,0.29150390625,0.001708984375
28,readout,,1,5,"1,0,0,0",,,,,,0.298583984375,0.17724609375,0.052978515625,-0.6171875,0.29150390625,0.001708984375
28,readout,,1,6,"1,0,0,0",,,,,,-2.936767578125,-0.113525390625,0.33349609375,-0.28369140625,0.29150390625,0.001708984375
28,readout,,1,7,"1,0,0,0",,,,,,-2.819580078125,-0.090576171875,0.25537109375,-0.0283203125,0.29150390625,0.001708984375
28,readout,,1,8,"1,0,0,0",,,,,,0.267333984375,0.736328125,0.19677734375,0.16845703125,0.29150390625,0.001708984375
28,readout,,1,9,"1,0,0,0",,,,,,0.008056640625,0.166015625,0.001220703125,0.169677734375,0.29150390625,0.001708984375
28,readout,,1,10,"1,0,0,0",,,,,,1.0,-0.16796875,-0.16796875,0.001708984375,0.29150390625,0.001708984375
29,neuron,0,,,"1,0,0,0",-1.507568359375,-0.21142578125,0.0,-1.718994140625,0,,,,,,
29,neuron,1,,,"1,0,0,0",0.294921875,0.04296875,0.0,0.337890625,0,,,,,,
29,neuron,2,,,"1,0,0,0",-3.4990234375,-0.554931640625,-0.0078125,-3.9990234375,0,,,,,,
29,neuron,3,,,"1,0,0,0",-0.695556640625,-0.090576171875,0.0,-0.7861328125,0,,,,,,
29,neuron,4,,,"1,0,0,0",0.779296875,0.15283203125,0.14111328125,0.0732421875,1,,,,,,
29,neuron,5,,,"1,0,0,0",0.26123046875,0.571533203125,0.0,0.832763671875,0,,,,,,
29,neuron,6,,,"1,0,0,0",-2.569580078125,-0.427001953125,0.0,-2.99658203125,0,,,,,,
29,neuron,7,,,"1,0,0,0",-2.467041015625,-0.383056640625,0.0,-2.85009765625,0,,,,,,
29,readout,,0,0,"1,0,0,0",,,,,,-1.718994140625,-0.245849609375,0.422607421875,0.422607421875,0.284912109375,0.05224609375
29,readout,,0,1,"1,0,0,0",,,,,,0.337890625,0.25048828125,0.084716796875,0.50732421875,0.284912109375,0.05224609375
29,readout,,0,2,"1,0,0,0",,,,,,-3.9990234375,-0.015380859375,0.0615234375,0.56884765625,0.284912109375,0.05224609375
29,readout,,0,3,"1,0,0,0",,,,,,-0.7861328125,-0.057373046875,0.045166015625,0.614013671875,0.284912109375,0.05224609375
29,readout,,0,4,"1,0,0,0",,,,,,0.0732421875,0.0048828125,0.000244140625,0.6142578125,0.284912109375,0.05224609375
29,readout,,0,5,"1,0,0,0",,,,,,0.832763671875,0.10595703125,0.088134765625,0.702392578125,0.284912109375,0.05224609375
29,readout,,0,6,"1,0,0,0",,,,,,-2.99658203125,-0.00244140625,0.00732421875,0.709716796875,0.284912109375,0.05224609375
29,readout,,0,7,"1,0,0,0",,,,,,-2.85009765625,0.31591796875,-0.900390625,-0.190673828125,0.284912109375,0.05224609375
29,readout,,0,8,"1,0,0,0",,,,,,0.203125,1.9990234375,0.406005859375,0.21533203125,0.284912109375,0.05224609375
29,readout,,0,9,"1,0,0,0",,,,,,-0.031982421875,-1.9990234375,0.06396484375,0.279296875,0.284912109375,0.05224609375
29,readout,,0,10,"1,0,0,0",,,,,,1.0,0.005615234375,0.005615234375,0.284912109375,0.284912109375,0.05224609375
29,readout,,1,0,"1,0,0,0",,,,,,-1.718994140625,0.021240234375,-0.03662109375,-0.03662109375,0.284912109375,0.05224609375
29,readout,,1,1,"1,0,0,0",,,,,,0.337890625,-0.540771484375,-0.1826171875,-0.21923828125,0.284912109375,0.05224609375
29,readout,,1,2,"1,0,0,0",,,,,,-3.9990234375,0.103271484375,-0.4130859375,-0.63232421875,0.284912109375,0.05224609375
29,readout,,1,3,"1,0,0,0",,,,,,-0.7861328125,0.0478515625,-0.03759765625,-0.669921875,0.284912109375,0.05224609375
29,readout,,1,4,"1,0,0,0",,,,,,0.0732421875,-0.000244140625,0.0,-0.669921875,0.284912109375,0.05224609375
29,readout,,1,5,"1,0,0,0",,,,,,0.832763671875,0.17724609375,0.147705078125,-0.522216796875,0.284912109375,0.05224609375
29,readout,,1,6,"1,0,0,0",,,,,,-2.99658203125,-0.113525390625,0.340087890625,-0.18212890625,0.284912109375,0.05224609375
29,readout,,1,7,"1,0,0,0",,,,,,-2.85009765625,-0.090576171875,0.258056640625,0.075927734375,0.284912109375,0.05224609375
29,readout,,1,8,"1,0,0,0",,,,,,0.203125,0.736328125,0.149658203125,0.2255859375,0.284912109375,0.05224609375
29,readout,,1,9,"1,0,0,0",,,,,,-0.031982421875,0.166015625,-0.00537109375,0.22021484375,0.284912109375,0.05224609375
29,readout,,1,10,"1,0,0,0",,,,,,1.0,-0.16796875,-0.16796875,0.05224609375,0.284912109375,0.05224609375
30,neuron,0,,,"1,0,0,0",-1.504150390625,-0.21142578125,0.0,-1.715576171875,0,,,,,,
30,neuron,1,,,"1,0,0,0",0.295654296875,0.04296875,0.052001953125,0.390625,0,,,,,,
30,neuron,2,,,"1,0,0,0",-3.4990234375,-0.554931640625,0.0,-3.9990234375,0,,,,,,
30,neuron,3,,,"1,0,0,0",-0.68798828125,-0.090576171875,0.0,-0.778564453125,0,,,,,,
30,neuron,4,,,"1,0,0,0",0.06396484375,0.15283203125,0.0,0.216796875,0,,,,,,
30,neuron,5,,,"1,0,0,0",0.728759765625,0.571533203125,-0.02685546875,0.2734375,1,,,,,,
30,neuron,6,,,"1,0,0,0",-2.6220703125,-0.427001953125,0.0,-3.049072265625,0,,,,,,
30,neuron,7,,,"1,0,0,0",-2.493896484375,-0.383056640625,0.0,-2.876953125,0,,,,,,
30,readout,,0,0,"1,0,0,0",,,,,,-1.715576171875,-0.245849609375,0.421875,0.421875,0.2451171875,0.003662109375
30,readout,,0,1,"1,0,0,0",,,,,,0.390625,0.25048828125,0.097900390625,0.519775390625,0.2451171875,0.003662109375
30,readout,,0,2,"1,0,0,0",,,,,,-3.9990234375,-0.015380859375,0.0615234375,0.581298828125,0.2451171875,0.003662109375
30,readout,,0,3,"1,0,0,0",,,,,,-0.778564453125,-0.057373046875,0.044677734375,0.6259765625,0.2451171875,0.003662109375
30,readout,,0,4,"1,0,0,0",,,,,,0.216796875,0.0048828125,0.0009765625,0.626953125,0.2451171875,0.003662109375
30,readout,,0,5,"1,0,0,0",,,,,,0.2734375,0.10595703125,0.029052734375,0.656005859375,0.2451171875,0.003662109375
30,readout,,0,6,"1,0,0,0",,,,,,-3.049072265625,-0.00244140625,0.00732421875,0.663330078125,0.2451171875,0.003662109375
30,readout,,0,7,"1,0,0,0",,,,,,-2.876953125,0.31591796875,-0.908935546875,-0.24560546875,0.2451171875,0.003662109375
30,readout,,0,8,"1,0,0,0",,,,,,0.2822265625,1.9990234375,0.564208984375,0.318603515625,0.2451171875,0.003662109375
30,readout,,0,9,"1,0,0,0",,,,,,0.03955078125,-1.9990234375,-0.0791015625,0.239501953125,0.2451171875,0.003662109375
30,readout,,0,10,"1,0,0,0",,,,,,1.0,0.005615234375,0.005615234375,0.2451171875,0.2451171875,0.003662109375
30,readout,,1,0,"1,0,0,0",,,,,,-1.715576171875,0.021240234375,-0.036376953125,-0.036376953125,0.2451171875,0.003662109375
30,readout,,1,1,"1,0,0,0",,,,,,0.390625,-0.540771484375,-0.211181640625,-0.24755859375,0.2451171875,0.003662109375
30,readout,,1,2,"1,0,0,0",,,,,,-3.9990234375,0.103271484375,-0.4130859375,-0.66064453125,0.2451171875,0.003662109375
30,readout,,1,3,"1,0,0,0",,,,,,-0.778564453125,0.0478515625,-0.037353515625,-0.697998046875,0.2451171875,0.003662109375
30,readout,,1,4,"1,0,0,0",,,,,,0.216796875,-0.000244140625,0.0,-0.697998046875,0.2451171875,0.003662109375
30,readout,,1,5,"1,0,0,0",,,,,,0.2734375,0.17724609375,0.048583984375,-0.6494140625,0.2451171875,0.003662109375
30,readout,,1,6,"1,0,0,0",,,,,,-3.049072265625,-0.113525390625,0.34619140625,-0.30322265625,0.2451171875,0.003662109375
30,readout,,1,7,"1,0,0,0",,,,,,-2.876953125,-0.090576171875,0.260498046875,-0.042724609375,0.2451171875,0.003662109375
30,readout,,1,8,"1,0,0,0",,,,,,0.2822265625,0.736328125,0.207763671875,0.1650390625,0.2451171875,0.003662109375
30,readout,,1,9,"1,0,0,0",,,,,,0.03955078125,0.166015625,0.006591796875,0.171630859375,0.2451171875,0.003662109375
30,readout,,1,10,"1,0,0,0",,,,,,1.0,-0.16796875,-0.16796875,0.003662109375,0.2451171875,0.003662109375
31,neuron,0,,,"1,0,0,0",-1.501220703125,-0.21142578125,0.0,-1.712646484375,0,,,,,,
31,neuron,1,,,"1,0,0,0",0.341796875,0.04296875,0.0,0.384765625,0,,,,,,
31,neuron,2,,,"1,0,0,0",-3.4990234375,-0.554931640625,-0.0078125,-3.9990234375,0,,,,,,
31,neuron,3,,,"1,0,0,0",-0.68115234375,-0.090576171875,0.0,-0.771728515625,0,,,,,,
31,neuron,4,,,"1,0,0,0",0.189697265625,0.15283203125,0.14111328125,0.483642578125,0,,,,,,
31,neuron,5,,,"1,0,0,0",0.2392578125,0.571533203125,0.0,0.810791015625,0,,,,,,
31,neuron,6,,,"1,0,0,0",-2.66796875,-0.427001953125,0.0,-3.094970703125,0,,,,,,
31,neuron,7,,,"1,0,0,0",-2.517333984375,-0.383056640625,0.0,-2.900390625,0,,,,,,
31,readout,,0,0,"1,0,0,0",,,,,,-1.712646484375,-0.245849609375,0.421142578125,0.421142578125,0.361572265625,0.09423828125
31,readout,,0,1,"1,0,0,0",,,,,,0.384765625,0.25048828125,0.096435546875,0.517578125,0.361572265625,0.09423828125
31,readout,,0,2,"1,0,0,0",,,,,,-3.9990234375,-0.015380859375,0.0615234375,0.5791015625,0.361572265625,0.09423828125
31,readout,,0,3,"1,0,0,0",,,,,,-0.771728515625,-0.057373046875,0.044189453125,0.623291015625,0.361572265625,0.09423828125
31,readout,,0,4,"1,0,0,0",,,,,,0.483642578125,0.0048828125,0.00244140625,0.625732421875,0.361572265625,0.09423828125
31,readout,,0,5,"1,0,0,0",,,,,,0.810791015625,0.10595703125,0.0859375,0.711669921875,0.361572265625,0.09423828125
31,readout,,0,6,"1,0,0,0",,,,,,-3.094970703125,-0.00244140625,0.007568359375,0.71923828125,0.361572265625,0.09423828125
31,readout,,0,7,"1,0,0,0",,,,,,-2.900390625,0.31591796875,-0.916259765625,-0.197021484375,0.361572265625,0.09423828125
31,readout,,0,8,"1,0,0,0",,,,,,0.271240234375,1.9990234375,0.542236328125,0.34521484375,0.361572265625,0.09423828125
31,readout,,0,9,"1,0,0,0",,,,,,-0.00537109375,-1.9990234375,0.0107421875,0.35595703125,0.361572265625,0.09423828125
31,readout,,0,10,"1,0,0,0",,,,,,1.0,0.005615234375,0.005615234375,0.361572265625,0.361572265625,0.09423828125
31,readout,,1,0,"1,0,0,0",,,,,,-1.712646484375,0.021240234375,-0.036376953125,-0.036376953125,0.361572265625,0.09423828125
31,readout,,1,1,"1,0,0,0",,,,,,0.384765625,-0.540771484375,-0.2080078125,-0.244384765625,0.361572265625,0.09423828125
31,readout,,1,2,"1,0,0,0",,,,,,-3.9990234375,0.103271484375,-0.4130859375,-0.657470703125,0.361572265625,0.09423828125
31,readout,,1,3,"1,0,0,0",,,,,,-0.771728515625,0.0478515625,-0.036865234375,-0.6943359375,0.361572265625,0.09423828125
31,readout,,1,4,"1,0,0,0",,,,,,0.483642578125,-0.000244140625,0.0,-0.6943359375,0.361572265625,0.09423828125
31,readout,,1,5,"1,0,0,0",,,,,,0.810791015625,0.17724609375,0.143798828125,-0.550537109375,0.361572265625,0.09423828125
31,readout,,1,6,"1,0,0,0",,,,,,-3.094970703125,-0.113525390625,0.351318359375,-0.19921875,0.361572265625,0.09423828125
31,readout,,1,7,"1,0,0,0",,,,,,-2.900390625,-0.090576171875,0.2626953125,0.0634765625,0.361572265625,0.09423828125
31,readout,,1,8,"1,0,0,0",,,,,,0.271240234375,0.736328125,0.19970703125,0.26318359375,0.361572265625,0.09423828125
31,readout,,1,9,"1,0,0,0",,,,,,-0.00537109375,0.166015625,-0.0009765625,0.26220703125,0.361572265625,0.09423828125
31,readout,,1,10,"1,0,0,0",,,,,,1.0,-0.16796875,-0.16796875,0.09423828125,0.361572265625,0.09423828125
32,neuron,0,,,"1,0,0,0",-1.49853515625,-0.21142578125,0.0,-1.7099609375,0,,,,,,
32,neuron,1,,,"1,0,0,0",0.336669921875,0.04296875,0.0,0.379638671875,0,,,,,,
32,neuron,2,,,"1,0,0,0",-3.4990234375,-0.554931640625,0.0,-3.9990234375,0,,,,,,
32,neuron,3,,,"1,0,0,0",-0.67529296875,-0.090576171875,0.0,-0.765869140625,0,,,,,,
32,neuron,4,,,"1,0,0,0",0.423095703125,0.15283203125,0.0,0.575927734375,0,,,,,,
32,neuron,5,,,"1,0,0,0",0.70947265625,0.571533203125,0.0,0.281005859375,1,,,,,,
32,neuron,6,,,"1,0,0,0",-2.7080078125,-0.427001953125,0.0,-3.135009765625,0,,,,,,
32,neuron,7,,,"1,0,0,0",-2.537841796875,-0.383056640625,0.0,-2.9208984375,0,,,,,,
32,readout,,0,0,"1,0,0,0",,,,,,-1.7099609375,-0.245849609375,0.42041015625,0.42041015625,0.266845703125,-0.005615234375
32,readout,,0,1,"1,0,0,0",,,,,,0.379638671875,0.25048828125,0.09521484375,0.515625,0.266845703125,-0.005615234375
32,readout,,0,2,"1,0,0,0",,,,,,-3.9990234375,-0.015380859375,0.0615234375,0.5771484375,0.266845703125,-0.005615234375
32,readout,,0,3,"1,0,0,0",,,,,,-0.765869140625,-0.057373046875,0.0439453125,0.62109375,0.266845703125,-0.005615234375
32,readout,,0,4,"1,0,0,0",,,,,,0.575927734375,0.0048828125,0.0029296875,0.6240234375,0.266845703125,-0.005615234375
32,readout,,0,5,"1,0,0,0",,,,,,0.281005859375,0.10595703125,0.02978515625,0.65380859375,0.266845703125,-0.005615234375
32,readout,,0,6,"1,0,0,0",,,,,,-3.135009765625,-0.00244140625,0.007568359375,0.661376953125,0.266845703125,-0.005615234375
32,readout,,0,7,"1,0,0,0",,,,,,-2.9208984375,0.31591796875,-0.9228515625,-0.261474609375,0.266845703125,-0.005615234375
32,readout,,0,8,"1,0,0,0",,,,,,0.251708984375,1.9990234375,0.503173828125,0.24169921875,0.266845703125,-0.005615234375
32,readout,,0,9,"1,0,0,0",,,,,,-0.009765625,-1.9990234375,0.01953125,0.26123046875,0.266845703125,-0.005615234375
32,readout,,0,10,"1,0,0,0",,,,,,1.0,0.005615234375,0.005615234375,0.266845703125,0.266845703125,-0.005615234375
32,readout,,1,0,"1,0,0,0",,,,,,-1.7099609375,0.021240234375,-0.036376953125,-0.036376953125,0.266845703125,-0.005615234375
32,readout,,1,1,"1,0,0,0",,,,,,0.379638671875,-0.540771484375,-0.205322265625,-0.24169921875,0.266845703125,-0.005615234375
32,readout,,1,2,"1,0,0,0",,,,,,-3.9990234375,0.103271484375,-0.4130859375,-0.65478515625,0.266845703125,-0.005615234375
32,readout,,1,3,"1,0,0,0",,,,,,-0.765869140625,0.0478515625,-0.03662109375,-0.69140625,0.266845703125,-0.005615234375
32,readout,,1,4,"1,0,0,0",,,,,,0.575927734375,-0.000244140625,-0.000244140625,-0.691650390625,0.266845703125,-0.005615234375
32,readout,,1,5,"1,0,0,0",,,,,,0.281005859375,0.17724609375,0.0498046875,-0.641845703125,0.266845703125,-0.005615234375
32,readout,,1,6,"1,0,0,0",,,,,,-3.135009765625,-0.113525390625,0.35595703125,-0.285888671875,0.266845703125,-0.005615234375
32,readout,,1,7,"1,0,0,0",,,,,,-2.9208984375,-0.090576171875,0.2646484375,-0.021240234375,0.266845703125,-0.005615234375
32,readout,,1,8,"1,0,0,0",,,,,,0.251708984375,0.736328125,0.185302734375,0.1640625,0.266845703125,-0.005615234375
32,readout,,1,9,"1,0,0,0",,,,,,-0.009765625,0.166015625,-0.001708984375,0.162353515625,0.266845703125,-0.005615234375
32,readout,,1,10,"1,0,0,0",,,,,,1.0,-0.16796875,-0.16796875,-0.005615234375,0.266845703125,-0.005615234375
33,neuron,0,,,"1,0,0,0",-1.49609375,-0.21142578125,0.0,-1.70751953125,0,,,,,,
33,neuron,1,,,"1,0,0,0",0.332275390625,0.04296875,0.0,0.375244140625,0,,,,,,
33,neuron,2,,,"1,0,0,0",-3.4990234375,-0.554931640625,-0.0078125,-3.9990234375,0,,,,,,
33,neuron,3,,,"1,0,0,0",-0.670166015625,-0.090576171875,0.0,-0.7607421875,0,,,,,,
33,neuron,4,,,"1,0,0,0",0.50390625,0.15283203125,0.14111328125,0.7978515625,0,,,,,,
33,neuron,5,,,"1,0,0,0",0.245849609375,0.571533203125,0.0,0.8173828125,0,,,,,,
33,neuron,6,,,"1,0,0,0",-2.7431640625,-0.427001953125,0.0,-3.170166015625,0,,,,,,
33,neuron,7,,,"1,0,0,0",-2.5556640625,-0.383056640625,0.0,-2.938720703125,0,,,,,,
33,readout,,0,0,"1,0,0,0",,,,,,-1.70751953125,-0.245849609375,0.419677734375,0.419677734375,0.372802734375,0.160888671875
33,readout,,0,1,"1,0,0,0",,,,,,0.375244140625,0.25048828125,0.093994140625,0.513671875,0.372802734375,0.160888671875
33,readout,,0,2,"1,0,0,0",,,,,,-3.9990234375,-0.015380859375,0.0615234375,0.5751953125,0.372802734375,0.160888671875
33,readout,,0,3,"1,0,0,0",,,,,,-0.7607421875,-0.057373046875,0.043701171875,0.618896484375,0.372802734375,0.160888671875
33,readout,,0,4,"1,0,0,0",,,,,,0.7978515625,0.0048828125,0.00390625,0.622802734375,0.372802734375,0.160888671875
33,readout,,0,5,"1,0,0,0",,,,,,0.8173828125,0.10595703125,0.086669921875,0.70947265625,0.372802734375,0.160888671875
33,readout,,0,6,"1,0,0,0",,,,,,-3.170166015625,-0.00244140625,0.0078125,0.71728515625,0.372802734375,0.160888671875
33,readout,,0,7,"1,0,0,0",,,,,,-2.938720703125,0.31591796875,-0.928466796875,-0.211181640625,0.372802734375,0.160888671875
33,readout,,0,8,"1,0,0,0",,,,,,0.326904296875,1.9990234375,0.653564453125,0.4423828125,0.372802734375,0.160888671875
33,readout,,0,9,"1,0,0,0",,,,,,0.03759765625,-1.9990234375,-0.0751953125,0.3671875,0.372802734375,0.160888671875
33,readout,,0,10,"1,0,0,0",,,,,,1.0,0.005615234375,0.005615234375,0.372802734375,0.372802734375,0.160888671875
33,readout,,1,0,"1,0,0,0",,,,,,-1.70751953125,0.021240234375,-0.036376953125,-0.036376953125,0.372802734375,0.160888671875
33,readout,,1,1,"1,0,0,0",,,,,,0.375244140625,-0.540771484375,-0.202880859375,-0.2392578125,0.372802734375,0.160888671875
33,readout,,1,2,"1,0,0,0",,,,,,-3.9990234375,0.103271484375,-0.4130859375,-0.65234375,0.372802734375,0.160888671875
33,readout,,1,3,"1,0,0,0",,,,,,-0.7607421875,0.0478515625,-0.036376953125,-0.688720703125,0.372802734375,0.160888671875
33,readout,,1,4,"1,0,0,0",,,,,,0.7978515625,-0.000244140625,-0.000244140625,-0.68896484375,0.372802734375,0.160888671875
33,readout,,1,5,"1,0,0,0",,,,,,0.8173828125,0.17724609375,0.144775390625,-0.544189453125,0.372802734375,0.160888671875
33,readout,,1,6,"1,0,0,0",,,,,,-3.170166015625,-0.113525390625,0.35986328125,-0.184326171875,0.372802734375,0.160888671875
33,readout,,1,7,"1,0,0,0",,,,,,-2.938720703125,-0.090576171875,0.26611328125,0.081787109375,0.372802734375,0.160888671875
33,readout,,1,8,"1,0,0,0",,,,,,0.326904296875,0.736328125,0.24072265625,0.322509765625,0.372802734375,0.160888671875
33,readout,,1,9,"1,0,0,0",,,,,,0.03759765625,0.166015625,0.00634765625,0.328857421875,0.372802734375,0.160888671875
33,readout,,1,10,"1,0,0,0",,,,,,1.0,-0.16796875,-0.16796875,0.160888671875,0.372802734375,0.160888671875
34,neuron,0,,,"1,0,0,0",-1.494140625,-0.21142578125,0.0,-1.70556640625,0,,,,,,
34,neuron,1,,,"1,0,0,0",0.328369140625,0.04296875,0.0,0.371337890625,0,,,,,,
34,neuron,2,,,"1,0,0,0",-3.4990234375,-0.554931640625,0.0,-3.9990234375,0,,,,,,
34,neuron,3,,,"1,0,0,0",-0.66552734375,-0.090576171875,0.0,-0.756103515625,0,,,,,,
34,neuron,4,,,"1,0,0,0",0.6982421875,0.15283203125,0.0,0.85107421875,0,,,,,,
34,neuron,5,,,"1,0,0,0",0.71533203125,0.571533203125,0.0,0.286865234375,1,,,,,,
34,neuron,6,,,"1,0,0,0",-2.77392578125,-0.427001953125,0.0,-3.200927734375,0,,,,,,
34,neuron,7,,,"1,0,0,0",-2.5712890625,-0.383056640625,0.0,-2.954345703125,0,,,,,,
34,readout,,0,0,"1,0,0,0",,,,,,-1.70556640625,-0.245849609375,0.41943359375,0.41943359375,0.339599609375,0.0302734375
34,readout,,0,1,"1,0,0,0",,,,,,0.371337890625,0.25048828125,0.093017578125,0.512451171875,0.339599609375,0.0302734375
34,readout,,0,2,"1,0,0,0",,,,,,-3.9990234375,-0.015380859375,0.0615234375,0.573974609375,0.339599609375,0.0302734375
34,readout,,0,3,"1,0,0,0",,,,,,-0.756103515625,-0.057373046875,0.04345703125,0.617431640625,0.339599609375,0.0302734375
34,readout,,0,4,"1,0,0,0",,,,,,0.85107421875,0.0048828125,0.004150390625,0.62158203125,0.339599609375,0.0302734375
34,readout,,0,5,"1,0,0,0",,,,,,0.286865234375,0.10595703125,0.0302734375,0.65185546875,0.339599609375,0.0302734375
34,readout,,0,6,"1,0,0,0",,,,,,-3.200927734375,-0.00244140625,0.0078125,0.65966796875,0.339599609375,0.0302734375
34,readout,,0,7,"1,0,0,0",,,,,,-2.954345703125,0.31591796875,-0.933349609375,-0.273681640625,0.339599609375,0.0302734375
34,readout,,0,8,"1,0,0,0",,,,,,0.281005859375,1.9990234375,0.561767578125,0.2880859375,0.339599609375,0.0302734375
34,readout,,0,9,"1,0,0,0",,,,,,-0.02294921875,-1.9990234375,0.0458984375,0.333984375,0.339599609375,0.0302734375
34,readout,,0,10,"1,0,0,0",,,,,,1.0,0.005615234375,0.005615234375,0.339599609375,0.339599609375,0.0302734375
34,readout,,1,0,"1,0,0,0",,,,,,-1.70556640625,0.021240234375,-0.0361328125,-0.0361328125,0.339599609375,0.0302734375
34,readout,,1,1,"1,0,0,0",,,,,,0.371337890625,-0.540771484375,-0.200927734375,-0.237060546875,0.339599609375,0.0302734375
34,readout,,1,2,"1,0,0,0",,,,,,-3.9990234375,0.103271484375,-0.4130859375,-0.650146484375,0.339599609375,0.0302734375
34,readout,,1,3,"1,0,0,0",,,,,,-0.756103515625,0.0478515625,-0.0361328125,-0.686279296875,0.339599609375,0.0302734375
34,readout,,1,4,"1,0,0,0",,,,,,0.85107421875,-0.000244140625,-0.000244140625,-0.6865234375,0.339599609375,0.0302734375
34,readout,,1,5,"1,0,0,0",,,,,,0.286865234375,0.17724609375,0.05078125,-0.6357421875,0.339599609375,0.0302734375
34,readout,,1,6,"1,0,0,0",,,,,,-3.200927734375,-0.113525390625,0.36328125,-0.2724609375,0.339599609375,0.0302734375
34,readout,,1,7,"1,0,0,0",,,,,,-2.954345703125,-0.090576171875,0.267578125,-0.0048828125,0.339599609375,0.0302734375
34,readout,,1,8,"1,0,0,0",,,,,,0.281005859375,0.736328125,0.20703125,0.2021484375,0.339599609375,0.0302734375
34,readout,,1,9,"1,0,0,0",,,,,,-0.02294921875,0.166015625,-0.00390625,0.1982421875,0.339599609375,0.0302734375
34,readout,,1,10,"1,0,0,0",,,,,,1.0,-0.16796875,-0.16796875,0.0302734375,0.339599609375,0.0302734375
35,neuron,0,,,"1,0,0,0",-1.492431640625,-0.21142578125,0.0,-1.703857421875,0,,,,,,
35,neuron,1,,,"1,0,0,0",0.324951171875,0.04296875,0.0,0.367919921875,0,,,,,,
35,neuron,2,,,"1,0,0,0",-3.4990234375,-0.554931640625,-0.0078125,-3.9990234375,0,,,,,,
35,neuron,3,,,"1,0,0,0",-0.66162109375,-0.090576171875,0.0,-0.752197265625,0,,,,,,
35,neuron,4,,,"1,0,0,0",0.74462890625,0.15283203125,0.14111328125,0.03857421875,1,,,,,,
35,neuron,5,,,"1,0,0,0",0.2509765625,0.571533203125,0.0,0.822509765625,0,,,,,,
35,neuron,6,,,"1,0,0,0",-2.80078125,-0.427001953125,0.0,-3.227783203125,0,,,,,,
35,neuron,7,,,"1,0,0,0",-2.5849609375,-0.383056640625,0.0,-2.968017578125,0,,,,,,
35,readout,,0,0,"1,0,0,0",,,,,,-1.703857421875,-0.245849609375,0.4189453125,0.4189453125,0.306884765625,0.1083984375
35,readout,,0,1,"1,0,0,0",,,,,,0.367919921875,0.25048828125,0.092041015625,0.510986328125,0.306884765625,0.1083984375
35,readout,,0,2,"1,0,0,0",,,,,,-3.9990234375,-0.015380859375,0.0615234375,0.572509765625,0.306884765625,0.1083984375
35,readout,,0,3,"1,0,0,0",,,,,,-0.752197265625,-0.057373046875,0.043212890625,0.61572265625,0.306884765625,0.1083984375
35,readout,,0,4,"1,0,0,0",,,,,,0.03857421875,0.0048828125,0.000244140625,0.615966796875,0.306884765625,0.1083984375
35,readout,,0,5,"1,0,0,0",,,,,,0.822509765625,0.10595703125,0.087158203125,0.703125,0.306884765625,0.1083984375
35,readout,,0,6,"1,0,0,0",,,,,,-3.227783203125,-0.00244140625,0.0078125,0.7109375,0.306884765625,0.1083984375
35,readout,,0,7,"1,0,0,0",,,,,,-2.968017578125,0.31591796875,-0.937744140625,-0.226806640625,0.306884765625,0.1083984375
35,readout,,0,8,"1,0,0,0",,,,,,0.247314453125,1.9990234375,0.494384765625,0.267578125,0.306884765625,0.1083984375
35,readout,,0,9,"1,0,0,0",,,,,,-0.016845703125,-1.9990234375,0.03369140625,0.30126953125,0.306884765625,0.1083984375
35,readout,,0,10,"1,0,0,0",,,,,,1.0,0.005615234375,0.005615234375,0.306884765625,0.306884765625,0.1083984375
35,readout,,1,0,"1,0,0,0",,,,,,-1.703857421875,0.021240234375,-0.0361328125,-0.0361328125,0.306884765625,0.1083984375
35,readout,,1,1,"1,0,0,0",,,,,,0.367919921875,-0.540771484375,-0.198974609375,-0.235107421875,0.306884765625,0.1083984375
35,readout,,1,2,"1,0,0,0",,,,,,-3.9990234375,0.103271484375,-0.4130859375,-0.648193359375,0.306884765625,0.1083984375
35,readout,,1,3,"1,0,0,0",,,,,,-0.752197265625,0.0478515625,-0.035888671875,-0.68408203125,0.306884765625,0.1083984375
35,readout,,1,4,"1,0,0,0",,,,,,0.03857421875,-0.000244140625,0.0,-0.68408203125,0.306884765625,0.1083984375
35,readout,,1,5,"1,0,0,0",,,,,,0.822509765625,0.17724609375,0.145751953125,-0.538330078125,0.306884765625,0.1083984375
35,readout,,1,6,"1,0,0,0",,,,,,-3.227783203125,-0.113525390625,0.366455078125,-0.171875,0.306884765625,0.1083984375
35,readout,,1,7,"1,0,0,0",,,,,,-2.968017578125,-0.090576171875,0.268798828125,0.096923828125,0.306884765625,0.1083984375
35,readout,,1,8,"1,0,0,0",,,,,,0.247314453125,0.736328125,0.18212890625,0.279052734375,0.306884765625,0.1083984375
35,readout,,1,9,"1,0,0,0",,,,,,-0.016845703125,0.166015625,-0.002685546875,0.2763671875,0.306884765625,0.1083984375
35,readout,,1,10,"1,0,0,0",,,,,,1.0,-0.16796875,-0.16796875,0.1083984375,0.306884765625,0.1083984375
36,neuron,0,,,"1,0,0,0",-1.490966796875,-0.21142578125,0.0,-1.702392578125,0,,,,,,
36,neuron,1,,,"1,0,0,0",0.322021484375,0.04296875,0.052001953125,0.4169921875,0,,,,,,
36,neuron,2,,,"1,0,0,0",-3.4990234375,-0.554931640625,0.0,-3.9990234375,0,,,,,,
36,neuron,3,,,"1,0,0,0",-0.658203125,-0.090576171875,0.0,-0.748779296875,0,,,,,,
36,neuron,4,,,"1,0,0,0",0.03369140625,0.15283203125,0.0,0.1865234375,0,,,,,,
36,neuron,5,,,"1,0,0,0",0.7197265625,0.571533203125,-0.02685546875,0.264404296875,1,,,,,,
36,neuron,6,,,"1,0,0,0",-2.82421875,-0.427001953125,0.0,-3.251220703125,0,,,,,,
36,neuron,7,,,"1,0,0,0",-2.596923828125,-0.383056640625,0.0,-2.97998046875,0,,,,,,
36,readout,,0,0,"1,0,0,0",,,,,,-1.702392578125,-0.245849609375,0.41845703125,0.41845703125,0.27587890625,0.03271484375
36,readout,,0,1,"1,0,0,0",,,,,,0.4169921875,0.25048828125,0.1044921875,0.52294921875,0.27587890625,0.03271484375
36,readout,,0,2,"1,0,0,0",,,,,,-3.9990234375,-0.015380859375,0.0615234375,0.58447265625,0.27587890625,0.03271484375
36,readout,,0,3,"1,0,0,0",,,,,,-0.748779296875,-0.057373046875,0.04296875,0.62744140625,0.27587890625,0.03271484375
36,readout,,0,4,"1,0,0,0",,,,,,0.1865234375,0.0048828125,0.0009765625,0.62841796875,0.27587890625,0.03271484375
36,readout,,0,5,"1,0,0,0",,,,,,0.264404296875,0.10595703125,0.028076171875,0.656494140625,0.27587890625,0.03271484375
36,readout,,0,6,"1,0,0,0",,,,,,-3.251220703125,-0.00244140625,0.008056640625,0.66455078125,0.27587890625,0.03271484375
36,readout,,0,7,"1,0,0,0",,,,,,-2.97998046875,0.31591796875,-0.94140625,-0.27685546875,0.27587890625,0.03271484375
36,readout,,0,8,"1,0,0,0",,,,,,0.300048828125,1.9990234375,0.599853515625,0.322998046875,0.27587890625,0.03271484375
36,readout,,0,9,"1,0,0,0",,,,,,0.0263671875,-1.9990234375,-0.052734375,0.270263671875,0.27587890625,0.03271484375
36,readout,,0,10,"1,0,0,0",,,,,,1.0,0.005615234375,0.005615234375,0.27587890625,0.27587890625,0.03271484375
36,readout,,1,0,"1,0,0,0",,,,,,-1.702392578125,0.021240234375,-0.0361328125,-0.0361328125,0.27587890625,0.03271484375
36,readout,,1,1,"1,0,0,0",,,,,,0.4169921875,-0.540771484375,-0.2255859375,-0.26171875,0.27587890625,0.03271484375
36,readout,,1,2,"1,0,0,0",,,,,,-3.9990234375,0.103271484375,-0.4130859375,-0.6748046875,0.27587890625,0.03271484375
36,readout,,1,3,"1,0,0,0",,,,,,-0.748779296875,0.0478515625,-0.035888671875,-0.710693359375,0.27587890625,0.03271484375
36,readout,,1,4,"1,0,0,0",,,,,,0.1865234375,-0.000244140625,0.0,-0.710693359375,0.27587890625,0.03271484375
36,readout,,1,5,"1,0,0,0",,,,,,0.264404296875,0.17724609375,0.046875,-0.663818359375,0.27587890625,0.03271484375
36,readout,,1,6,"1,0,0,0",,,,,,-3.251220703125,-0.113525390625,0.369140625,-0.294677734375,0.27587890625,0.03271484375
36,readout,,1,7,"1,0,0,0",,,,,,-2.97998046875,-0.090576171875,0.27001953125,-0.024658203125,0.27587890625,0.03271484375
36,readout,,1,8,"1,0,0,0",,,,,,0.300048828125,0.736328125,0.220947265625,0.1962890625,0.27587890625,0.03271484375
36,readout,,1,9,"1,0,0,0",,,,,,0.0263671875,0.166015625,0.00439453125,0.20068359375,0.27587890625,0.03271484375
36,readout,,1,10,"1,0,0,0",,,,,,1.0,-0.16796875,-0.16796875,0.03271484375,0.27587890625,0.03271484375
37,neuron,0,,,"1,0,0,0",-1.489501953125,-0.21142578125,0.0,-1.700927734375,0,,,,,,
37,neuron,1,,,"1,0,0,0",0.36474609375,0.04296875,0.0,0.40771484375,0,,,,,,
37,neuron,2,,,"1,0,0,0",-3.4990234375,-0.554931640625,-0.0078125,-3.9990234375,0,,,,,,
37,neuron,3,,,"1,0,0,0",-0.6552734375,-0.090576171875,0.0,-0.745849609375,0,,,,,,
37,neuron,4,,,"1,0,0,0",0.1630859375,0.15283203125,0.14111328125,0.45703125,0,,,,,,
37,neuron,5,,,"1,0,0,0",0.2314453125,0.571533203125,0.0,0.802978515625,0,,,,,,
37,neuron,6,,,"1,0,0,0",-2.8447265625,-0.427001953125,0.0,-3.271728515625,0,,,,,,
37,neuron,7,,,"1,0,0,0",-2.607421875,-0.383056640625,0.0,-2.990478515625,0,,,,,,
37,readout,,0,0,"1,0,0,0",,,,,,-1.700927734375,-0.245849609375,0.418212890625,0.418212890625,0.41259765625,0.158447265625
37,readout,,0,1,"1,0,0,0",,,,,,0.40771484375,0.25048828125,0.10205078125,0.520263671875,0.41259765625,0.158447265625
37,readout,,0,2,"1,0,0,0",,,,,,-3.9990234375,-0.015380859375,0.0615234375,0.581787109375,0.41259765625,0.158447265625
37,readout,,0,3,"1,0,0,0",,,,,,-0.745849609375,-0.057373046875,0.042724609375,0.62451171875,0.41259765625,0.158447265625
37,readout,,0,4,"1,0,0,0",,,,,,0.45703125,0.0048828125,0.002197265625,0.626708984375,0.41259765625,0.158447265625
37,readout,,0,5,"1,0,0,0",,,,,,0.802978515625,0.10595703125,0.0849609375,0.711669921875,0.41259765625,0.158447265625
37,readout,,0,6,"1,0,0,0",,,,,,-3.271728515625,-0.00244140625,0.008056640625,0.7197265625,0.41259765625,0.158447265625
37,readout,,0,7,"1,0,0,0",,,,,,-2.990478515625,0.31591796875,-0.94482421875,-0.22509765625,0.41259765625,0.158447265625
37,readout,,0,8,"1,0,0,0",,,,,,0.332275390625,1.9990234375,0.664306640625,0.439208984375,0.41259765625,0.158447265625
37,readout,,0,9,"1,0,0,0",,,,,,0.01611328125,-1.9990234375,-0.0322265625,0.406982421875,0.41259765625,0.158447265625
37,readout,,0,10,"1,0,0,0",,,,,,1.0,0.005615234375,0.005615234375,0.41259765625,0.41259765625,0.158447265625
37,readout,,1,0,"1,0,0,0",,,,,,-1.700927734375,0.021240234375,-0.0361328125,-0.0361328125,0.41259765625,0.158447265625
37,readout,,1,1,"1,0,0,0",,,,,,0.40771484375,-0.540771484375,-0.220458984375,-0.256591796875,0.41259765625,0.158447265625
37,readout,,1,2,"1,0,0,0",,,,,,-3.9990234375,0.103271484375,-0.4130859375,-0.669677734375,0.41259765625,0.158447265625
37,readout,,1,3,"1,0,0,0",,,,,,-0.745849609375,0.0478515625,-0.03564453125,-0.705322265625,0.41259765625,0.158447265625
37,readout,,1,4,"1,0,0,0",,,,,,0.45703125,-0.000244140625,0.0,-0.705322265625,0.41259765625,0.158447265625
37,readout,,1,5,"1,0,0,0",,,,,,0.802978515625,0.17724609375,0.142333984375,-0.56298828125,0.41259765625,0.158447265625
37,readout,,1,6,"1,0,0,0",,,,,,-3.271728515625,-0.113525390625,0.371337890625,-0.191650390625,0.41259765625,0.158447265625
37,readout,,1,7,"1,0,0,0",,,,,,-2.990478515625,-0.090576171875,0.270751953125,0.0791015625,0.41259765625,0.158447265625
37,readout,,1,8,"1,0,0,0",,,,,,0.332275390625,0.736328125,0.24462890625,0.32373046875,0.41259765625,0.158447265625
37,readout,,1,9,"1,0,0,0",,,,,,0.01611328125,0.166015625,0.002685546875,0.326416015625,0.41259765625,0.158447265625
37,readout,,1,10,"1,0,0,0",,,,,,1.0,-0.16796875,-0.16796875,0.158447265625,0.41259765625,0.158447265625
38,neuron,0,,,"1,0,0,1",-1.48828125,-0.724609375,0.0,-2.212890625,0,,,,,,
38,neuron,1,,,"1,0,0,1",0.356689453125,0.052001953125,0.0,0.40869140625,0,,,,,,
38,neuron,2,,,"1,0,0,1",-3.4990234375,-1.046142578125,0.0,-3.9990234375,0,,,,,,
38,neuron,3,,,"1,0,0,1",-0.652587890625,-0.422607421875,0.0,-1.0751953125,0,,,,,,
38,neuron,4,,,"1,0,0,1",0.39990234375,0.02880859375,0.0,0.4287109375,0,,,,,,
38,neuron,5,,,"1,0,0,1",0.70263671875,0.319091796875,0.0,0.021728515625,1,,,,,,
38,neuron,6,,,"1,0,0,1",-2.86279296875,-0.047607421875,0.0,-2.910400390625,0,,,,,,
38,neuron,7,,,"1,0,0,1",-2.61669921875,-0.5361328125,0.0,-3.15283203125,0,,,,,,
38,readout,,0,0,"1,0,0,1",,,,,,-2.212890625,-0.245849609375,0.5439453125,0.5439453125,0.372314453125,-0.103759765625
38,readout,,0,1,"1,0,0,1",,,,,,0.40869140625,0.25048828125,0.102294921875,0.646240234375,0.372314453125,-0.103759765625
38,readout,,0,2,"1,0,0,1",,,,,,-3.9990234375,-0.015380859375,0.0615234375,0.707763671875,0.372314453125,-0.103759765625
38,readout,,0,3,"1,0,0,1",,,,,,-1.0751953125,-0.057373046875,0.061767578125,0.76953125,0.372314453125,-0.103759765625
38,readout,,0,4,"1,0,0,1",,,,,,0.4287109375,0.0048828125,0.002197265625,0.771728515625,0.372314453125,-0.103759765625
38,readout,,0,5,"1,0,0,1",,,,,,0.021728515625,0.10595703125,0.002197265625,0.77392578125,0.372314453125,-0.103759765625
38,readout,,0,6,"1,0,0,1",,,,,,-2.910400390625,-0.00244140625,0.007080078125,0.781005859375,0.372314453125,-0.103759765625
38,readout,,0,7,"1,0,0,1",,,,,,-3.15283203125,0.31591796875,-0.99609375,-0.215087890625,0.372314453125,-0.103759765625
38,readout,,0,8,"1,0,0,1",,,,,,0.249755859375,1.9990234375,0.499267578125,0.2841796875,0.372314453125,-0.103759765625
38,readout,,0,9,"1,0,0,1",,,,,,-0.041259765625,-1.9990234375,0.08251953125,0.36669921875,0.372314453125,-0.103759765625
38,readout,,0,10,"1,0,0,1",,,,,,1.0,0.005615234375,0.005615234375,0.372314453125,0.372314453125,-0.103759765625
38,readout,,1,0,"1,0,0,1",,,,,,-2.212890625,0.021240234375,-0.047119140625,-0.047119140625,0.372314453125,-0.103759765625
38,readout,,1,1,"1,0,0,1",,,,,,0.40869140625,-0.540771484375,-0.220947265625,-0.26806640625,0.372314453125,-0.103759765625
38,readout,,1,2,"1,0,0,1",,,,,,-3.9990234375,0.103271484375,-0.4130859375,-0.68115234375,0.372314453125,-0.103759765625
38,readout,,1,3,"1,0,0,1",,,,,,-1.0751953125,0.0478515625,-0.051513671875,-0.732666015625,0.372314453125,-0.103759765625
38,readout,,1,4,"1,0,0,1",,,,,,0.4287109375,-0.000244140625,0.0,-0.732666015625,0.372314453125,-0.103759765625
38,readout,,1,5,"1,0,0,1",,,,,,0.021728515625,0.17724609375,0.00390625,-0.728759765625,0.372314453125,-0.103759765625
38,readout,,1,6,"1,0,0,1",,,,,,-2.910400390625,-0.113525390625,0.330322265625,-0.3984375,0.372314453125,-0.103759765625
38,readout,,1,7,"1,0,0,1",,,,,,-3.15283203125,-0.090576171875,0.28564453125,-0.11279296875,0.372314453125,-0.103759765625
38,readout,,1,8,"1,0,0,1",,,,,,0.249755859375,0.736328125,0.183837890625,0.071044921875,0.372314453125,-0.103759765625
38,readout,,1,9,"1,0,0,1",,,,,,-0.041259765625,0.166015625,-0.0068359375,0.064208984375,0.372314453125,-0.103759765625
38,readout,,1,10,"1,0,0,1",,,,,,1.0,-0.16796875,-0.16796875,-0.103759765625,0.372314453125,-0.103759765625
39,neuron,0,,,"1,0,0,0",-1.936279296875,-0.21142578125,0.0,-2.147705078125,0,,,,,,
39,neuron,1,,,"1,0,0,0",0.357666015625,0.04296875,0.0,0.400634765625,0,,,,,,
39,neuron,2,,,"1,0,0,0",-3.4990234375,-0.554931640625,-0.0078125,-3.9990234375,0,,,,,,
39,neuron,3,,,"1,0,0,0",-0.94091796875,-0.090576171875,0.0,-1.031494140625,0,,,,,,
39,neuron,4,,,"1,0,0,0",0.375,0.15283203125,0.14111328125,0.6689453125,0,,,,,,
39,neuron,5,,,"1,0,0,0",0.01904296875,0.571533203125,0.0,0.590576171875,0,,,,,,
39,neuron,6,,,"1,0,0,0",-2.546630859375,-0.427001953125,0.0,-2.9736328125,0,,,,,,
39,neuron,7,,,"1,0,0,0",-2.7587890625,-0.383056640625,0.0,-3.141845703125,0,,,,,,
39,readout,,0,0,"1,0,0,0",,,,,,-2.147705078125,-0.245849609375,0.528076171875,0.528076171875,0.316650390625,0.003662109375
39,readout,,0,1,"1,0,0,0",,,,,,0.400634765625,0.25048828125,0.100341796875,0.62841796875,0.316650390625,0.003662109375
39,readout,,0,2,"1,0,0,0",,,,,,-3.9990234375,-0.015380859375,0.0615234375,0.68994140625,0.316650390625,0.003662109375
39,readout,,0,3,"1,0,0,0",,,,,,-1.031494140625,-0.057373046875,0.05908203125,0.7490234375,0.316650390625,0.003662109375
39,readout,,0,4,"1,0,0,0",,,,,,0.6689453125,0.0048828125,0.003173828125,0.752197265625,0.316650390625,0.003662109375
39,readout,,0,5,"1,0,0,0",,,,,,0.590576171875,0.10595703125,0.0625,0.814697265625,0.316650390625,0.003662109375
39,readout,,0,6,"1,0,0,0",,,,,,-2.9736328125,-0.00244140625,0.00732421875,0.822021484375,0.316650390625,0.003662109375
39,readout,,0,7,"1,0,0,0",,,,,,-3.141845703125,0.31591796875,-0.99267578125,-0.170654296875,0.316650390625,0.003662109375
39,readout,,0,8,"1,0,0,0",,,,,,0.232177734375,1.9990234375,0.464111328125,0.29345703125,0.316650390625,0.003662109375
39,readout,,0,9,"1,0,0,0",,,,,,-0.0087890625,-1.9990234375,0.017578125,0.31103515625,0.316650390625,0.003662109375
39,readout,,0,10,"1,0,0,0",,,,,,1.0,0.005615234375,0.005615234375,0.316650390625,0.316650390625,0.003662109375
39,readout,,1,0,"1,0,0,0",,,,,,-2.147705078125,0.021240234375,-0.045654296875,-0.045654296875,0.316650390625,0.003662109375
39,readout,,1,1,"1,0,0,0",,,,,,0.400634765625,-0.540771484375,-0.216552734375,-0.26220703125,0.316650390625,0.003662109375
39,readout,,1,2,"1,0,0,0",,,,,,-3.9990234375,0.103271484375,-0.4130859375,-0.67529296875,0.316650390625,0.003662109375
39,readout,,1,3,"1,0,0,0",,,,,,-1.031494140625,0.0478515625,-0.04931640625,-0.724609375,0.316650390625,0.003662109375
39,readout,,1,4,"1,0,0,0",,,,,,0.6689453125,-0.000244140625,-0.000244140625,-0.724853515625,0.316650390625,0.003662109375
39,readout,,1,5,"1,0,0,0",,,,,,0.590576171875,0.17724609375,0.104736328125,-0.6201171875,0.316650390625,0.003662109375
39,readout,,1,6,"1,0,0,0",,,,,,-2.9736328125,-0.113525390625,0.337646484375,-0.282470703125,0.316650390625,0.003662109375
39,readout,,1,7,"1,0,0,0",,,,,,-3.141845703125,-0.090576171875,0.28466796875,0.002197265625,0.316650390625,0.003662109375
39,readout,,1,8,"1,0,0,0",,,,,,0.232177734375,0.736328125,0.1708984375,0.173095703125,0.316650390625,0.003662109375
39,readout,,1,9,"1,0,0,0",,,,,,-0.0087890625,0.166015625,-0.00146484375,0.171630859375,0.316650390625,0.003662109375
39,readout,,1,10,"1,0,0,0",,,,,,1.0,-0.16796875,-0.16796875,0.003662109375,0.316650390625,0.003662109375
40,neuron,0,,,"1,0,0,0",-1.879150390625,-0.21142578125,0.0,-2.090576171875,0,,,,,,
40,neuron,1,,,"1,0,0,0",0.3505859375,0.04296875,0.0,0.3935546875,0,,,,,,
40,neuron,2,,,"1,0,0,0",-3.4990234375,-0.554931640625,0.0,-3.9990234375,0,,,,,,
40,neuron,3,,,"1,0,0,0",-0.902587890625,-0.090576171875,0.0,-0.9931640625,0,,,,,,
40,neuron,4,,,"1,0,0,0",0.58544921875,0.15283203125,0.0,0.73828125,0,,,,,,
40,neuron,5,,,"1,0,0,0",0.516845703125,0.571533203125,0.0,0.08837890625,1,,,,,,
40,neuron,6,,,"1,0,0,0",-2.60205078125,-0.427001953125,0.0,-3.029052734375,0,,,,,,
40,neuron,7,,,"1,0,0,0",-2.7490234375,-0.383056640625,0.0,-3.132080078125,0,,,,,,
40,readout,,0,0,"1,0,0,0",,,,,,-2.090576171875,-0.245849609375,0.513916015625,0.513916015625,0.2880859375,-0.02587890625
40,readout,,0,1,"1,0,0,0",,,,,,0.3935546875,0.25048828125,0.0986328125,0.612548828125,0.2880859375,-0.02587890625
40,readout,,0,2,"1,0,0,0",,,,,,-3.9990234375,-0.015380859375,0.0615234375,0.674072265625,0.2880859375,-0.02587890625
40,readout,,0,3,"1,0,0,0",,,,,,-0.9931640625,-0.057373046875,0.056884765625,0.73095703125,0.2880859375,-0.02587890625
40,readout,,0,4,"1,0,0,0",,,,,,0.73828125,0.0048828125,0.003662109375,0.734619140625,0.2880859375,-0.02587890625
40,readout,,0,5,"1,0,0,0",,,,,,0.08837890625,0.10595703125,0.00927734375,0.743896484375,0.2880859375,-0.02587890625
40,readout,,0,6,"1,0,0,0",,,,,,-3.029052734375,-0.00244140625,0.00732421875,0.751220703125,0.2880859375,-0.02587890625
40,readout,,0,7,"1,0,0,0",,,,,,-3.132080078125,0.31591796875,-0.989501953125,-0.23828125,0.2880859375,-0.02587890625
40,readout,,0,8,"1,0,0,0",,,,,,0.28857421875,1.9990234375,0.576904296875,0.338623046875,0.2880859375,-0.02587890625
40,readout,,0,9,"1,0,0,0",,,,,,0.028076171875,-1.9990234375,-0.05615234375,0.282470703125,0.2880859375,-0.02587890625
40,readout,,0,10,"1,0,0,0",,,,,,1.0,0.005615234375,0.005615234375,0.2880859375,0.2880859375,-0.02587890625
40,readout,,1,0,"1,0,0,0",,,,,,-2.090576171875,0.021240234375,-0.04443359375,-0.04443359375,0.2880859375,-0.02587890625
40,readout,,1,1,"1,0,0,0",,,,,,0.3935546875,-0.540771484375,-0.212890625,-0.25732421875,0.2880859375,-0.02587890625
40,readout,,1,2,"1,0,0,0",,,,,,-3.9990234375,0.103271484375,-0.4130859375,-0.67041015625,0.2880859375,-0.02587890625
40,readout,,1,3,"1,0,0,0",,,,,,-0.9931640625,0.0478515625,-0.047607421875,-0.718017578125,0.2880859375,-0.02587890625
40,readout,,1,4,"1,0,0,0",,,,,,0.73828125,-0.000244140625,-0.000244140625,-0.71826171875,0.2880859375,-0.02587890625
40,readout,,1,5,"1,0,0,0",,,,,,0.08837890625,0.17724609375,0.015625,-0.70263671875,0.2880859375,-0.02587890625
40,readout,,1,6,"1,0,0,0",,,,,,-3.029052734375,-0.113525390625,0.343994140625,-0.358642578125,0.2880859375,-0.02587890625
40,readout,,1,7,"1,0,0,0",,,,,,-3.132080078125,-0.090576171875,0.28369140625,-0.074951171875,0.2880859375,-0.02587890625
40,readout,,1,8,"1,0,0,0",,,,,,0.28857421875,0.736328125,0.21240234375,0.137451171875,0.2880859375,-0.02587890625
40,readout,,1,9,"1,0,0,0",,,,,,0.028076171875,0.166015625,0.004638671875,0.14208984375,0.2880859375,-0.02587890625
40,readout,,1,10,"1,0,0,0",,,,,,1.0,-0.16796875,-0.16796875,-0.02587890625,0.2880859375,-0.02587890625
41,neuron,0,,,"1,0,0,0",-1.829345703125,-0.21142578125,0.0,-2.040771484375,0,,,,,,
41,neuron,1,,,"1,0,0,0",0.34423828125,0.04296875,0.0,0.38720703125,0,,,,,,
41,neuron,2,,,"1,0,0,0",-3.4990234375,-0.554931640625,-0.0078125,-3.9990234375,0,,,,,,
41,neuron,3,,,"1,0,0,0",-0.869140625,-0.090576171875,0.0,-0.959716796875,0,,,,,,
41,neuron,4,,,"1,0,0,0",0.64599609375,0.15283203125,0.14111328125,0.93994140625,0,,,,,,
41,neuron,5,,,"1,0,0,0",0.077392578125,0.571533203125,0.0,0.64892578125,0,,,,,,
41,neuron,6,,,"1,0,0,0",-2.650390625,-0.427001953125,0.0,-3.077392578125,0,,,,,,
41,neuron,7,,,"1,0,0,0",-2.740478515625,-0.383056640625,0.0,-3.12353515625,0,,,,,,
41,readout,,0,0,"1,0,0,0",,,,,,-2.040771484375,-0.245849609375,0.501708984375,0.501708984375,0.31298828125,0.014892578125
41,readout,,0,1,"1,0,0,0",,,,,,0.38720703125,0.25048828125,0.096923828125,0.5986328125,0.31298828125,0.014892578125
41,readout,,0,2,"1,0,0,0",,,,,,-3.9990234375,-0.015380859375,0.0615234375,0.66015625,0.31298828125,0.014892578125
41,readout,,0,3,"1,0,0,0",,,,,,-0.959716796875,-0.057373046875,0.05517578125,0.71533203125,0.31298828125,0.014892578125
41,readout,,0,4,"1,0,0,0",,,,,,0.93994140625,0.0048828125,0.004638671875,0.719970703125,0.31298828125,0.014892578125
41,readout,,0,5,"1,0,0,0",,,,,,0.64892578125,0.10595703125,0.06884765625,0.788818359375,0.31298828125,0.014892578125
41,readout,,0,6,"1,0,0,0",,,,,,-3.077392578125,-0.00244140625,0.007568359375,0.79638671875,0.31298828125,0.014892578125
41,readout,,0,7,"1,0,0,0",,,,,,-3.12353515625,0.31591796875,-0.98681640625,-0.1904296875,0.31298828125,0.014892578125
41,readout,,0,8,"1,0,0,0",,,,,,0.20947265625,1.9990234375,0.418701171875,0.228271484375,0.31298828125,0.014892578125
41,readout,,0,9,"1,0,0,0",,,,,,-0.03955078125,-1.9990234375,0.0791015625,0.307373046875,0.31298828125,0.014892578125
41,readout,,0,10,"1,0,0,0",,,,,,1.0,0.005615234375,0.005615234375,0.31298828125,0.31298828125,0.014892578125
41,readout,,1,0,"1,0,0,0",,,,,,-2.040771484375,0.021240234375,-0.04345703125,-0.04345703125,0.31298828125,0.014892578125
41,readout,,1,1,"1,0,0,0",,,,,,0.38720703125,-0.540771484375,-0.20947265625,-0.2529296875,0.31298828125,0.014892578125
41,readout,,1,2,"1,0,0,0",,,,,,-3.9990234375,0.103271484375,-0.4130859375,-0.666015625,0.31298828125,0.014892578125
41,readout,,1,3,"1,0,0,0",,,,,,-0.959716796875,0.0478515625,-0.0458984375,-0.7119140625,0.31298828125,0.014892578125
41,readout,,1,4,"1,0,0,0",,,,,,0.93994140625,-0.000244140625,-0.000244140625,-0.712158203125,0.31298828125,0.014892578125
41,readout,,1,5,"1,0,0,0",,,,,,0.64892578125,0.17724609375,0.114990234375,-0.59716796875,0.31298828125,0.014892578125
41,readout,,1,6,"1,0,0,0",,,,,,-3.077392578125,-0.113525390625,0.349365234375,-0.247802734375,0.31298828125,0.014892578125
41,readout,,1,7,"1,0,0,0",,,,,,-3.12353515625,-0.090576171875,0.282958984375,0.03515625,0.31298828125,0.014892578125
41,readout,,1,8,"1,0,0,0",,,,,,0.20947265625,0.736328125,0.154296875,0.189453125,0.31298828125,0.014892578125
41,readout,,1,9,"1,0,0,0",,,,,,-0.03955078125,0.166015625,-0.006591796875,0.182861328125,0.31298828125,0.014892578125
41,readout,,1,10,"1,0,0,0",,,,,,1.0,-0.16796875,-0.16796875,0.014892578125,0.31298828125,0.014892578125
42,neuron,0,,,"1,0,0,0",-1.78564453125,-0.21142578125,0.0,-1.9970703125,0,,,,,,
42,neuron,1,,,"1,0,0,0",0.3388671875,0.04296875,0.0,0.3818359375,0,,,,,,
42,neuron,2,,,"1,0,0,0",-3.4990234375,-0.554931640625,0.0,-3.9990234375,0,,,,,,
42,neuron,3,,,"1,0,0,0",-0.83984375,-0.090576171875,0.0,-0.930419921875,0,,,,,,
42,neuron,4,,,"1,0,0,0",0.822509765625,0.15283203125,0.0,0.975341796875,0,,,,,,
42,neuron,5,,,"1,0,0,0",0.56787109375,0.571533203125,0.0,0.139404296875,1,,,,,,
42,neuron,6,,,"1,0,0,0",-2.692626953125,-0.427001953125,0.0,-3.11962890625,0,,,,,,
42,neuron,7,,,"1,0,0,0",-2.733154296875,-0.383056640625,0.0,-3.1162109375,0,,,,,,
42,readout,,0,0,"1,0,0,0",,,,,,-1.9970703125,-0.245849609375,0.490966796875,0.490966796875,0.20947265625,-0.02587890625
42,readout,,0,1,"1,0,0,0",,,,,,0.3818359375,0.25048828125,0.095703125,0.586669921875,0.20947265625,-0.02587890625
42,readout,,0,2,"1,0,0,0",,,,,,-3.9990234375,-0.015380859375,0.0615234375,0.648193359375,0.20947265625,-0.02587890625
42,readout,,0,3,"1,0,0,0",,,,,,-0.930419921875,-0.057373046875,0.053466796875,0.70166015625,0.20947265625,-0.02587890625
42,readout,,0,4,"1,0,0,0",,,,,,0.975341796875,0.0048828125,0.0048828125,0.70654296875,0.20947265625,-0.02587890625
42,readout,,0,5,"1,0,0,0",,,,,,0.139404296875,0.10595703125,0.014892578125,0.721435546875,0.20947265625,-0.02587890625
42,readout,,0,6,"1,0,0,0",,,,,,-3.11962890625,-0.00244140625,0.007568359375,0.72900390625,0.20947265625,-0.02587890625
42,readout,,0,7,"1,0,0,0",,,,,,-3.1162109375,0.31591796875,-0.984375,-0.25537109375,0.20947265625,-0.02587890625
42,readout,,0,8,"1,0,0,0",,,,,,0.250244140625,1.9990234375,0.500244140625,0.244873046875,0.20947265625,-0.02587890625
42,readout,,0,9,"1,0,0,0",,,,,,0.0205078125,-1.9990234375,-0.041015625,0.203857421875,0.20947265625,-0.02587890625
42,readout,,0,10,"1,0,0,0",,,,,,1.0,0.005615234375,0.005615234375,0.20947265625,0.20947265625,-0.02587890625
42,readout,,1,0,"1,0,0,0",,,,,,-1.9970703125,0.021240234375,-0.04248046875,-0.04248046875,0.20947265625,-0.02587890625
42,readout,,1,1,"1,0,0,0",,,,,,0.3818359375,-0.540771484375,-0.20654296875,-0.2490234375,0.20947265625,-0.02587890625
42,readout,,1,2,"1,0,0,0",,,,,,-3.9990234375,0.103271484375,-0.4130859375,-0.662109375,0.20947265625,-0.02587890625
42,readout,,1,3,"1,0,0,0",,,,,,-0.930419921875,0.0478515625,-0.04443359375,-0.70654296875,0.20947265625,-0.02587890625
42,readout,,1,4,"1,0,0,0",,,,,,0.975341796875,-0.000244140625,-0.000244140625,-0.706787109375,0.20947265625,-0.02587890625
42,readout,,1,5,"1,0,0,0",,,,,,0.139404296875,0.17724609375,0.024658203125,-0.68212890625,0.20947265625,-0.02587890625
42,readout,,1,6,"1,0,0,0",,,,,,-3.11962890625,-0.113525390625,0.354248046875,-0.327880859375,0.20947265625,-0.02587890625
42,readout,,1,7,"1,0,0,0",,,,,,-3.1162109375,-0.090576171875,0.2822265625,-0.045654296875,0.20947265625,-0.02587890625
42,readout,,1,8,"1,0,0,0",,,,,,0.250244140625,0.736328125,0.184326171875,0.138671875,0.20947265625,-0.02587890625
42,readout,,1,9,"1,0,0,0",,,,,,0.0205078125,0.166015625,0.00341796875,0.14208984375,0.20947265625,-0.02587890625
42,readout,,1,10,"1,0,0,0",,,,,,1.0,-0.16796875,-0.16796875,-0.02587890625,0.20947265625,-0.02587890625
43,neuron,0,,,"1,0,0,0",-1.74755859375,-0.21142578125,0.0,-1.958984375,0,,,,,,
43,neuron,1,,,"1,0,0,0",0.333984375,0.04296875,0.0,0.376953125,0,,,,,,
43,neuron,2,,,"1,0,0,0",-3.4990234375,-0.554931640625,-0.0078125,-3.9990234375,0,,,,,,
43,neuron,3,,,"1,0,0,0",-0.814208984375,-0.090576171875,0.0,-0.90478515625,0,,,,,,
43,neuron,4,,,"1,0,0,0",0.853515625,0.15283203125,0.14111328125,0.1474609375,1,,,,,,
43,neuron,5,,,"1,0,0,0",0.1220703125,0.571533203125,0.0,0.693603515625,0,,,,,,
43,neuron,6,,,"1,0,0,0",-2.729736328125,-0.427001953125,0.0,-3.15673828125,0,,,,,,
43,neuron,7,,,"1,0,0,0",-2.7265625,-0.383056640625,0.0,-3.109619140625,0,,,,,,
43,readout,,0,0,"1,0,0,0",,,,,,-1.958984375,-0.245849609375,0.481689453125,0.481689453125,0.271728515625,0.05859375
43,readout,,0,1,"1,0,0,0",,,,,,0.376953125,0.25048828125,0.094482421875,0.576171875,0.271728515625,0.05859375
43,readout,,0,2,"1,0,0,0",,,,,,-3.9990234375,-0.015380859375,0.0615234375,0.6376953125,0.271728515625,0.05859375
43,readout,,0,3,"1,0,0,0",,,,,,-0.90478515625,-0.057373046875,0.052001953125,0.689697265625,0.271728515625,0.05859375
43,readout,,0,4,"1,0,0,0",,,,,,0.1474609375,0.0048828125,0.000732421875,0.6904296875,0.271728515625,0.05859375
43,readout,,0,5,"1,0,0,0",,,,,,0.693603515625,0.10595703125,0.073486328125,0.763916015625,0.271728515625,0.05859375
43,readout,,0,6,"1,0,0,0",,,,,,-3.15673828125,-0.00244140625,0.0078125,0.771728515625,0.271728515625,0.05859375
43,readout,,0,7,"1,0,0,0",,,,,,-3.109619140625,0.31591796875,-0.982421875,-0.210693359375,0.271728515625,0.05859375
43,readout,,0,8,"1,0,0,0",,,,,,0.226806640625,1.9990234375,0.453369140625,0.24267578125,0.271728515625,0.05859375
43,readout,,0,9,"1,0,0,0",,,,,,-0.01171875,-1.9990234375,0.0234375,0.26611328125,0.271728515625,0.05859375
43,readout,,0,10,"1,0,0,0",,,,,,1.0,0.005615234375,0.005615234375,0.271728515625,0.271728515625,0.05859375
43,readout,,1,0,"1,0,0,0",,,,,,-1.958984375,0.021240234375,-0.04150390625,-0.04150390625,0.271728515625,0.05859375
43,readout,,1,1,"1,0,0,0",,,,,,0.376953125,-0.540771484375,-0.203857421875,-0.245361328125,0.271728515625,0.05859375
43,readout,,1,2,"1,0,0,0",,,,,,-3.9990234375,0.103271484375,-0.4130859375,-0.658447265625,0.271728515625,0.05859375
43,readout,,1,3,"1,0,0,0",,,,,,-0.90478515625,0.0478515625,-0.043212890625,-0.70166015625,0.271728515625,0.05859375
43,readout,,1,4,"1,0,0,0",,,,,,0.1474609375,-0.000244140625,0.0,-0.70166015625,0.271728515625,0.05859375
43,readout,,1,5,"1,0,0,0",,,,,,0.693603515625,0.17724609375,0.123046875,-0.57861328125,0.271728515625,0.05859375
43,readout,,1,6,"1,0,0,0",,,,,,-3.15673828125,-0.113525390625,0.3583984375,-0.22021484375,0.271728515625,0.05859375
43,readout,,1,7,"1,0,0,0",,,,,,-3.109619140625,-0.090576171875,0.28173828125,0.0615234375,0.271728515625,0.05859375
43,readout,,1,8,"1,0,0,0",,,,,,0.226806640625,0.736328125,0.1669921875,0.228515625,0.271728515625,0.05859375
43,readout,,1,9,"1,0,0,0",,,,,,-0.01171875,0.166015625,-0.001953125,0.2265625,0.271728515625,0.05859375
43,readout,,1,10,"1,0,0,0",,,,,,1.0,-0.16796875,-0.16796875,0.05859375,0.271728515625,0.05859375
44,neuron,0,,,"1,0,0,0",-1.714111328125,-0.21142578125,0.0,-1.925537109375,0,,,,,,
44,neuron,1,,,"1,0,0,0",0.329833984375,0.04296875,0.052001953125,0.4248046875,0,,,,,,
44,neuron,2,,,"1,0,0,0",-3.4990234375,-0.554931640625,0.0,-3.9990234375,0,,,,,,
44,neuron,3,,,"1,0,0,0",-0.791748046875,-0.090576171875,0.0,-0.88232421875,0,,,,,,
44,neuron,4,,,"1,0,0,0",0.12890625,0.15283203125,0.0,0.28173828125,0,,,,,,
44,neuron,5,,,"1,0,0,0",0.60693359375,0.571533203125,-0.02685546875,0.151611328125,1,,,,,,
44,neuron,6,,,"1,0,0,0",-2.76220703125,-0.427001953125,0.0,-3.189208984375,0,,,,,,
44,neuron,7,,,"1,0,0,0",-2.720947265625,-0.383056640625,0.0,-3.10400390625,0,,,,,,
44,readout,,0,0,"1,0,0,0",,,,,,-1.925537109375,-0.245849609375,0.473388671875,0.473388671875,0.196533203125,-0.05615234375
44,readout,,0,1,"1,0,0,0",,,,,,0.4248046875,0.25048828125,0.1064453125,0.579833984375,0.196533203125,-0.05615234375
44,readout,,0,2,"1,0,0,0",,,,,,-3.9990234375,-0.015380859375,0.0615234375,0.641357421875,0.196533203125,-0.05615234375
44,readout,,0,3,"1,0,0,0",,,,,,-0.88232421875,-0.057373046875,0.050537109375,0.69189453125,0.196533203125,-0.05615234375
44,readout,,0,4,"1,0,0,0",,,,,,0.28173828125,0.0048828125,0.00146484375,0.693359375,0.196533203125,-0.05615234375
44,readout,,0,5,"1,0,0,0",,,,,,0.151611328125,0.10595703125,0.01611328125,0.70947265625,0.196533203125,-0.05615234375
44,readout,,0,6,"1,0,0,0",,,,,,-3.189208984375,-0.00244140625,0.0078125,0.71728515625,0.196533203125,-0.05615234375
44,readout,,0,7,"1,0,0,0",,,,,,-3.10400390625,0.31591796875,-0.980712890625,-0.263427734375,0.196533203125,-0.05615234375
44,readout,,0,8,"1,0,0,0",,,,,,0.227783203125,1.9990234375,0.455322265625,0.19189453125,0.196533203125,-0.05615234375
44,readout,,0,9,"1,0,0,0",,,,,,0.00048828125,-1.9990234375,-0.0009765625,0.19091796875,0.196533203125,-0.05615234375
44,readout,,0,10,"1,0,0,0",,,,,,1.0,0.005615234375,0.005615234375,0.196533203125,0.196533203125,-0.05615234375
44,readout,,1,0,"1,0,0,0",,,,,,-1.925537109375,0.021240234375,-0.041015625,-0.041015625,0.196533203125,-0.05615234375
44,readout,,1,1,"1,0,0,0",,,,,,0.4248046875,-0.540771484375,-0.229736328125,-0.270751953125,0.196533203125,-0.05615234375
44,readout,,1,2,"1,0,0,0",,,,,,-3.9990234375,0.103271484375,-0.4130859375,-0.683837890625,0.196533203125,-0.05615234375
44,readout,,1,3,"1,0,0,0",,,,,,-0.88232421875,0.0478515625,-0.042236328125,-0.72607421875,0.196533203125,-0.05615234375
44,readout,,1,4,"1,0,0,0",,,,,,0.28173828125,-0.000244140625,0.0,-0.72607421875,0.196533203125,-0.05615234375
44,readout,,1,5,"1,0,0,0",,,,,,0.151611328125,0.17724609375,0.02685546875,-0.69921875,0.196533203125,-0.05615234375
44,readout,,1,6,"1,0,0,0",,,,,,-3.189208984375,-0.113525390625,0.362060546875,-0.337158203125,0.196533203125,-0.05615234375
44,readout,,1,7,"1,0,0,0",,,,,,-3.10400390625,-0.090576171875,0.28125,-0.055908203125,0.196533203125,-0.05615234375
44,readout,,1,8,"1,0,0,0",,,,,,0.227783203125,0.736328125,0.167724609375,0.11181640625,0.196533203125,-0.05615234375
44,readout,,1,9,"1,0,0,0",,,,,,0.00048828125,0.166015625,0.0,0.11181640625,0.196533203125,-0.05615234375
44,readout,,1,10,"1,0,0,0",,,,,,1.0,-0.16796875,-0.16796875,-0.05615234375,0.196533203125,-0.05615234375
45,neuron,0,,,"1,0,0,0",-1.684814453125,-0.21142578125,0.0,-1.896240234375,0,,,,,,
45,neuron,1,,,"1,0,0,0",0.37158203125,0.04296875,0.0,0.41455078125,0,,,,,,
45,neuron,2,,,"1,0,0,0",-3.4990234375,-0.554931640625,-0.0078125,-3.9990234375,0,,,,,,
45,neuron,3,,,"1,0,0,0",-0.77197265625,-0.090576171875,0.0,-0.862548828125,0,,,,,,
45,neuron,4,,,"1,0,0,0",0.24658203125,0.15283203125,0.14111328125,0.54052734375,0,,,,,,
45,neuron,5,,,"1,0,0,0",0.132568359375,0.571533203125,0.0,0.7041015625,0,,,,,,
45,neuron,6,,,"1,0,0,0",-2.79052734375,-0.427001953125,0.0,-3.217529296875,0,,,,,,
45,neuron,7,,,"1,0,0,0",-2.716064453125,-0.383056640625,0.0,-3.09912109375,0,,,,,,
45,readout,,0,0,"1,0,0,0",,,,,,-1.896240234375,-0.245849609375,0.46630859375,0.46630859375,0.308349609375,0.100341796875
45,readout,,0,1,"1,0,0,0",,,,,,0.41455078125,0.25048828125,0.103759765625,0.570068359375,0.308349609375,0.100341796875
45,readout,,0,2,"1,0,0,0",,,,,,-3.9990234375,-0.015380859375,0.0615234375,0.631591796875,0.308349609375,0.100341796875
45,readout,,0,3,"1,0,0,0",,,,,,-0.862548828125,-0.057373046875,0.049560546875,0.68115234375,0.308349609375,0.100341796875
45,readout,,0,4,"1,0,0,0",,,,,,0.54052734375,0.0048828125,0.002685546875,0.683837890625,0.308349609375,0.100341796875
45,readout,,0,5,"1,0,0,0",,,,,,0.7041015625,0.10595703125,0.07470703125,0.758544921875,0.308349609375,0.100341796875
45,readout,,0,6,"1,0,0,0",,,,,,-3.217529296875,-0.00244140625,0.0078125,0.766357421875,0.308349609375,0.100341796875
45,readout,,0,7,"1,0,0,0",,,,,,-3.09912109375,0.31591796875,-0.97900390625,-0.212646484375,0.308349609375,0.100341796875
45,readout,,0,8,"1,0,0,0",,,,,,0.28759765625,1.9990234375,0.574951171875,0.3623046875,0.308349609375,0.100341796875
45,readout,,0,9,"1,0,0,0",,,,,,0.02978515625,-1.9990234375,-0.0595703125,0.302734375,0.308349609375,0.100341796875
45,readout,,0,10,"1,0,0,0",,,,,,1.0,0.005615234375,0.005615234375,0.308349609375,0.308349609375,0.100341796875
45,readout,,1,0,"1,0,0,0",,,,,,-1.896240234375,0.021240234375,-0.040283203125,-0.040283203125,0.308349609375,0.100341796875
45,readout,,1,1,"1,0,0,0",,,,,,0.41455078125,-0.540771484375,-0.22412109375,-0.264404296875,0.308349609375,0.100341796875
45,readout,,1,2,"1,0,0,0",,,,,,-3.9990234375,0.103271484375,-0.4130859375,-0.677490234375,0.308349609375,0.100341796875
45,readout,,1,3,"1,0,0,0",,,,,,-0.862548828125,0.0478515625,-0.041259765625,-0.71875,0.308349609375,0.100341796875
45,readout,,1,4,"1,0,0,0",,,,,,0.54052734375,-0.000244140625,-0.000244140625,-0.718994140625,0.308349609375,0.100341796875
45,readout,,1,5,"1,0,0,0",,,,,,0.7041015625,0.17724609375,0.124755859375,-0.59423828125,0.308349609375,0.100341796875
45,readout,,1,6,"1,0,0,0",,,,,,-3.217529296875,-0.113525390625,0.365234375,-0.22900390625,0.308349609375,0.100341796875
45,readout,,1,7,"1,0,0,0",,,,,,-3.09912109375,-0.090576171875,0.28076171875,0.0517578125,0.308349609375,0.100341796875
45,readout,,1,8,"1,0,0,0",,,,,,0.28759765625,0.736328125,0.211669921875,0.263427734375,0.308349609375,0.100341796875
45,readout,,1,9,"1,0,0,0",,,,,,0.02978515625,0.166015625,0.0048828125,0.268310546875,0.308349609375,0.100341796875
45,readout,,1,10,"1,0,0,0",,,,,,1.0,-0.16796875,-0.16796875,0.100341796875,0.308349609375,0.100341796875
46,neuron,0,,,"1,0,0,0",-1.6591796875,-0.21142578125,0.0,-1.87060546875,0,,,,,,
46,neuron,1,,,"1,0,0,0",0.36279296875,0.04296875,0.0,0.40576171875,0,,,,,,
46,neuron,2,,,"1,0,0,0",-3.4990234375,-0.554931640625,0.0,-3.9990234375,0,,,,,,
46,neuron,3,,,"1,0,0,0",-0.754638671875,-0.090576171875,0.0,-0.84521484375,0,,,,,,
46,neuron,4,,,"1,0,0,0",0.472900390625,0.15283203125,0.0,0.625732421875,0,,,,,,
46,neuron,5,,,"1,0,0,0",0.6162109375,0.571533203125,0.0,0.187744140625,1,,,,,,
46,neuron,6,,,"1,0,0,0",-2.8154296875,-0.427001953125,0.0,-3.242431640625,0,,,,,,
46,neuron,7,,,"1,0,0,0",-2.711669921875,-0.383056640625,0.0,-3.0947265625,0,,,,,,
46,readout,,0,0,"1,0,0,0",,,,,,-1.87060546875,-0.245849609375,0.4599609375,0.4599609375,0.27392578125,-0.013671875
46,readout,,0,1,"1,0,0,0",,,,,,0.40576171875,0.25048828125,0.1015625,0.5615234375,0.27392578125,-0.013671875
46,readout,,0,2,"1,0,0,0",,,,,,-3.9990234375,-0.015380859375,0.0615234375,0.623046875,0.27392578125,-0.013671875
46,readout,,0,3,"1,0,0,0",,,,,,-0.84521484375,-0.057373046875,0.048583984375,0.671630859375,0.27392578125,-0.013671875
46,readout,,0,4,"1,0,0,0",,,,,,0.625732421875,0.0048828125,0.003173828125,0.6748046875,0.27392578125,-0.013671875
46,readout,,0,5,"1,0,0,0",,,,,,0.187744140625,0.10595703125,0.019775390625,0.694580078125,0.27392578125,-0.013671875
46,readout,,0,6,"1,0,0,0",,,,,,-3.242431640625,-0.00244140625,0.0078125,0.702392578125,0.27392578125,-0.013671875
46,readout,,0,7,"1,0,0,0",,,,,,-3.0947265625,0.31591796875,-0.977783203125,-0.275390625,0.27392578125,-0.013671875
46,readout,,0,8,"1,0,0,0",,,,,,0.256103515625,1.9990234375,0.511962890625,0.236572265625,0.27392578125,-0.013671875
46,readout,,0,9,"1,0,0,0",,,,,,-0.015869140625,-1.9990234375,0.03173828125,0.268310546875,0.27392578125,-0.013671875
46,readout,,0,10,"1,0,0,0",,,,,,1.0,0.005615234375,0.005615234375,0.27392578125,0.27392578125,-0.013671875
46,readout,,1,0,"1,0,0,0",,,,,,-1.87060546875,0.021240234375,-0.039794921875,-0.039794921875,0.27392578125,-0.013671875
46,readout,,1,1,"1,0,0,0",,,,,,0.40576171875,-0.540771484375,-0.219482421875,-0.25927734375,0.27392578125,-0.013671875
46,readout,,1,2,"1,0,0,0",,,,,,-3.9990234375,0.103271484375,-0.4130859375,-0.67236328125,0.27392578125,-0.013671875
46,readout,,1,3,"1,0,0,0",,,,,,-0.84521484375,0.0478515625,-0.04052734375,-0.712890625,0.27392578125,-0.013671875
46,readout,,1,4,"1,0,0,0",,,,,,0.625732421875,-0.000244140625,-0.000244140625,-0.713134765625,0.27392578125,-0.013671875
46,readout,,1,5,"1,0,0,0",,,,,,0.187744140625,0.17724609375,0.033203125,-0.679931640625,0.27392578125,-0.013671875
46,readout,,1,6,"1,0,0,0",,,,,,-3.242431640625,-0.113525390625,0.3681640625,-0.311767578125,0.27392578125,-0.013671875
46,readout,,1,7,"1,0,0,0",,,,,,-3.0947265625,-0.090576171875,0.2802734375,-0.031494140625,0.27392578125,-0.013671875
46,readout,,1,8,"1,0,0,0",,,,,,0.256103515625,0.736328125,0.1884765625,0.156982421875,0.27392578125,-0.013671875
46,readout,,1,9,"1,0,0,0",,,,,,-0.015869140625,0.166015625,-0.002685546875,0.154296875,0.27392578125,-0.013671875
46,readout,,1,10,"1,0,0,0",,,,,,1.0,-0.16796875,-0.16796875,-0.013671875,0.27392578125,-0.013671875
47,neuron,0,,,"1,0,0,0",-1.63671875,-0.21142578125,0.0,-1.84814453125,0,,,,,,
47,neuron,1,,,"1,0,0,0",0.35498046875,0.04296875,0.0,0.39794921875,0,,,,,,
47,neuron,2,,,"1,0,0,0",-3.4990234375,-0.554931640625,-0.0078125,-3.9990234375,0,,,,,,
47,neuron,3,,,"1,0,0,0",-0.739501953125,-0.090576171875,0.0,-0.830078125,0,,,,,,
47,neuron,4,,,"1,0,0,0",0.547607421875,0.15283203125,0.14111328125,0.841552734375,0,,,,,,
47,neuron,5,,,"1,0,0,0",0.164306640625,0.571533203125,0.0,0.73583984375,0,,,,,,
47,neuron,6,,,"1,0,0,0",-2.837158203125,-0.427001953125,0.0,-3.26416015625,0,,,,,,
47,neuron,7,,,"1,0,0,0",-2.7080078125,-0.383056640625,0.0,-3.091064453125,0,,,,,,
47,readout,,0,0,"1,0,0,0",,,,,,-1.84814453125,-0.245849609375,0.454345703125,0.454345703125,0.363525390625,0.151123046875
47,readout,,0,1,"1,0,0,0",,,,,,0.39794921875,0.25048828125,0.099609375,0.553955078125,0.363525390625,0.151123046875
47,readout,,0,2,"1,0,0,0",,,,,,-3.9990234375,-0.015380859375,0.0615234375,0.615478515625,0.363525390625,0.151123046875
47,readout,,0,3,"1,0,0,0",,,,,,-0.830078125,-0.057373046875,0.047607421875,0.6630859375,0.363525390625,0.151123046875
47,readout,,0,4,"1,0,0,0",,,,,,0.841552734375,0.0048828125,0.004150390625,0.667236328125,0.363525390625,0.151123046875
47,readout,,0,5,"1,0,0,0",,,,,,0.73583984375,0.10595703125,0.077880859375,0.7451171875,0.363525390625,0.151123046875
47,readout,,0,6,"1,0,0,0",,,,,,-3.26416015625,-0.00244140625,0.008056640625,0.753173828125,0.363525390625,0.151123046875
47,readout,,0,7,"1,0,0,0",,,,,,-3.091064453125,0.31591796875,-0.9765625,-0.223388671875,0.363525390625,0.151123046875
47,readout,,0,8,"1,0,0,0",,,,,,0.325439453125,1.9990234375,0.650634765625,0.42724609375,0.363525390625,0.151123046875
47,readout,,0,9,"1,0,0,0",,,,,,0.03466796875,-1.9990234375,-0.0693359375,0.35791015625,0.363525390625,0.151123046875
47,readout,,0,10,"1,0,0,0",,,,,,1.0,0.005615234375,0.005615234375,0.363525390625,0.363525390625,0.151123046875
47,readout,,1,0,"1,0,0,0",,,,,,-1.84814453125,0.021240234375,-0.039306640625,-0.039306640625,0.363525390625,0.151123046875
47,readout,,1,1,"1,0,0,0",,,,,,0.39794921875,-0.540771484375,-0.215087890625,-0.25439453125,0.363525390625,0.151123046875
47,readout,,1,2,"1,0,0,0",,,,,,-3.9990234375,0.103271484375,-0.4130859375,-0.66748046875,0.363525390625,0.151123046875
47,readout,,1,3,"1,0,0,0",,,,,,-0.830078125,0.0478515625,-0.039794921875,-0.707275390625,0.363525390625,0.151123046875
47,readout,,1,4,"1,0,0,0",,,,,,0.841552734375,-0.000244140625,-0.000244140625,-0.70751953125,0.363525390625,0.151123046875
47,readout,,1,5,"1,0,0,0",,,,,,0.73583984375,0.17724609375,0.13037109375,-0.5771484375,0.363525390625,0.151123046875
47,readout,,1,6,"1,0,0,0",,,,,,-3.26416015625,-0.113525390625,0.37060546875,-0.20654296875,0.363525390625,0.151123046875
47,readout,,1,7,"1,0,0,0",,,,,,-3.091064453125,-0.090576171875,0.280029296875,0.073486328125,0.363525390625,0.151123046875
47,readout,,1,8,"1,0,0,0",,,,,,0.325439453125,0.736328125,0.23974609375,0.313232421875,0.363525390625,0.151123046875
47,readout,,1,9,"1,0,0,0",,,,,,0.03466796875,0.166015625,0.005859375,0.319091796875,0.363525390625,0.151123046875
47,readout,,1,10,"1,0,0,0",,,,,,1.0,-0.16796875,-0.16796875,0.151123046875,0.363525390625,0.151123046875
48,neuron,0,,,"1,0,0,0",-1.6171875,-0.21142578125,0.0,-1.82861328125,0,,,,,,
48,neuron,1,,,"1,0,0,0",0.34814453125,0.04296875,0.0,0.39111328125,0,,,,,,
48,neuron,2,,,"1,0,0,0",-3.4990234375,-0.554931640625,0.0,-3.9990234375,0,,,,,,
48,neuron,3,,,"1,0,0,0",-0.726318359375,-0.090576171875,0.0,-0.81689453125,0,,,,,,
48,neuron,4,,,"1,0,0,0",0.736328125,0.15283203125,0.0,0.88916015625,0,,,,,,
48,neuron,5,,,"1,0,0,0",0.643798828125,0.571533203125,0.0,0.21533203125,1,,,,,,
48,neuron,6,,,"1,0,0,0",-2.856201171875,-0.427001953125,0.0,-3.283203125,0,,,,,,
48,neuron,7,,,"1,0,0,0",-2.70458984375,-0.383056640625,0.0,-3.087646484375,0,,,,,,
48,readout,,0,0,"1,0,0,0",,,,,,-1.82861328125,-0.245849609375,0.449462890625,0.449462890625,0.339599609375,0.033203125
48,readout,,0,1,"1,0,0,0",,,,,,0.39111328125,0.25048828125,0.097900390625,0.54736328125,0.339599609375,0.033203125
48,readout,,0,2,"1,0,0,0",,,,,,-3.9990234375,-0.015380859375,0.0615234375,0.60888671875,0.339599609375,0.033203125
48,readout,,0,3,"1,0,0,0",,,,,,-0.81689453125,-0.057373046875,0.046875,0.65576171875,0.339599609375,0.033203125
48,readout,,0,4,"1,0,0,0",,,,,,0.88916015625,0.0048828125,0.00439453125,0.66015625,0.339599609375,0.033203125
48,readout,,0,5,"1,0,0,0",,,,,,0.21533203125,0.10595703125,0.022705078125,0.682861328125,0.339599609375,0.033203125
48,readout,,0,6,"1,0,0,0",,,,,,-3.283203125,-0.00244140625,0.008056640625,0.69091796875,0.339599609375,0.033203125
48,readout,,0,7,"1,0,0,0",,,,,,-3.087646484375,0.31591796875,-0.975341796875,-0.284423828125,0.339599609375,0.033203125
48,readout,,0,8,"1,0,0,0",,,,,,0.293212890625,1.9990234375,0.586181640625,0.3017578125,0.339599609375,0.033203125
48,readout,,0,9,"1,0,0,0",,,,,,-0.01611328125,-1.9990234375,0.0322265625,0.333984375,0.339599609375,0.033203125
48,readout,,0,10,"1,0,0,0",,,,,,1.0,0.005615234375,0.005615234375,0.339599609375,0.339599609375,0.033203125
48,readout,,1,0,"1,0,0,0",,,,,,-1.82861328125,0.021240234375,-0.038818359375,-0.038818359375,0.339599609375,0.033203125
48,readout,,1,1,"1,0,0,0",,,,,,0.39111328125,-0.540771484375,-0.21142578125,-0.250244140625,0.339599609375,0.033203125
48,readout,,1,2,"1,0,0,0",,,,,,-3.9990234375,0.103271484375,-0.4130859375,-0.663330078125,0.339599609375,0.033203125
48,readout,,1,3,"1,0,0,0",,,,,,-0.81689453125,0.0478515625,-0.0390625,-0.702392578125,0.339599609375,0.033203125
48,readout,,1,4,"1,0,0,0",,,,,,0.88916015625,-0.000244140625,-0.000244140625,-0.70263671875,0.339599609375,0.033203125
48,readout,,1,5,"1,0,0,0",,,,,,0.21533203125,0.17724609375,0.0380859375,-0.66455078125,0.339599609375,0.033203125
48,readout,,1,6,"1,0,0,0",,,,,,-3.283203125,-0.113525390625,0.372802734375,-0.291748046875,0.339599609375,0.033203125
48,readout,,1,7,"1,0,0,0",,,,,,-3.087646484375,-0.090576171875,0.27978515625,-0.011962890625,0.339599609375,0.033203125
48,readout,,1,8,"1,0,0,0",,,,,,0.293212890625,0.736328125,0.2158203125,0.203857421875,0.339599609375,0.033203125
48,readout,,1,9,"1,0,0,0",,,,,,-0.01611328125,0.166015625,-0.002685546875,0.201171875,0.339599609375,0.033203125
48,readout,,1,10,"1,0,0,0",,,,,,1.0,-0.16796875,-0.16796875,0.033203125,0.339599609375,0.033203125
49,neuron,0,,,"1,0,0,0",-1.60009765625,-0.21142578125,0.0,-1.8115234375,0,,,,,,
49,neuron,1,,,"1,0,0,0",0.34228515625,0.04296875,0.0,0.38525390625,0,,,,,,
49,neuron,2,,,"1,0,0,0",-3.4990234375,-0.554931640625,-0.0078125,-3.9990234375,0,,,,,,
49,neuron,3,,,"1,0,0,0",-0.71484375,-0.090576171875,0.0,-0.805419921875,0,,,,,,
49,neuron,4,,,"1,0,0,0",0.778076171875,0.15283203125,0.14111328125,0.072021484375,1,,,,,,
49,neuron,5,,,"1,0,0,0",0.1884765625,0.571533203125,0.0,0.760009765625,0,,,,,,
49,neuron,6,,,"1,0,0,0",-2.872802734375,-0.427001953125,0.0,-3.2998046875,0,,,,,,
49,neuron,7,,,"1,0,0,0",-2.70166015625,-0.383056640625,0.0,-3.084716796875,0,,,,,,
49,readout,,0,0,"1,0,0,0",,,,,,-1.8115234375,-0.245849609375,0.4453125,0.4453125,0.34375,0.128662109375
49,readout,,0,1,"1,0,0,0",,,,,,0.38525390625,0.25048828125,0.096435546875,0.541748046875,0.34375,0.128662109375
49,readout,,0,2,"1,0,0,0",,,,,,-3.9990234375,-0.015380859375,0.0615234375,0.603271484375,0.34375,0.128662109375
49,readout,,0,3,"1,0,0,0",,,,,,-0.805419921875,-0.057373046875,0.046142578125,0.6494140625,0.34375,0.128662109375
49,readout,,0,4,"1,0,0,0",,,,,,0.072021484375,0.0048828125,0.000244140625,0.649658203125,0.34375,0.128662109375
49,readout,,0,5,"1,0,0,0",,,,,,0.760009765625,0.10595703125,0.08056640625,0.730224609375,0.34375,0.128662109375
49,readout,,0,6,"1,0,0,0",,,,,,-3.2998046875,-0.00244140625,0.008056640625,0.73828125,0.34375,0.128662109375
49,readout,,0,7,"1,0,0,0",,,,,,-3.084716796875,0.31591796875,-0.974609375,-0.236328125,0.34375,0.128662109375
49,readout,,0,8,"1,0,0,0",,,,,,0.28173828125,1.9990234375,0.563232421875,0.326904296875,0.34375,0.128662109375
49,readout,,0,9,"1,0,0,0",,,,,,-0.005615234375,-1.9990234375,0.01123046875,0.338134765625,0.34375,0.128662109375
49,readout,,0,10,"1,0,0,0",,,,,,1.0,0.005615234375,0.005615234375,0.34375,0.34375,0.128662109375
49,readout,,1,0,"1,0,0,0",,,,,,-1.8115234375,0.021240234375,-0.03857421875,-0.03857421875,0.34375,0.128662109375
49,readout,,1,1,"1,0,0,0",,,,,,0.38525390625,-0.540771484375,-0.208251953125,-0.246826171875,0.34375,0.128662109375
49,readout,,1,2,"1,0,0,0",,,,,,-3.9990234375,0.103271484375,-0.4130859375,-0.659912109375,0.34375,0.128662109375
49,readout,,1,3,"1,0,0,0",,,,,,-0.805419921875,0.0478515625,-0.03857421875,-0.698486328125,0.34375,0.128662109375
49,readout,,1,4,"1,0,0,0",,,,,,0.072021484375,-0.000244140625,0.0,-0.698486328125,0.34375,0.128662109375
49,readout,,1,5,"1,0,0,0",,,,,,0.760009765625,0.17724609375,0.134765625,-0.563720703125,0.34375,0.128662109375
49,readout,,1,6,"1,0,0,0",,,,,,-3.2998046875,-0.113525390625,0.37451171875,-0.189208984375,0.34375,0.128662109375
49,readout,,1,7,"1,0,0,0",,,,,,-3.084716796875,-0.090576171875,0.279296875,0.090087890625,0.34375,0.128662109375
49,readout,,1,8,"1,0,0,0",,,,,,0.28173828125,0.736328125,0.20751953125,0.297607421875,0.34375,0.128662109375
49,readout,,1,9,"1,0,0,0",,,,,,-0.005615234375,0.166015625,-0.0009765625,0.296630859375,0.34375,0.128662109375
49,readout,,1,10,"1,0,0,0",,,,,,1.0,-0.16796875,-0.16796875,0.128662109375,0.34375,0.128662109375
50,neuron,0,,,"1,0,0,0",-1.5849609375,-0.21142578125,0.0,-1.79638671875,0,,,,,,
50,neuron,1,,,"1,0,0,0",0.337158203125,0.04296875,0.052001953125,0.43212890625,0,,,,,,
50,neuron,2,,,"1,0,0,0",-3.4990234375,-0.554931640625,0.0,-3.9990234375,0,,,,,,
50,neuron,3,,,"1,0,0,0",-0.704833984375,-0.090576171875,0.0,-0.79541015625,0,,,,,,
50,neuron,4,,,"1,0,0,0",0.06298828125,0.15283203125,0.0,0.2158203125,0,,,,,,
50,neuron,5,,,"1,0,0,0",0.6650390625,0.571533203125,-0.02685546875,0.209716796875,1,,,,,,
50,neuron,6,,,"1,0,0,0",-2.88720703125,-0.427001953125,0.0,-3.314208984375,0,,,,,,
50,neuron,7,,,"1,0,0,0",-2.69921875,-0.383056640625,0.0,-3.082275390625,0,,,,,,
50,readout,,0,0,"1,0,0,0",,,,,,-1.79638671875,-0.245849609375,0.441650390625,0.441650390625,0.231689453125,-0.033203125
50,readout,,0,1,"1,0,0,0",,,,,,0.43212890625,0.25048828125,0.108154296875,0.5498046875,0.231689453125,-0.033203125
50,readout,,0,2,"1,0,0,0",,,,,,-3.9990234375,-0.015380859375,0.0615234375,0.611328125,0.231689453125,-0.033203125
50,readout,,0,3,"1,0,0,0",,,,,,-0.79541015625,-0.057373046875,0.045654296875,0.656982421875,0.231689453125,-0.033203125
50,readout,,0,4,"1,0,0,0",,,,,,0.2158203125,0.0048828125,0.0009765625,0.657958984375,0.231689453125,-0.033203125
50,readout,,0,5,"1,0,0,0",,,,,,0.209716796875,0.10595703125,0.022216796875,0.68017578125,0.231689453125,-0.033203125
50,readout,,0,6,"1,0,0,0",,,,,,-3.314208984375,-0.00244140625,0.008056640625,0.688232421875,0.231689453125,-0.033203125
50,readout,,0,7,"1,0,0,0",,,,,,-3.082275390625,0.31591796875,-0.9736328125,-0.285400390625,0.231689453125,-0.033203125
50,readout,,0,8,"1,0,0,0",,,,,,0.22998046875,1.9990234375,0.459716796875,0.17431640625,0.231689453125,-0.033203125
50,readout,,0,9,"1,0,0,0",,,,,,-0.02587890625,-1.9990234375,0.0517578125,0.22607421875,0.231689453125,-0.033203125
50,readout,,0,10,"1,0,0,0",,,,,,1.0,0.005615234375,0.005615234375,0.231689453125,0.231689453125,-0.033203125
50,readout,,1,0,"1,0,0,0",,,,,,-1.79638671875,0.021240234375,-0.0380859375,-0.0380859375,0.231689453125,-0.033203125
50,readout,,1,1,"1,0,0,0",,,,,,0.43212890625,-0.540771484375,-0.233642578125,-0.271728515625,0.231689453125,-0.033203125
50,readout,,1,2,"1,0,0,0",,,,,,-3.9990234375,0.103271484375,-0.4130859375,-0.684814453125,0.231689453125,-0.033203125
50,readout,,1,3,"1,0,0,0",,,,,,-0.79541015625,0.0478515625,-0.0380859375,-0.722900390625,0.231689453125,-0.033203125
50,readout,,1,4,"1,0,0,0",,,,,,0.2158203125,-0.000244140625,0.0,-0.722900390625,0.231689453125,-0.033203125
50,readout,,1,5,"1,0,0,0",,,,,,0.209716796875,0.17724609375,0.037109375,-0.685791015625,0.231689453125,-0.033203125
50,readout,,1,6,"1,0,0,0",,,,,,-3.314208984375,-0.113525390625,0.376220703125,-0.3095703125,0.231689453125,-0.033203125
50,readout,,1,7,"1,0,0,0",,,,,,-3.082275390625,-0.090576171875,0.279296875,-0.0302734375,0.231689453125,-0.033203125
50,readout,,1,8,"1,0,0,0",,,,,,0.22998046875,0.736328125,0.16943359375,0.13916015625,0.231689453125,-0.033203125
50,readout,,1,9,"1,0,0,0",,,,,,-0.02587890625,0.166015625,-0.00439453125,0.134765625,0.231689453125,-0.033203125
50,readout,,1,10,"1,0,0,0",,,,,,1.0,-0.16796875,-0.16796875,-0.033203125,0.231689453125,-0.033203125
51,neuron,0,,,"1,0,0,0",-1.57177734375,-0.21142578125,0.0,-1.783203125,0,,,,,,
51,neuron,1,,,"1,0,0,0",0.378173828125,0.04296875,0.0,0.421142578125,0,,,,,,
51,neuron,2,,,"1,0,0,0",-3.4990234375,-0.554931640625,-0.0078125,-3.9990234375,0,,,,,,
51,neuron,3,,,"1,0,0,0",-0.696044921875,-0.090576171875,0.0,-0.78662109375,0,,,,,,
51,neuron,4,,,"1,0,0,0",0.18896484375,0.15283203125,0.14111328125,0.48291015625,0,,,,,,
51,neuron,5,,,"1,0,0,0",0.18359375,0.571533203125,0.0,0.755126953125,0,,,,,,
51,neuron,6,,,"1,0,0,0",-2.89990234375,-0.427001953125,0.0,-3.326904296875,0,,,,,,
51,neuron,7,,,"1,0,0,0",-2.697021484375,-0.383056640625,0.0,-3.080078125,0,,,,,,
51,readout,,0,0,"1,0,0,0",,,,,,-1.783203125,-0.245849609375,0.4384765625,0.4384765625,0.2900390625,0.121826171875
51,readout,,0,1,"1,0,0,0",,,,,,0.421142578125,0.25048828125,0.10546875,0.5439453125,0.2900390625,0.121826171875
51,readout,,0,2,"1,0,0,0",,,,,,-3.9990234375,-0.015380859375,0.0615234375,0.60546875,0.2900390625,0.121826171875
51,readout,,0,3,"1,0,0,0",,,,,,-0.78662109375,-0.057373046875,0.045166015625,0.650634765625,0.2900390625,0.121826171875
51,readout,,0,4,"1,0,0,0",,,,,,0.48291015625,0.0048828125,0.00244140625,0.653076171875,0.2900390625,0.121826171875
51,readout,,0,5,"1,0,0,0",,,,,,0.755126953125,0.10595703125,0.080078125,0.733154296875,0.2900390625,0.121826171875
51,readout,,0,6,"1,0,0,0",,,,,,-3.326904296875,-0.00244140625,0.008056640625,0.7412109375,0.2900390625,0.121826171875
51,readout,,0,7,"1,0,0,0",,,,,,-3.080078125,0.31591796875,-0.97314453125,-0.23193359375,0.2900390625,0.121826171875
51,readout,,0,8,"1,0,0,0",,,,,,0.286376953125,1.9990234375,0.572509765625,0.340576171875,0.2900390625,0.121826171875
51,readout,,0,9,"1,0,0,0",,,,,,0.028076171875,-1.9990234375,-0.05615234375,0.284423828125,0.2900390625,0.121826171875
51,readout,,0,10,"1,0,0,0",,,,,,1.0,0.005615234375,0.005615234375,0.2900390625,0.2900390625,0.121826171875
51,readout,,1,0,"1,0,0,0",,,,,,-1.783203125,0.021240234375,-0.037841796875,-0.037841796875,0.2900390625,0.121826171875
51,readout,,1,1,"1,0,0,0",,,,,,0.421142578125,-0.540771484375,-0.227783203125,-0.265625,0.2900390625,0.121826171875
51,readout,,1,2,"1,0,0,0",,,,,,-3.9990234375,0.103271484375,-0.4130859375,-0.6787109375,0.2900390625,0.121826171875
51,readout,,1,3,"1,0,0,0",,,,,,-0.78662109375,0.0478515625,-0.03759765625,-0.71630859375,0.2900390625,0.121826171875
51,readout,,1,4,"1,0,0,0",,,,,,0.48291015625,-0.000244140625,0.0,-0.71630859375,0.2900390625,0.121826171875
51,readout,,1,5,"1,0,0,0",,,,,,0.755126953125,0.17724609375,0.1337890625,-0.58251953125,0.2900390625,0.121826171875
51,readout,,1,6,"1,0,0,0",,,,,,-3.326904296875,-0.113525390625,0.377685546875,-0.204833984375,0.2900390625,0.121826171875
51,readout,,1,7,"1,0,0,0",,,,,,-3.080078125,-0.090576171875,0.279052734375,0.07421875,0.2900390625,0.121826171875
51,readout,,1,8,"1,0,0,0",,,,,,0.286376953125,0.736328125,0.2109375,0.28515625,0.2900390625,0.121826171875
51,readout,,1,9,"1,0,0,0",,,,,,0.028076171875,0.166015625,0.004638671875,0.289794921875,0.2900390625,0.121826171875
51,readout,,1,10,"1,0,0,0",,,,,,1.0,-0.16796875,-0.16796875,0.121826171875,0.2900390625,0.121826171875
52,neuron,0,,,"1,0,0,0",-1.560302734375,-0.21142578125,0.0,-1.771728515625,0,,,,,,
52,neuron,1,,,"1,0,0,0",0.368408203125,0.04296875,0.0,0.411376953125,0,,,,,,
52,neuron,2,,,"1,0,0,0",-3.4990234375,-0.554931640625,0.0,-3.9990234375,0,,,,,,
52,neuron,3,,,"1,0,0,0",-0.688232421875,-0.090576171875,0.0,-0.77880859375,0,,,,,,
52,neuron,4,,,"1,0,0,0",0.422607421875,0.15283203125,0.0,0.575439453125,0,,,,,,
52,neuron,5,,,"1,0,0,0",0.66064453125,0.571533203125,0.0,0.232177734375,1,,,,,,
52,neuron,6,,,"1,0,0,0",-2.9111328125,-0.427001953125,0.0,-3.338134765625,0,,,,,,
52,neuron,7,,,"1,0,0,0",-2.695068359375,-0.383056640625,0.0,-3.078125,0,,,,,,
52,readout,,0,0,"1,0,0,0",,,,,,-1.771728515625,-0.245849609375,0.435546875,0.435546875,0.3056640625,0.04736328125
52,readout,,0,1,"1,0,0,0",,,,,,0.411376953125,0.25048828125,0.10302734375,0.53857421875,0.3056640625,0.04736328125
52,readout,,0,2,"1,0,0,0",,,,,,-3.9990234375,-0.015380859375,0.0615234375,0.60009765625,0.3056640625,0.04736328125
52,readout,,0,3,"1,0,0,0",,,,,,-0.77880859375,-0.057373046875,0.044677734375,0.644775390625,0.3056640625,0.04736328125
52,readout,,0,4,"1,0,0,0",,,,,,0.575439453125,0.0048828125,0.0029296875,0.647705078125,0.3056640625,0.04736328125
52,readout,,0,5,"1,0,0,0",,,,,,0.232177734375,0.10595703125,0.024658203125,0.67236328125,0.3056640625,0.04736328125
52,readout,,0,6,"1,0,0,0",,,,,,-3.338134765625,-0.00244140625,0.008056640625,0.680419921875,0.3056640625,0.04736328125
52,readout,,0,7,"1,0,0,0",,,,,,-3.078125,0.31591796875,-0.972412109375,-0.2919921875,0.3056640625,0.04736328125
52,readout,,0,8,"1,0,0,0",,,,,,0.305908203125,1.9990234375,0.611572265625,0.319580078125,0.3056640625,0.04736328125
52,readout,,0,9,"1,0,0,0",,,,,,0.009765625,-1.9990234375,-0.01953125,0.300048828125,0.3056640625,0.04736328125
52,readout,,0,10,"1,0,0,0",,,,,,1.0,0.005615234375,0.005615234375,0.3056640625,0.3056640625,0.04736328125
52,readout,,1,0,"1,0,0,0",,,,,,-1.771728515625,0.021240234375,-0.03759765625,-0.03759765625,0.3056640625,0.04736328125
52,readout,,1,1,"1,0,0,0",,,,,,0.411376953125,-0.540771484375,-0.222412109375,-0.260009765625,0.3056640625,0.04736328125
52,readout,,1,2,"1,0,0,0",,,,,,-3.9990234375,0.103271484375,-0.4130859375,-0.673095703125,0.3056640625,0.04736328125
52,readout,,1,3,"1,0,0,0",,,,,,-0.77880859375,0.0478515625,-0.037353515625,-0.71044921875,0.3056640625,0.04736328125
52,readout,,1,4,"1,0,0,0",,,,,,0.575439453125,-0.000244140625,-0.000244140625,-0.710693359375,0.3056640625,0.04736328125
52,readout,,1,5,"1,0,0,0",,,,,,0.232177734375,0.17724609375,0.041259765625,-0.66943359375,0.3056640625,0.04736328125
52,readout,,1,6,"1,0,0,0",,,,,,-3.338134765625,-0.113525390625,0.37890625,-0.29052734375,0.3056640625,0.04736328125
52,readout,,1,7,"1,0,0,0",,,,,,-3.078125,-0.090576171875,0.27880859375,-0.01171875,0.3056640625,0.04736328125
52,readout,,1,8,"1,0,0,0",,,,,,0.305908203125,0.736328125,0.225341796875,0.213623046875,0.3056640625,0.04736328125
52,readout,,1,9,"1,0,0,0",,,,,,0.009765625,0.166015625,0.001708984375,0.21533203125,0.3056640625,0.04736328125
52,readout,,1,10,"1,0,0,0",,,,,,1.0,-0.16796875,-0.16796875,0.04736328125,0.3056640625,0.04736328125
53,neuron,0,,,"1,0,0,0",-1.55029296875,-0.21142578125,0.0,-1.76171875,0,,,,,,
53,neuron,1,,,"1,0,0,0",0.35986328125,0.04296875,0.0,0.40283203125,0,,,,,,
53,neuron,2,,,"1,0,0,0",-3.4990234375,-0.554931640625,-0.0078125,-3.9990234375,0,,,,,,
53,neuron,3,,,"1,0,0,0",-0.681396484375,-0.090576171875,0.0,-0.77197265625,0,,,,,,
53,neuron,4,,,"1,0,0,0",0.50341796875,0.15283203125,0.14111328125,0.79736328125,0,,,,,,
53,neuron,5,,,"1,0,0,0",0.203125,0.571533203125,0.0,0.774658203125,0,,,,,,
53,neuron,6,,,"1,0,0,0",-2.9208984375,-0.427001953125,0.0,-3.347900390625,0,,,,,,
53,neuron,7,,,"1,0,0,0",-2.693359375,-0.383056640625,0.0,-3.076416015625,0,,,,,,
53,readout,,0,0,"1,0,0,0",,,,,,-1.76171875,-0.245849609375,0.43310546875,0.43310546875,0.36083984375,0.133056640625
53,readout,,0,1,"1,0,0,0",,,,,,0.40283203125,0.25048828125,0.100830078125,0.533935546875,0.36083984375,0.133056640625
53,readout,,0,2,"1,0,0,0",,,,,,-3.9990234375,-0.015380859375,0.0615234375,0.595458984375,0.36083984375,0.133056640625
53,readout,,0,3,"1,0,0,0",,,,,,-0.77197265625,-0.057373046875,0.044189453125,0.6396484375,0.36083984375,0.133056640625
53,readout,,0,4,"1,0,0,0",,,,,,0.79736328125,0.0048828125,0.00390625,0.6435546875,0.36083984375,0.133056640625
53,readout,,0,5,"1,0,0,0",,,,,,0.774658203125,0.10595703125,0.08203125,0.7255859375,0.36083984375,0.133056640625
53,readout,,0,6,"1,0,0,0",,,,,,-3.347900390625,-0.00244140625,0.008056640625,0.733642578125,0.36083984375,0.133056640625
53,readout,,0,7,"1,0,0,0",,,,,,-3.076416015625,0.31591796875,-0.971923828125,-0.23828125,0.36083984375,0.133056640625
53,readout,,0,8,"1,0,0,0",,,,,,0.287841796875,1.9990234375,0.575439453125,0.337158203125,0.36083984375,0.133056640625
53,readout,,0,9,"1,0,0,0",,,,,,-0.009033203125,-1.9990234375,0.01806640625,0.355224609375,0.36083984375,0.133056640625
53,readout,,0,10,"1,0,0,0",,,,,,1.0,0.005615234375,0.005615234375,0.36083984375,0.36083984375,0.133056640625
53,readout,,1,0,"1,0,0,0",,,,,,-1.76171875,0.021240234375,-0.037353515625,-0.037353515625,0.36083984375,0.133056640625
53,readout,,1,1,"1,0,0,0",,,,,,0.40283203125,-0.540771484375,-0.2177734375,-0.255126953125,0.36083984375,0.133056640625
53,readout,,1,2,"1,0,0,0",,,,,,-3.9990234375,0.103271484375,-0.4130859375,-0.668212890625,0.36083984375,0.133056640625
53,readout,,1,3,"1,0,0,0",,,,,,-0.77197265625,0.0478515625,-0.036865234375,-0.705078125,0.36083984375,0.133056640625
53,readout,,1,4,"1,0,0,0",,,,,,0.79736328125,-0.000244140625,-0.000244140625,-0.705322265625,0.36083984375,0.133056640625
53,readout,,1,5,"1,0,0,0",,,,,,0.774658203125,0.17724609375,0.13720703125,-0.568115234375,0.36083984375,0.133056640625
53,readout,,1,6,"1,0,0,0",,,,,,-3.347900390625,-0.113525390625,0.380126953125,-0.18798828125,0.36083984375,0.133056640625
53,readout,,1,7,"1,0,0,0",,,,,,-3.076416015625,-0.090576171875,0.278564453125,0.090576171875,0.36083984375,0.133056640625
53,readout,,1,8,"1,0,0,0",,,,,,0.287841796875,0.736328125,0.2119140625,0.302490234375,0.36083984375,0.133056640625
53,readout,,1,9,"1,0,0,0",,,,,,-0.009033203125,0.166015625,-0.00146484375,0.301025390625,0.36083984375,0.133056640625
53,readout,,1,10,"1,0,0,0",,,,,,1.0,-0.16796875,-0.16796875,0.133056640625,0.36083984375,0.133056640625
54,neuron,0,,,"1,0,0,0",-1.54150390625,-0.21142578125,0.0,-1.7529296875,0,,,,,,
54,neuron,1,,,"1,0,0,0",0.3525390625,0.04296875,0.0,0.3955078125,0,,,,,,
54,neuron,2,,,"1,0,0,0",-3.4990234375,-0.554931640625,0.0,-3.9990234375,0,,,,,,
54,neuron,3,,,"1,0,0,0",-0.675537109375,-0.090576171875,0.0,-0.76611328125,0,,,,,,
54,neuron,4,,,"1,0,0,0",0.69775390625,0.15283203125,0.0,0.8505859375,0,,,,,,
54,neuron,5,,,"1,0,0,0",0.677734375,0.571533203125,0.0,0.249267578125,1,,,,,,
54,neuron,6,,,"1,0,0,0",-2.929443359375,-0.427001953125,0.0,-3.3564453125,0,,,,,,
54,neuron,7,,,"1,0,0,0",-2.69189453125,-0.383056640625,0.0,-3.074951171875,0,,,,,,
54,readout,,0,0,"1,0,0,0",,,,,,-1.7529296875,-0.245849609375,0.430908203125,0.430908203125,0.266845703125,0.03271484375
54,readout,,0,1,"1,0,0,0",,,,,,0.3955078125,0.25048828125,0.09912109375,0.530029296875,0.266845703125,0.03271484375
54,readout,,0,2,"1,0,0,0",,,,,,-3.9990234375,-0.015380859375,0.0615234375,0.591552734375,0.266845703125,0.03271484375
54,readout,,0,3,"1,0,0,0",,,,,,-0.76611328125,-0.057373046875,0.0439453125,0.635498046875,0.266845703125,0.03271484375
54,readout,,0,4,"1,0,0,0",,,,,,0.8505859375,0.0048828125,0.004150390625,0.6396484375,0.266845703125,0.03271484375
54,readout,,0,5,"1,0,0,0",,,,,,0.249267578125,0.10595703125,0.0263671875,0.666015625,0.266845703125,0.03271484375
54,readout,,0,6,"1,0,0,0",,,,,,-3.3564453125,-0.00244140625,0.00830078125,0.67431640625,0.266845703125,0.03271484375
54,readout,,0,7,"1,0,0,0",,,,,,-3.074951171875,0.31591796875,-0.971435546875,-0.297119140625,0.266845703125,0.03271484375
54,readout,,0,8,"1,0,0,0",,,,,,0.270751953125,1.9990234375,0.541259765625,0.244140625,0.266845703125,0.03271484375
54,readout,,0,9,"1,0,0,0",,,,,,-0.008544921875,-1.9990234375,0.01708984375,0.26123046875,0.266845703125,0.03271484375
54,readout,,0,10,"1,0,0,0",,,,,,1.0,0.005615234375,0.005615234375,0.266845703125,0.266845703125,0.03271484375
54,readout,,1,0,"1,0,0,0",,,,,,-1.7529296875,0.021240234375,-0.037353515625,-0.037353515625,0.266845703125,0.03271484375
54,readout,,1,1,"1,0,0,0",,,,,,0.3955078125,-0.540771484375,-0.2138671875,-0.251220703125,0.266845703125,0.03271484375
54,readout,,1,2,"1,0,0,0",,,,,,-3.9990234375,0.103271484375,-0.4130859375,-0.664306640625,0.266845703125,0.03271484375
54,readout,,1,3,"1,0,0,0",,,,,,-0.76611328125,0.0478515625,-0.03662109375,-0.700927734375,0.266845703125,0.03271484375
54,readout,,1,4,"1,0,0,0",,,,,,0.8505859375,-0.000244140625,-0.000244140625,-0.701171875,0.266845703125,0.03271484375
54,readout,,1,5,"1,0,0,0",,,,,,0.249267578125,0.17724609375,0.044189453125,-0.656982421875,0.266845703125,0.03271484375
54,readout,,1,6,"1,0,0,0",,,,,,-3.3564453125,-0.113525390625,0.381103515625,-0.27587890625,0.266845703125,0.03271484375
54,readout,,1,7,"1,0,0,0",,,,,,-3.074951171875,-0.090576171875,0.278564453125,0.002685546875,0.266845703125,0.03271484375
54,readout,,1,8,"1,0,0,0",,,,,,0.270751953125,0.736328125,0.199462890625,0.2021484375,0.266845703125,0.03271484375
54,readout,,1,9,"1,0,0,0",,,,,,-0.008544921875,0.166015625,-0.00146484375,0.20068359375,0.266845703125,0.03271484375
54,readout,,1,10,"1,0,0,0",,,,,,1.0,-0.16796875,-0.16796875,0.03271484375,0.266845703125,0.03271484375
55,neuron,0,,,"1,0,0,0",-1.53369140625,-0.21142578125,0.0,-1.7451171875,0,,,,,,
55,neuron,1,,,"1,0,0,0",0.34619140625,0.04296875,0.0,0.38916015625,0,,,,,,
55,neuron,2,,,"1,0,0,0",-3.4990234375,-0.554931640625,-0.0078125,-3.9990234375,0,,,,,,
55,neuron,3,,,"1,0,0,0",-0.67041015625,-0.090576171875,0.0,-0.760986328125,0,,,,,,
55,neuron,4,,,"1,0,0,0",0.744140625,0.15283203125,0.14111328125,0.0380859375,1,,,,,,
55,neuron,5,,,"1,0,0,0",0.218017578125,0.571533203125,0.0,0.78955078125,0,,,,,,
55,neuron,6,,,"1,0,0,0",-2.93701171875,-0.427001953125,0.0,-3.364013671875,0,,,,,,
55,neuron,7,,,"1,0,0,0",-2.690673828125,-0.383056640625,0.0,-3.07373046875,0,,,,,,
55,readout,,0,0,"1,0,0,0",,,,,,-1.7451171875,-0.245849609375,0.428955078125,0.428955078125,0.30029296875,0.135009765625
55,readout,,0,1,"1,0,0,0",,,,,,0.38916015625,0.25048828125,0.097412109375,0.5263671875,0.30029296875,0.135009765625
55,readout,,0,2,"1,0,0,0",,,,,,-3.9990234375,-0.015380859375,0.0615234375,0.587890625,0.30029296875,0.135009765625
55,readout,,0,3,"1,0,0,0",,,,,,-0.760986328125,-0.057373046875,0.043701171875,0.631591796875,0.30029296875,0.135009765625
55,readout,,0,4,"1,0,0,0",,,,,,0.0380859375,0.0048828125,0.000244140625,0.6318359375,0.30029296875,0.135009765625
55,readout,,0,5,"1,0,0,0",,,,,,0.78955078125,0.10595703125,0.083740234375,0.715576171875,0.30029296875,0.135009765625
55,readout,,0,6,"1,0,0,0",,,,,,-3.364013671875,-0.00244140625,0.00830078125,0.723876953125,0.30029296875,0.135009765625
55,readout,,0,7,"1,0,0,0",,,,,,-3.07373046875,0.31591796875,-0.970947265625,-0.2470703125,0.30029296875,0.135009765625
55,readout,,0,8,"1,0,0,0",,,,,,0.271484375,1.9990234375,0.542724609375,0.295654296875,0.30029296875,0.135009765625
55,readout,,0,9,"1,0,0,0",,,,,,0.00048828125,-1.9990234375,-0.0009765625,0.294677734375,0.30029296875,0.135009765625
55,readout,,0,10,"1,0,0,0",,,,,,1.0,0.005615234375,0.005615234375,0.30029296875,0.30029296875,0.135009765625
55,readout,,1,0,"1,0,0,0",,,,,,-1.7451171875,0.021240234375,-0.037109375,-0.037109375,0.30029296875,0.135009765625
55,readout,,1,1,"1,0,0,0",,,,,,0.38916015625,-0.540771484375,-0.21044921875,-0.24755859375,0.30029296875,0.135009765625
55,readout,,1,2,"1,0,0,0",,,,,,-3.9990234375,0.103271484375,-0.4130859375,-0.66064453125,0.30029296875,0.135009765625
55,readout,,1,3,"1,0,0,0",,,,,,-0.760986328125,0.0478515625,-0.036376953125,-0.697021484375,0.30029296875,0.135009765625
55,readout,,1,4,"1,0,0,0",,,,,,0.0380859375,-0.000244140625,0.0,-0.697021484375,0.30029296875,0.135009765625
55,readout,,1,5,"1,0,0,0",,,,,,0.78955078125,0.17724609375,0.139892578125,-0.55712890625,0.30029296875,0.135009765625
55,readout,,1,6,"1,0,0,0",,,,,,-3.364013671875,-0.113525390625,0.3818359375,-0.17529296875,0.30029296875,0.135009765625
55,readout,,1,7,"1,0,0,0",,,,,,-3.07373046875,-0.090576171875,0.2783203125,0.10302734375,0.30029296875,0.135009765625
55,readout,,1,8,"1,0,0,0",,,,,,0.271484375,0.736328125,0.199951171875,0.302978515625,0.30029296875,0.135009765625
55,readout,,1,9,"1,0,0,0",,,,,,0.00048828125,0.166015625,0.0,0.302978515625,0.30029296875,0.135009765625
55,readout,,1,10,"1,0,0,0",,,,,,1.0,-0.16796875,-0.16796875,0.135009765625,0.30029296875,0.135009765625
56,neuron,0,,,"1,0,0,0",-1.52685546875,-0.21142578125,0.0,-1.73828125,0,,,,,,
56,neuron,1,,,"1,0,0,0",0.340576171875,0.04296875,0.052001953125,0.435546875,0,,,,,,
56,neuron,2,,,"1,0,0,0",-3.4990234375,-0.554931640625,0.0,-3.9990234375,0,,,,,,
56,neuron,3,,,"1,0,0,0",-0.665771484375,-0.090576171875,0.0,-0.75634765625,0,,,,,,
56,neuron,4,,,"1,0,0,0",0.033203125,0.15283203125,0.0,0.18603515625,0,,,,,,
56,neuron,5,,,"1,0,0,0",0.69091796875,0.571533203125,-0.02685546875,0.235595703125,1,,,,,,
56,neuron,6,,,"1,0,0,0",-2.943603515625,-0.427001953125,0.0,-3.37060546875,0,,,,,,
56,neuron,7,,,"1,0,0,0",-2.689453125,-0.383056640625,0.0,-3.072509765625,0,,,,,,
56,readout,,0,0,"1,0,0,0",,,,,,-1.73828125,-0.245849609375,0.42724609375,0.42724609375,0.311279296875,0.060546875
56,readout,,0,1,"1,0,0,0",,,,,,0.435546875,0.25048828125,0.109130859375,0.536376953125,0.311279296875,0.060546875
56,readout,,0,2,"1,0,0,0",,,,,,-3.9990234375,-0.015380859375,0.0615234375,0.597900390625,0.311279296875,0.060546875
56,readout,,0,3,"1,0,0,0",,,,,,-0.75634765625,-0.057373046875,0.04345703125,0.641357421875,0.311279296875,0.060546875
56,readout,,0,4,"1,0,0,0",,,,,,0.18603515625,0.0048828125,0.0009765625,0.642333984375,0.311279296875,0.060546875
56,readout,,0,5,"1,0,0,0",,,,,,0.235595703125,0.10595703125,0.02490234375,0.667236328125,0.311279296875,0.060546875
56,readout,,0,6,"1,0,0,0",,,,,,-3.37060546875,-0.00244140625,0.00830078125,0.675537109375,0.311279296875,0.060546875
56,readout,,0,7,"1,0,0,0",,,,,,-3.072509765625,0.31591796875,-0.970703125,-0.295166015625,0.311279296875,0.060546875
56,readout,,0,8,"1,0,0,0",,,,,,0.32958984375,1.9990234375,0.658935546875,0.36376953125,0.311279296875,0.060546875
56,readout,,0,9,"1,0,0,0",,,,,,0.029052734375,-1.9990234375,-0.05810546875,0.3056640625,0.311279296875,0.060546875
56,readout,,0,10,"1,0,0,0",,,,,,1.0,0.005615234375,0.005615234375,0.311279296875,0.311279296875,0.060546875
56,readout,,1,0,"1,0,0,0",,,,,,-1.73828125,0.021240234375,-0.036865234375,-0.036865234375,0.311279296875,0.060546875
56,readout,,1,1,"1,0,0,0",,,,,,0.435546875,-0.540771484375,-0.235595703125,-0.2724609375,0.311279296875,0.060546875
56,readout,,1,2,"1,0,0,0",,,,,,-3.9990234375,0.103271484375,-0.4130859375,-0.685546875,0.311279296875,0.060546875
56,readout,,1,3,"1,0,0,0",,,,,,-0.75634765625,0.0478515625,-0.0361328125,-0.7216796875,0.311279296875,0.060546875
56,readout,,1,4,"1,0,0,0",,,,,,0.18603515625,-0.000244140625,0.0,-0.7216796875,0.311279296875,0.060546875
56,readout,,1,5,"1,0,0,0",,,,,,0.235595703125,0.17724609375,0.041748046875,-0.679931640625,0.311279296875,0.060546875
56,readout,,1,6,"1,0,0,0",,,,,,-3.37060546875,-0.113525390625,0.382568359375,-0.29736328125,0.311279296875,0.060546875
56,readout,,1,7,"1,0,0,0",,,,,,-3.072509765625,-0.090576171875,0.2783203125,-0.01904296875,0.311279296875,0.060546875
56,readout,,1,8,"1,0,0,0",,,,,,0.32958984375,0.736328125,0.24267578125,0.2236328125,0.311279296875,0.060546875
56,readout,,1,9,"1,0,0,0",,,,,,0.029052734375,0.166015625,0.0048828125,0.228515625,0.311279296875,0.060546875
56,readout,,1,10,"1,0,0,0",,,,,,1.0,-0.16796875,-0.16796875,0.060546875,0.311279296875,0.060546875
57,neuron,0,,,"1,0,0,0",-1.52099609375,-0.21142578125,0.0,-1.732421875,0,,,,,,
57,neuron,1,,,"1,0,0,0",0.381103515625,0.04296875,0.0,0.424072265625,0,,,,,,
57,neuron,2,,,"1,0,0,0",-3.4990234375,-0.554931640625,-0.0078125,-3.9990234375,0,,,,,,
57,neuron,3,,,"1,0,0,0",-0.661865234375,-0.090576171875,0.0,-0.75244140625,0,,,,,,
57,neuron,4,,,"1,0,0,0",0.162841796875,0.15283203125,0.14111328125,0.456787109375,0,,,,,,
57,neuron,5,,,"1,0,0,0",0.2060546875,0.571533203125,0.0,0.777587890625,0,,,,,,
57,neuron,6,,,"1,0,0,0",-2.94921875,-0.427001953125,0.0,-3.376220703125,0,,,,,,
57,neuron,7,,,"1,0,0,0",-2.6884765625,-0.383056640625,0.0,-3.071533203125,0,,,,,,
57,readout,,0,0,"1,0,0,0",,,,,,-1.732421875,-0.245849609375,0.426025390625,0.426025390625,0.3720703125,0.11669921875
57,readout,,0,1,"1,0,0,0",,,,,,0.424072265625,0.25048828125,0.106201171875,0.5322265625,0.3720703125,0.11669921875
57,readout,,0,2,"1,0,0,0",,,,,,-3.9990234375,-0.015380859375,0.0615234375,0.59375,0.3720703125,0.11669921875
57,readout,,0,3,"1,0,0,0",,,,,,-0.75244140625,-0.057373046875,0.043212890625,0.636962890625,0.3720703125,0.11669921875
57,readout,,0,4,"1,0,0,0",,,,,,0.456787109375,0.0048828125,0.002197265625,0.63916015625,0.3720703125,0.11669921875
57,readout,,0,5,"1,0,0,0",,,,,,0.777587890625,0.10595703125,0.082275390625,0.721435546875,0.3720703125,0.11669921875
57,readout,,0,6,"1,0,0,0",,,,,,-3.376220703125,-0.00244140625,0.00830078125,0.729736328125,0.3720703125,0.11669921875
57,readout,,0,7,"1,0,0,0",,,,,,-3.071533203125,0.31591796875,-0.970458984375,-0.24072265625,0.3720703125,0.11669921875
57,readout,,0,8,"1,0,0,0",,,,,,0.27783203125,1.9990234375,0.555419921875,0.314697265625,0.3720703125,0.11669921875
57,readout,,0,9,"1,0,0,0",,,,,,-0.02587890625,-1.9990234375,0.0517578125,0.366455078125,0.3720703125,0.11669921875
57,readout,,0,10,"1,0,0,0",,,,,,1.0,0.005615234375,0.005615234375,0.3720703125,0.3720703125,0.11669921875
57,readout,,1,0,"1,0,0,0",,,,,,-1.732421875,0.021240234375,-0.036865234375,-0.036865234375,0.3720703125,0.11669921875
57,readout,,1,1,"1,0,0,0",,,,,,0.424072265625,-0.540771484375,-0.229248046875,-0.26611328125,0.3720703125,0.11669921875
57,readout,,1,2,"1,0,0,0",,,,,,-3.9990234375,0.103271484375,-0.4130859375,-0.67919921875,0.3720703125,0.11669921875
57,readout,,1,3,"1,0,0,0",,,,,,-0.75244140625,0.0478515625,-0.035888671875,-0.715087890625,0.3720703125,0.11669921875
57,readout,,1,4,"1,0,0,0",,,,,,0.456787109375,-0.000244140625,0.0,-0.715087890625,0.3720703125,0.11669921875
57,readout,,1,5,"1,0,0,0",,,,,,0.777587890625,0.17724609375,0.137939453125,-0.5771484375,0.3720703125,0.11669921875
57,readout,,1,6,"1,0,0,0",,,,,,-3.376220703125,-0.113525390625,0.38330078125,-0.19384765625,0.3720703125,0.11669921875
57,readout,,1,7,"1,0,0,0",,,,,,-3.071533203125,-0.090576171875,0.2783203125,0.08447265625,0.3720703125,0.11669921875
57,readout,,1,8,"1,0,0,0",,,,,,0.27783203125,0.736328125,0.20458984375,0.2890625,0.3720703125,0.11669921875
57,readout,,1,9,"1,0,0,0",,,,,,-0.02587890625,0.166015625,-0.00439453125,0.28466796875,0.3720703125,0.11669921875
57,readout,,1,10,"1,0,0,0",,,,,,1.0,-0.16796875,-0.16796875,0.11669921875,0.3720703125,0.11669921875
58,neuron,0,,,"1,0,0,0",-1.515869140625,-0.21142578125,0.0,-1.727294921875,0,,,,,,
58,neuron,1,,,"1,0,0,0",0.37109375,0.04296875,0.0,0.4140625,0,,,,,,
58,neuron,2,,,"1,0,0,0",-3.4990234375,-0.554931640625,0.0,-3.9990234375,0,,,,,,
58,neuron,3,,,"1,0,0,0",-0.658447265625,-0.090576171875,0.0,-0.7490234375,0,,,,,,
58,neuron,4,,,"1,0,0,0",0.399658203125,0.15283203125,0.0,0.552490234375,0,,,,,,
58,neuron,5,,,"1,0,0,0",0.680419921875,0.571533203125,0.0,0.251953125,1,,,,,,
58,neuron,6,,,"1,0,0,0",-2.9541015625,-0.427001953125,0.0,-3.381103515625,0,,,,,,
58,neuron,7,,,"1,0,0,0",-2.6875,-0.383056640625,0.0,-3.070556640625,0,,,,,,
58,readout,,0,0,"1,0,0,0",,,,,,-1.727294921875,-0.245849609375,0.424560546875,0.424560546875,0.199462890625,-0.017578125
58,readout,,0,1,"1,0,0,0",,,,,,0.4140625,0.25048828125,0.103759765625,0.5283203125,0.199462890625,-0.017578125
58,readout,,0,2,"1,0,0,0",,,,,,-3.9990234375,-0.015380859375,0.0615234375,0.58984375,0.199462890625,-0.017578125
58,readout,,0,3,"1,0,0,0",,,,,,-0.7490234375,-0.057373046875,0.04296875,0.6328125,0.199462890625,-0.017578125
58,readout,,0,4,"1,0,0,0",,,,,,0.552490234375,0.0048828125,0.002685546875,0.635498046875,0.199462890625,-0.017578125
58,readout,,0,5,"1,0,0,0",,,,,,0.251953125,0.10595703125,0.026611328125,0.662109375,0.199462890625,-0.017578125
58,readout,,0,6,"1,0,0,0",,,,,,-3.381103515625,-0.00244140625,0.00830078125,0.67041015625,0.199462890625,-0.017578125
58,readout,,0,7,"1,0,0,0",,,,,,-3.070556640625,0.31591796875,-0.969970703125,-0.299560546875,0.199462890625,-0.017578125
58,readout,,0,8,"1,0,0,0",,,,,,0.215576171875,1.9990234375,0.430908203125,0.13134765625,0.199462890625,-0.017578125
58,readout,,0,9,"1,0,0,0",,,,,,-0.03125,-1.9990234375,0.0625,0.19384765625,0.199462890625,-0.017578125
58,readout,,0,10,"1,0,0,0",,,,,,1.0,0.005615234375,0.005615234375,0.199462890625,0.199462890625,-0.017578125
58,readout,,1,0,"1,0,0,0",,,,,,-1.727294921875,0.021240234375,-0.03662109375,-0.03662109375,0.199462890625,-0.017578125
58,readout,,1,1,"1,0,0,0",,,,,,0.4140625,-0.540771484375,-0.223876953125,-0.260498046875,0.199462890625,-0.017578125
58,readout,,1,2,"1,0,0,0",,,,,,-3.9990234375,0.103271484375,-0.4130859375,-0.673583984375,0.199462890625,-0.017578125
58,readout,,1,3,"1,0,0,0",,,,,,-0.7490234375,0.0478515625,-0.035888671875,-0.70947265625,0.199462890625,-0.017578125
58,readout,,1,4,"1,0,0,0",,,,,,0.552490234375,-0.000244140625,-0.000244140625,-0.709716796875,0.199462890625,-0.017578125
58,readout,,1,5,"1,0,0,0",,,,,,0.251953125,0.17724609375,0.044677734375,-0.6650390625,0.199462890625,-0.017578125
58,readout,,1,6,"1,0,0,0",,,,,,-3.381103515625,-0.113525390625,0.3837890625,-0.28125,0.199462890625,-0.017578125
58,readout,,1,7,"1,0,0,0",,,,,,-3.070556640625,-0.090576171875,0.278076171875,-0.003173828125,0.199462890625,-0.017578125
58,readout,,1,8,"1,0,0,0",,,,,,0.215576171875,0.736328125,0.15869140625,0.155517578125,0.199462890625,-0.017578125
58,readout,,1,9,"1,0,0,0",,,,,,-0.03125,0.166015625,-0.005126953125,0.150390625,0.199462890625,-0.017578125
58,readout,,1,10,"1,0,0,0",,,,,,1.0,-0.16796875,-0.16796875,-0.017578125,0.199462890625,-0.017578125
59,neuron,0,,,"1,0,1,0",-1.511474609375,-0.0302734375,0.0,-1.541748046875,0,,,,,,
59,neuron,1,,,"1,0,1,0",0.3623046875,-0.487548828125,0.0,-0.125244140625,0,,,,,,
59,neuron,2,,,"1,0,1,0",-3.4990234375,-1.071044921875,-0.0078125,-3.9990234375,0,,,,,,
59,neuron,3,,,"1,0,1,0",-0.6552734375,-0.5419921875,0.0,-1.197265625,0,,,,,,
59,neuron,4,,,"1,0,1,0",0.4833984375,0.245361328125,0.14111328125,0.869873046875,0,,,,,,
59,neuron,5,,,"1,0,1,0",0.220458984375,1.001708984375,0.0,0.22216796875,1,,,,,,
59,neuron,6,,,"1,0,1,0",-2.95849609375,-0.65673828125,0.0,-3.615234375,0,,,,,,
59,neuron,7,,,"1,0,1,0",-2.686767578125,-0.21630859375,0.0,-2.903076171875,0,,,,,,
59,readout,,0,0,"1,0,1,0",,,,,,-1.541748046875,-0.245849609375,0.379150390625,0.379150390625,0.135986328125,0.3515625
59,readout,,0,1,"1,0,1,0",,,,,,-0.125244140625,0.25048828125,-0.031494140625,0.34765625,0.135986328125,0.3515625
59,readout,,0,2,"1,0,1,0",,,,,,-3.9990234375,-0.015380859375,0.0615234375,0.4091796875,0.135986328125,0.3515625
59,readout,,0,3,"1,0,1,0",,,,,,-1.197265625,-0.057373046875,0.068603515625,0.477783203125,0.135986328125,0.3515625
59,readout,,0,4,"1,0,1,0",,,,,,0.869873046875,0.0048828125,0.004150390625,0.48193359375,0.135986328125,0.3515625
59,readout,,0,5,"1,0,1,0",,,,,,0.22216796875,0.10595703125,0.0234375,0.50537109375,0.135986328125,0.3515625
59,readout,,0,6,"1,0,1,0",,,,,,-3.615234375,-0.00244140625,0.0087890625,0.51416015625,0.135986328125,0.3515625
59,readout,,0,7,"1,0,1,0",,,,,,-2.903076171875,0.31591796875,-0.917236328125,-0.403076171875,0.135986328125,0.3515625
59,readout,,0,8,"1,0,1,0",,,,,,0.318115234375,1.9990234375,0.635986328125,0.23291015625,0.135986328125,0.3515625
59,readout,,0,9,"1,0,1,0",,,,,,0.05126953125,-1.9990234375,-0.1025390625,0.13037109375,0.135986328125,0.3515625
59,readout,,0,10,"1,0,1,0",,,,,,1.0,0.005615234375,0.005615234375,0.135986328125,0.135986328125,0.3515625
59,readout,,1,0,"1,0,1,0",,,,,,-1.541748046875,0.021240234375,-0.03271484375,-0.03271484375,0.135986328125,0.3515625
59,readout,,1,1,"1,0,1,0",,,,,,-0.125244140625,-0.540771484375,0.067626953125,0.034912109375,0.135986328125,0.3515625
59,readout,,1,2,"1,0,1,0",,,,,,-3.9990234375,0.103271484375,-0.4130859375,-0.378173828125,0.135986328125,0.3515625
59,readout,,1,3,"1,0,1,0",,,,,,-1.197265625,0.0478515625,-0.057373046875,-0.435546875,0.135986328125,0.3515625
59,readout,,1,4,"1,0,1,0",,,,,,0.869873046875,-0.000244140625,-0.000244140625,-0.435791015625,0.135986328125,0.3515625
59,readout,,1,5,"1,0,1,0",,,,,,0.22216796875,0.17724609375,0.039306640625,-0.396484375,0.135986328125,0.3515625
59,readout,,1,6,"1,0,1,0",,,,,,-3.615234375,-0.113525390625,0.410400390625,0.013916015625,0.135986328125,0.3515625
59,readout,,1,7,"1,0,1,0",,,,,,-2.903076171875,-0.090576171875,0.262939453125,0.27685546875,0.135986328125,0.3515625
59,readout,,1,8,"1,0,1,0",,,,,,0.318115234375,0.736328125,0.234130859375,0.510986328125,0.135986328125,0.3515625
59,readout,,1,9,"1,0,1,0",,,,,,0.05126953125,0.166015625,0.008544921875,0.51953125,0.135986328125,0.3515625
59,readout,,1,10,"1,0,1,0",,,,,,1.0,-0.16796875,-0.16796875,0.3515625,0.135986328125,0.3515625
60,neuron,0,,,"1,0,0,0",-1.34912109375,-0.21142578125,0.0,-1.560546875,0,,,,,,
60,neuron,1,,,"1,0,0,0",-0.109619140625,0.04296875,0.0,-0.066650390625,0,,,,,,
60,neuron,2,,,"1,0,0,0",-3.4990234375,-0.554931640625,-0.0078125,-3.9990234375,0,,,,,,
60,neuron,3,,,"1,0,0,0",-1.047607421875,-0.090576171875,0.0,-1.13818359375,0,,,,,,
60,neuron,4,,,"1,0,0,0",0.76123046875,0.15283203125,0.14111328125,0.05517578125,1,,,,,,
60,neuron,5,,,"1,0,0,0",0.1943359375,0.571533203125,0.0,0.765869140625,0,,,,,,
60,neuron,6,,,"1,0,0,0",-3.163330078125,-0.427001953125,0.0,-3.59033203125,0,,,,,,
60,neuron,7,,,"1,0,0,0",-2.540283203125,-0.383056640625,0.0,-2.92333984375,0,,,,,,
60,readout,,0,0,"1,0,0,0",,,,,,-1.560546875,-0.245849609375,0.383544921875,0.383544921875,0.28466796875,0.395751953125
60,readout,,0,1,"1,0,0,0",,,,,,-0.066650390625,0.25048828125,-0.0166015625,0.366943359375,0.28466796875,0.395751953125
60,readout,,0,2,"1,0,0,0",,,,,,-3.9990234375,-0.015380859375,0.0615234375,0.428466796875,0.28466796875,0.395751953125
60,readout,,0,3,"1,0,0,0",,,,,,-1.13818359375,-0.057373046875,0.065185546875,0.49365234375,0.28466796875,0.395751953125
60,readout,,0,4,"1,0,0,0",,,,,,0.05517578125,0.0048828125,0.000244140625,0.493896484375,0.28466796875,0.395751953125
60,readout,,0,5,"1,0,0,0",,,,,,0.765869140625,0.10595703125,0.0810546875,0.574951171875,0.28466796875,0.395751953125
60,readout,,0,6,"1,0,0,0",,,,,,-3.59033203125,-0.00244140625,0.0087890625,0.583740234375,0.28466796875,0.395751953125
60,readout,,0,7,"1,0,0,0",,,,,,-2.92333984375,0.31591796875,-0.923583984375,-0.33984375,0.28466796875,0.395751953125
60,readout,,0,8,"1,0,0,0",,,,,,0.30078125,1.9990234375,0.601318359375,0.261474609375,0.28466796875,0.395751953125
60,readout,,0,9,"1,0,0,0",,,,,,-0.0087890625,-1.9990234375,0.017578125,0.279052734375,0.28466796875,0.395751953125
60,readout,,0,10,"1,0,0,0",,,,,,1.0,0.005615234375,0.005615234375,0.28466796875,0.28466796875,0.395751953125
60,readout,,1,0,"1,0,0,0",,,,,,-1.560546875,0.021240234375,-0.033203125,-0.033203125,0.28466796875,0.395751953125
60,readout,,1,1,"1,0,0,0",,,,,,-0.066650390625,-0.540771484375,0.0361328125,0.0029296875,0.28466796875,0.395751953125
60,readout,,1,2,"1,0,0,0",,,,,,-3.9990234375,0.103271484375,-0.4130859375,-0.41015625,0.28466796875,0.395751953125
60,readout,,1,3,"1,0,0,0",,,,,,-1.13818359375,0.0478515625,-0.054443359375,-0.464599609375,0.28466796875,0.395751953125
60,readout,,1,4,"1,0,0,0",,,,,,0.05517578125,-0.000244140625,0.0,-0.464599609375,0.28466796875,0.395751953125
60,readout,,1,5,"1,0,0,0",,,,,,0.765869140625,0.17724609375,0.1357421875,-0.328857421875,0.28466796875,0.395751953125
60,readout,,1,6,"1,0,0,0",,,,,,-3.59033203125,-0.113525390625,0.40771484375,0.078857421875,0.28466796875,0.395751953125
60,readout,,1,7,"1,0,0,0",,,,,,-2.92333984375,-0.090576171875,0.264892578125,0.34375,0.28466796875,0.395751953125
60,readout,,1,8,"1,0,0,0",,,,,,0.30078125,0.736328125,0.221435546875,0.565185546875,0.28466796875,0.395751953125
60,readout,,1,9,"1,0,0,0",,,,,,-0.0087890625,0.166015625,-0.00146484375,0.563720703125,0.28466796875,0.395751953125
60,readout,,1,10,"1,0,0,0",,,,,,1.0,-0.16796875,-0.16796875,0.395751953125,0.28466796875,0.395751953125
61,neuron,0,,,"1,0,0,0",-1.365478515625,-0.21142578125,0.0,-1.576904296875,0,,,,,,
61,neuron,1,,,"1,0,0,0",-0.058349609375,0.04296875,0.052001953125,0.03662109375,0,,,,,,
61,neuron,2,,,"1,0,0,0",-3.4990234375,-0.554931640625,0.0,-3.9990234375,0,,,,,,
61,neuron,3,,,"1,0,0,0",-0.995849609375,-0.090576171875,0.0,-1.08642578125,0,,,,,,
61,neuron,4,,,"1,0,0,0",0.04833984375,0.15283203125,0.0,0.201171875,0,,,,,,
61,neuron,5,,,"1,0,0,0",0.670166015625,0.571533203125,-0.02685546875,0.21484375,1,,,,,,
61,neuron,6,,,"1,0,0,0",-3.1416015625,-0.427001953125,0.0,-3.568603515625,0,,,,,,
61,neuron,7,,,"1,0,0,0",-2.557861328125,-0.383056640625,0.0,-2.94091796875,0,,,,,,
61,readout,,0,0,"1,0,0,0",,,,,,-1.576904296875,-0.245849609375,0.3876953125,0.3876953125,0.23095703125,0.244384765625
61,readout,,0,1,"1,0,0,0",,,,,,0.03662109375,0.25048828125,0.00927734375,0.39697265625,0.23095703125,0.244384765625
61,readout,,0,2,"1,0,0,0",,,,,,-3.9990234375,-0.015380859375,0.0615234375,0.45849609375,0.23095703125,0.244384765625
61,readout,,0,3,"1,0,0,0",,,,,,-1.08642578125,-0.057373046875,0.062255859375,0.520751953125,0.23095703125,0.244384765625
61,readout,,0,4,"1,0,0,0",,,,,,0.201171875,0.0048828125,0.0009765625,0.521728515625,0.23095703125,0.244384765625
61,readout,,0,5,"1,0,0,0",,,,,,0.21484375,0.10595703125,0.022705078125,0.54443359375,0.23095703125,0.244384765625
61,readout,,0,6,"1,0,0,0",,,,,,-3.568603515625,-0.00244140625,0.0087890625,0.55322265625,0.23095703125,0.244384765625
61,readout,,0,7,"1,0,0,0",,,,,,-2.94091796875,0.31591796875,-0.92919921875,-0.3759765625,0.23095703125,0.244384765625
61,readout,,0,8,"1,0,0,0",,,,,,0.300537109375,1.9990234375,0.600830078125,0.224853515625,0.23095703125,0.244384765625
61,readout,,0,9,"1,0,0,0",,,,,,-0.000244140625,-1.9990234375,0.00048828125,0.225341796875,0.23095703125,0.244384765625
61,readout,,0,10,"1,0,0,0",,,,,,1.0,0.005615234375,0.005615234375,0.23095703125,0.23095703125,0.244384765625
61,readout,,1,0,"1,0,0,0",,,,,,-1.576904296875,0.021240234375,-0.033447265625,-0.033447265625,0.23095703125,0.244384765625
61,readout,,1,1,"1,0,0,0",,,,,,0.03662109375,-0.540771484375,-0.019775390625,-0.05322265625,0.23095703125,0.244384765625
61,readout,,1,2,"1,0,0,0",,,,,,-3.9990234375,0.103271484375,-0.4130859375,-0.46630859375,0.23095703125,0.244384765625
61,readout,,1,3,"1,0,0,0",,,,,,-1.08642578125,0.0478515625,-0.052001953125,-0.518310546875,0.23095703125,0.244384765625
61,readout,,1,4,"1,0,0,0",,,,,,0.201171875,-0.000244140625,0.0,-0.518310546875,0.23095703125,0.244384765625
61,readout,,1,5,"1,0,0,0",,,,,,0.21484375,0.17724609375,0.0380859375,-0.480224609375,0.23095703125,0.244384765625
61,readout,,1,6,"1,0,0,0",,,,,,-3.568603515625,-0.113525390625,0.405029296875,-0.0751953125,0.23095703125,0.244384765625
61,readout,,1,7,"1,0,0,0",,,,,,-2.94091796875,-0.090576171875,0.266357421875,0.191162109375,0.23095703125,0.244384765625
61,readout,,1,8,"1,0,0,0",,,,,,0.300537109375,0.736328125,0.22119140625,0.412353515625,0.23095703125,0.244384765625
61,readout,,1,9,"1,0,0,0",,,,,,-0.000244140625,0.166015625,0.0,0.412353515625,0.23095703125,0.244384765625
61,readout,,1,10,"1,0,0,0",,,,,,1.0,-0.16796875,-0.16796875,0.244384765625,0.23095703125,0.244384765625
62,neuron,0,,,"1,0,0,0",-1.3798828125,-0.21142578125,0.0,-1.59130859375,0,,,,,,
62,neuron,1,,,"1,0,0,0",0.031982421875,0.04296875,0.0,0.074951171875,0,,,,,,
62,neuron,2,,,"1,0,0,0",-3.4990234375,-0.554931640625,-0.0078125,-3.9990234375,0,,,,,,
62,neuron,3,,,"1,0,0,0",-0.95068359375,-0.090576171875,0.0,-1.041259765625,0,,,,,,
62,neuron,4,,,"1,0,0,0",0.176025390625,0.15283203125,0.14111328125,0.469970703125,0,,,,,,
62,neuron,5,,,"1,0,0,0",0.18798828125,0.571533203125,0.0,0.759521484375,0,,,,,,
62,neuron,6,,,"1,0,0,0",-3.12255859375,-0.427001953125,0.0,-3.549560546875,0,,,,,,
62,neuron,7,,,"1,0,0,0",-2.5732421875,-0.383056640625,0.0,-2.956298828125,0,,,,,,
62,readout,,0,0,"1,0,0,0",,,,,,-1.59130859375,-0.245849609375,0.39111328125,0.39111328125,0.296142578125,0.322509765625
62,readout,,0,1,"1,0,0,0",,,,,,0.074951171875,0.25048828125,0.018798828125,0.409912109375,0.296142578125,0.322509765625
62,readout,,0,2,"1,0,0,0",,,,,,-3.9990234375,-0.015380859375,0.0615234375,0.471435546875,0.296142578125,0.322509765625
62,readout,,0,3,"1,0,0,0",,,,,,-1.041259765625,-0.057373046875,0.059814453125,0.53125,0.296142578125,0.322509765625
62,readout,,0,4,"1,0,0,0",,,,,,0.469970703125,0.0048828125,0.002197265625,0.533447265625,0.296142578125,0.322509765625
62,readout,,0,5,"1,0,0,0",,,,,,0.759521484375,0.10595703125,0.08056640625,0.614013671875,0.296142578125,0.322509765625
62,readout,,0,6,"1,0,0,0",,,,,,-3.549560546875,-0.00244140625,0.008544921875,0.62255859375,0.296142578125,0.322509765625
62,readout,,0,7,"1,0,0,0",,,,,,-2.956298828125,0.31591796875,-0.933837890625,-0.311279296875,0.296142578125,0.322509765625
62,readout,,0,8,"1,0,0,0",,,,,,0.3017578125,1.9990234375,0.603271484375,0.2919921875,0.296142578125,0.322509765625
62,readout,,0,9,"1,0,0,0",,,,,,0.000732421875,-1.9990234375,-0.00146484375,0.29052734375,0.296142578125,0.322509765625
62,readout,,0,10,"1,0,0,0",,,,,,1.0,0.005615234375,0.005615234375,0.296142578125,0.296142578125,0.322509765625
62,readout,,1,0,"1,0,0,0",,,,,,-1.59130859375,0.021240234375,-0.03369140625,-0.03369140625,0.296142578125,0.322509765625
62,readout,,1,1,"1,0,0,0",,,,,,0.074951171875,-0.540771484375,-0.04052734375,-0.07421875,0.296142578125,0.322509765625
62,readout,,1,2,"1,0,0,0",,,,,,-3.9990234375,0.103271484375,-0.4130859375,-0.4873046875,0.296142578125,0.322509765625
62,readout,,1,3,"1,0,0,0",,,,,,-1.041259765625,0.0478515625,-0.0498046875,-0.537109375,0.296142578125,0.322509765625
62,readout,,1,4,"1,0,0,0",,,,,,0.469970703125,-0.000244140625,0.0,-0.537109375,0.296142578125,0.322509765625
62,readout,,1,5,"1,0,0,0",,,,,,0.759521484375,0.17724609375,0.134521484375,-0.402587890625,0.296142578125,0.322509765625
62,readout,,1,6,"1,0,0,0",,,,,,-3.549560546875,-0.113525390625,0.403076171875,0.00048828125,0.296142578125,0.322509765625
62,readout,,1,7,"1,0,0,0",,,,,,-2.956298828125,-0.090576171875,0.267822265625,0.268310546875,0.296142578125,0.322509765625
62,readout,,1,8,"1,0,0,0",,,,,,0.3017578125,0.736328125,0.22216796875,0.490478515625,0.296142578125,0.322509765625
62,readout,,1,9,"1,0,0,0",,,,,,0.000732421875,0.166015625,0.0,0.490478515625,0.296142578125,0.322509765625
62,readout,,1,10,"1,0,0,0",,,,,,1.0,-0.16796875,-0.16796875,0.322509765625,0.296142578125,0.322509765625
63,neuron,0,,,"1,0,0,0",-1.392333984375,-0.21142578125,0.0,-1.603759765625,0,,,,,,
63,neuron,1,,,"1,0,0,0",0.065673828125,0.04296875,0.0,0.108642578125,0,,,,,,
63,neuron,2,,,"1,0,0,0",-3.4990234375,-0.554931640625,0.0,-3.9990234375,0,,,,,,
63,neuron,3,,,"1,0,0,0",-0.9111328125,-0.090576171875,0.0,-1.001708984375,0,,,,,,
63,neuron,4,,,"1,0,0,0",0.4111328125,0.15283203125,0.0,0.56396484375,0,,,,,,
63,neuron,5,,,"1,0,0,0",0.66455078125,0.571533203125,0.0,0.236083984375,1,,,,,,
63,neuron,6,,,"1,0,0,0",-3.10595703125,-0.427001953125,0.0,-3.532958984375,0,,,,,,
63,neuron,7,,,"1,0,0,0",-2.586669921875,-0.383056640625,0.0,-2.9697265625,0,,,,,,
63,readout,,0,0,"1,0,0,0",,,,,,-1.603759765625,-0.245849609375,0.394287109375,0.394287109375,0.232421875,0.199951171875
63,readout,,0,1,"1,0,0,0",,,,,,0.108642578125,0.25048828125,0.027099609375,0.42138671875,0.232421875,0.199951171875
63,readout,,0,2,"1,0,0,0",,,,,,-3.9990234375,-0.015380859375,0.0615234375,0.48291015625,0.232421875,0.199951171875
63,readout,,0,3,"1,0,0,0",,,,,,-1.001708984375,-0.057373046875,0.057373046875,0.540283203125,0.232421875,0.199951171875
63,readout,,0,4,"1,0,0,0",,,,,,0.56396484375,0.0048828125,0.002685546875,0.54296875,0.232421875,0.199951171875
63,readout,,0,5,"1,0,0,0",,,,,,0.236083984375,0.10595703125,0.02490234375,0.56787109375,0.232421875,0.199951171875
63,readout,,0,6,"1,0,0,0",,,,,,-3.532958984375,-0.00244140625,0.008544921875,0.576416015625,0.232421875,0.199951171875
63,readout,,0,7,"1,0,0,0",,,,,,-2.9697265625,0.31591796875,-0.938232421875,-0.36181640625,0.232421875,0.199951171875
63,readout,,0,8,"1,0,0,0",,,,,,0.287109375,1.9990234375,0.573974609375,0.212158203125,0.232421875,0.199951171875
63,readout,,0,9,"1,0,0,0",,,,,,-0.00732421875,-1.9990234375,0.0146484375,0.226806640625,0.232421875,0.199951171875
63,readout,,0,10,"1,0,0,0",,,,,,1.0,0.005615234375,0.005615234375,0.232421875,0.232421875,0.199951171875
63,readout,,1,0,"1,0,0,0",,,,,,-1.603759765625,0.021240234375,-0.0341796875,-0.0341796875,0.232421875,0.199951171875
63,readout,,1,1,"1,0,0,0",,,,,,0.108642578125,-0.540771484375,-0.058837890625,-0.093017578125,0.232421875,0.199951171875
63,readout,,1,2,"1,0,0,0",,,,,,-3.9990234375,0.103271484375,-0.4130859375,-0.506103515625,0.232421875,0.199951171875
63,readout,,1,3,"1,0,0,0",,,,,,-1.001708984375,0.0478515625,-0.0478515625,-0.553955078125,0.232421875,0.199951171875
63,readout,,1,4,"1,0,0,0",,,,,,0.56396484375,-0.000244140625,-0.000244140625,-0.55419921875,0.232421875,0.199951171875
63,readout,,1,5,"1,0,0,0",,,,,,0.236083984375,0.17724609375,0.041748046875,-0.512451171875,0.232421875,0.199951171875
63,readout,,1,6,"1,0,0,0",,,,,,-3.532958984375,-0.113525390625,0.401123046875,-0.111328125,0.232421875,0.199951171875
63,readout,,1,7,"1,0,0,0",,,,,,-2.9697265625,-0.090576171875,0.26904296875,0.15771484375,0.232421875,0.199951171875
63,readout,,1,8,"1,0,0,0",,,,,,0.287109375,0.736328125,0.21142578125,0.369140625,0.232421875,0.199951171875
63,readout,,1,9,"1,0,0,0",,,,,,-0.00732421875,0.166015625,-0.001220703125,0.367919921875,0.232421875,0.199951171875
63,readout,,1,10,"1,0,0,0",,,,,,1.0,-0.16796875,-0.16796875,0.199951171875,0.232421875,0.199951171875
64,neuron,0,,,"1,0,0,0",-1.4033203125,-0.21142578125,0.0,-1.61474609375,0,,,,,,
64,neuron,1,,,"1,0,0,0",0.094970703125,0.04296875,0.0,0.137939453125,0,,,,,,
64,neuron,2,,,"1,0,0,0",-3.4990234375,-0.554931640625,-0.0078125,-3.9990234375,0,,,,,,
64,neuron,3,,,"1,0,0,0",-0.87646484375,-0.090576171875,0.0,-0.967041015625,0,,,,,,
64,neuron,4,,,"1,0,0,0",0.493408203125,0.15283203125,0.14111328125,0.787353515625,0,,,,,,
64,neuron,5,,,"1,0,0,0",0.20654296875,0.571533203125,0.0,0.778076171875,0,,,,,,
64,neuron,6,,,"1,0,0,0",-3.09130859375,-0.427001953125,0.0,-3.518310546875,0,,,,,,
64,neuron,7,,,"1,0,0,0",-2.5986328125,-0.383056640625,0.0,-2.981689453125,0,,,,,,
64,readout,,0,0,"1,0,0,0",,,,,,-1.61474609375,-0.245849609375,0.39697265625,0.39697265625,0.2822265625,0.28271484375
64,readout,,0,1,"1,0,0,0",,,,,,0.137939453125,0.25048828125,0.03466796875,0.431640625,0.2822265625,0.28271484375
64,readout,,0,2,"1,0,0,0",,,,,,-3.9990234375,-0.015380859375,0.0615234375,0.4931640625,0.2822265625,0.28271484375
64,readout,,0,3,"1,0,0,0",,,,,,-0.967041015625,-0.057373046875,0.055419921875,0.548583984375,0.2822265625,0.28271484375
64,readout,,0,4,"1,0,0,0",,,,,,0.787353515625,0.0048828125,0.00390625,0.552490234375,0.2822265625,0.28271484375
64,readout,,0,5,"1,0,0,0",,,,,,0.778076171875,0.10595703125,0.08251953125,0.635009765625,0.2822265625,0.28271484375
64,readout,,0,6,"1,0,0,0",,,,,,-3.518310546875,-0.00244140625,0.008544921875,0.6435546875,0.2822265625,0.28271484375
64,readout,,0,7,"1,0,0,0",,,,,,-2.981689453125,0.31591796875,-0.94189453125,-0.29833984375,0.2822265625,0.28271484375
64,readout,,0,8,"1,0,0,0",,,,,,0.287841796875,1.9990234375,0.575439453125,0.277099609375,0.2822265625,0.28271484375
64,readout,,0,9,"1,0,0,0",,,,,,0.000244140625,-1.9990234375,-0.00048828125,0.276611328125,0.2822265625,0.28271484375
64,readout,,0,10,"1,0,0,0",,,,,,1.0,0.005615234375,0.005615234375,0.2822265625,0.2822265625,0.28271484375
64,readout,,1,0,"1,0,0,0",,,,,,-1.61474609375,0.021240234375,-0.0341796875,-0.0341796875,0.2822265625,0.28271484375
64,readout,,1,1,"1,0,0,0",,,,,,0.137939453125,-0.540771484375,-0.07470703125,-0.10888671875,0.2822265625,0.28271484375
64,readout,,1,2,"1,0,0,0",,,,,,-3.9990234375,0.103271484375,-0.4130859375,-0.52197265625,0.2822265625,0.28271484375
64,readout,,1,3,"1,0,0,0",,,,,,-0.967041015625,0.0478515625,-0.04638671875,-0.568359375,0.2822265625,0.28271484375
64,readout,,1,4,"1,0,0,0",,,,,,0.787353515625,-0.000244140625,-0.000244140625,-0.568603515625,0.2822265625,0.28271484375
64,readout,,1,5,"1,0,0,0",,,,,,0.778076171875,0.17724609375,0.137939453125,-0.4306640625,0.2822265625,0.28271484375
64,readout,,1,6,"1,0,0,0",,,,,,-3.518310546875,-0.113525390625,0.3994140625,-0.03125,0.2822265625,0.28271484375
64,readout,,1,7,"1,0,0,0",,,,,,-2.981689453125,-0.090576171875,0.27001953125,0.23876953125,0.2822265625,0.28271484375
64,readout,,1,8,"1,0,0,0",,,,,,0.287841796875,0.736328125,0.2119140625,0.45068359375,0.2822265625,0.28271484375
64,readout,,1,9,"1,0,0,0",,,,,,0.000244140625,0.166015625,0.0,0.45068359375,0.2822265625,0.28271484375
64,readout,,1,10,"1,0,0,0",,,,,,1.0,-0.16796875,-0.16796875,0.28271484375,0.2822265625,0.28271484375
65,neuron,0,,,"1,0,1,0",-1.412841796875,-0.0302734375,0.0,-1.443115234375,0,,,,,,
65,neuron,1,,,"1,0,1,0",0.12060546875,-0.487548828125,0.0,-0.366943359375,0,,,,,,
65,neuron,2,,,"1,0,1,0",-3.4990234375,-1.071044921875,0.0,-3.9990234375,0,,,,,,
65,neuron,3,,,"1,0,1,0",-0.84619140625,-0.5419921875,0.0,-1.38818359375,0,,,,,,
65,neuron,4,,,"1,0,1,0",0.68896484375,0.245361328125,0.0,0.934326171875,0,,,,,,
65,neuron,5,,,"1,0,1,0",0.680908203125,1.001708984375,0.0,0.6826171875,1,,,,,,
65,neuron,6,,,"1,0,1,0",-3.07861328125,-0.65673828125,0.0,-3.7353515625,0,,,,,,
65,neuron,7,,,"1,0,1,0",-2.60888671875,-0.21630859375,0.0,-2.8251953125,0,,,,,,
65,readout,,0,0,"1,0,1,0",,,,,,-1.443115234375,-0.245849609375,0.354736328125,0.354736328125,0.260986328125,0.600830078125
65,readout,,0,1,"1,0,1,0",,,,,,-0.366943359375,0.25048828125,-0.091796875,0.262939453125,0.260986328125,0.600830078125
65,readout,,0,2,"1,0,1,0",,,,,,-3.9990234375,-0.015380859375,0.0615234375,0.324462890625,0.260986328125,0.600830078125
65,readout,,0,3,"1,0,1,0",,,,,,-1.38818359375,-0.057373046875,0.07958984375,0.404052734375,0.260986328125,0.600830078125
65,readout,,0,4,"1,0,1,0",,,,,,0.934326171875,0.0048828125,0.004638671875,0.40869140625,0.260986328125,0.600830078125
65,readout,,0,5,"1,0,1,0",,,,,,0.6826171875,0.10595703125,0.072265625,0.48095703125,0.260986328125,0.600830078125
65,readout,,0,6,"1,0,1,0",,,,,,-3.7353515625,-0.00244140625,0.009033203125,0.489990234375,0.260986328125,0.600830078125
65,readout,,0,7,"1,0,1,0",,,,,,-2.8251953125,0.31591796875,-0.892578125,-0.402587890625,0.260986328125,0.600830078125
65,readout,,0,8,"1,0,1,0",,,,,,0.37060546875,1.9990234375,0.740966796875,0.33837890625,0.260986328125,0.600830078125
65,readout,,0,9,"1,0,1,0",,,,,,0.04150390625,-1.9990234375,-0.0830078125,0.25537109375,0.260986328125,0.600830078125
65,readout,,0,10,"1,0,1,0",,,,,,1.0,0.005615234375,0.005615234375,0.260986328125,0.260986328125,0.600830078125
65,readout,,1,0,"1,0,1,0",,,,,,-1.443115234375,0.021240234375,-0.03076171875,-0.03076171875,0.260986328125,0.600830078125
65,readout,,1,1,"1,0,1,0",,,,,,-0.366943359375,-0.540771484375,0.198486328125,0.167724609375,0.260986328125,0.600830078125
65,readout,,1,2,"1,0,1,0",,,,,,-3.9990234375,0.103271484375,-0.4130859375,-0.245361328125,0.260986328125,0.600830078125
65,readout,,1,3,"1,0,1,0",,,,,,-1.38818359375,0.0478515625,-0.06640625,-0.311767578125,0.260986328125,0.600830078125
65,readout,,1,4,"1,0,1,0",,,,,,0.934326171875,-0.000244140625,-0.000244140625,-0.31201171875,0.260986328125,0.600830078125
65,readout,,1,5,"1,0,1,0",,,,,,0.6826171875,0.17724609375,0.12109375,-0.19091796875,0.260986328125,0.600830078125
65,readout,,1,6,"1,0,1,0",,,,,,-3.7353515625,-0.113525390625,0.424072265625,0.233154296875,0.260986328125,0.600830078125
65,readout,,1,7,"1,0,1,0",,,,,,-2.8251953125,-0.090576171875,0.255859375,0.489013671875,0.260986328125,0.600830078125
65,readout,,1,8,"1,0,1,0",,,,,,0.37060546875,0.736328125,0.27294921875,0.761962890625,0.260986328125,0.600830078125
65,readout,,1,9,"1,0,1,0",,,,,,0.04150390625,0.166015625,0.0068359375,0.768798828125,0.260986328125,0.600830078125
65,readout,,1,10,"1,0,1,0",,,,,,1.0,-0.16796875,-0.16796875,0.600830078125,0.260986328125,0.600830078125
66,neuron,0,,,"1,0,0,1",-1.2626953125,-0.724609375,0.0,-1.9873046875,0,,,,,,
66,neuron,1,,,"1,0,0,1",-0.321044921875,0.052001953125,0.0,-0.26904296875,0,,,,,,
66,neuron,2,,,"1,0,0,1",-3.4990234375,-1.046142578125,-0.0078125,-3.9990234375,0,,,,,,
66,neuron,3,,,"1,0,0,1",-1.214599609375,-0.422607421875,0.0,-1.63720703125,0,,,,,,
66,neuron,4,,,"1,0,0,1",0.817626953125,0.02880859375,0.14111328125,0.987548828125,0,,,,,,
66,neuron,5,,,"1,0,0,1",0.59716796875,0.319091796875,0.0,0.916259765625,0,,,,,,
66,neuron,6,,,"1,0,0,1",-3.2685546875,-0.047607421875,0.0,-3.316162109375,0,,,,,,
66,neuron,7,,,"1,0,0,1",-2.47216796875,-0.5361328125,0.0,-3.00830078125,0,,,,,,
66,readout,,0,0,"1,0,0,1",,,,,,-1.9873046875,-0.245849609375,0.488525390625,0.488525390625,0.3955078125,0.4560546875
66,readout,,0,1,"1,0,0,1",,,,,,-0.26904296875,0.25048828125,-0.0673828125,0.421142578125,0.3955078125,0.4560546875
66,readout,,0,2,"1,0,0,1",,,,,,-3.9990234375,-0.015380859375,0.0615234375,0.482666015625,0.3955078125,0.4560546875
66,readout,,0,3,"1,0,0,1",,,,,,-1.63720703125,-0.057373046875,0.093994140625,0.57666015625,0.3955078125,0.4560546875
66,readout,,0,4,"1,0,0,1",,,,,,0.987548828125,0.0048828125,0.0048828125,0.58154296875,0.3955078125,0.4560546875
66,readout,,0,5,"1,0,0,1",,,,,,0.916259765625,0.10595703125,0.09716796875,0.6787109375,0.3955078125,0.4560546875
66,readout,,0,6,"1,0,0,1",,,,,,-3.316162109375,-0.00244140625,0.008056640625,0.686767578125,0.3955078125,0.4560546875
66,readout,,0,7,"1,0,0,1",,,,,,-3.00830078125,0.31591796875,-0.950439453125,-0.263671875,0.3955078125,0.4560546875
66,readout,,0,8,"1,0,0,1",,,,,,0.283203125,1.9990234375,0.566162109375,0.302490234375,0.3955078125,0.4560546875
66,readout,,0,9,"1,0,0,1",,,,,,-0.043701171875,-1.9990234375,0.08740234375,0.389892578125,0.3955078125,0.4560546875
66,readout,,0,10,"1,0,0,1",,,,,,1.0,0.005615234375,0.005615234375,0.3955078125,0.3955078125,0.4560546875
66,readout,,1,0,"1,0,0,1",,,,,,-1.9873046875,0.021240234375,-0.042236328125,-0.042236328125,0.3955078125,0.4560546875
66,readout,,1,1,"1,0,0,1",,,,,,-0.26904296875,-0.540771484375,0.1455078125,0.103271484375,0.3955078125,0.4560546875
66,readout,,1,2,"1,0,0,1",,,,,,-3.9990234375,0.103271484375,-0.4130859375,-0.309814453125,0.3955078125,0.4560546875
66,readout,,1,3,"1,0,0,1",,,,,,-1.63720703125,0.0478515625,-0.078369140625,-0.38818359375,0.3955078125,0.4560546875
66,readout,,1,4,"1,0,0,1",,,,,,0.987548828125,-0.000244140625,-0.000244140625,-0.388427734375,0.3955078125,0.4560546875
66,readout,,1,5,"1,0,0,1",,,,,,0.916259765625,0.17724609375,0.162353515625,-0.22607421875,0.3955078125,0.4560546875
66,readout,,1,6,"1,0,0,1",,,,,,-3.316162109375,-0.113525390625,0.37646484375,0.150390625,0.3955078125,0.4560546875
66,readout,,1,7,"1,0,0,1",,,,,,-3.00830078125,-0.090576171875,0.2724609375,0.4228515625,0.3955078125,0.4560546875
66,readout,,1,8,"1,0,0,1",,,,,,0.283203125,0.736328125,0.20849609375,0.63134765625,0.3955078125,0.4560546875
66,readout,,1,9,"1,0,0,1",,,,,,-0.043701171875,0.166015625,-0.00732421875,0.6240234375,0.3955078125,0.4560546875
66,readout,,1,10,"1,0,0,1",,,,,,1.0,-0.16796875,-0.16796875,0.4560546875,0.3955078125,0.4560546875
67,neuron,0,,,"1,0,0,0",-1.73876953125,-0.21142578125,0.0,-1.9501953125,0,,,,,,
67,neuron,1,,,"1,0,0,0",-0.2353515625,0.04296875,0.0,-0.1923828125,0,,,,,,
67,neuron,2,,,"1,0,0,0",-3.4990234375,-0.554931640625,0.0,-3.9990234375,0,,,,,,
67,neuron,3,,,"1,0,0,0",-1.4326171875,-0.090576171875,0.0,-1.523193359375,0,,,,,,
67,neuron,4,,,"1,0,0,0",0.864013671875,0.15283203125,0.0,0.016845703125,1,,,,,,
67,neuron,5,,,"1,0,0,0",0.8017578125,0.571533203125,0.0,0.373291015625,1,,,,,,
67,neuron,6,,,"1,0,0,0",-2.901611328125,-0.427001953125,0.0,-3.32861328125,0,,,,,,
67,neuron,7,,,"1,0,0,0",-2.63232421875,-0.383056640625,0.0,-3.015380859375,0,,,,,,
67,readout,,0,0,"1,0,0,0",,,,,,-1.9501953125,-0.245849609375,0.4794921875,0.4794921875,0.24609375,0.333740234375
67,readout,,0,1,"1,0,0,0",,,,,,-0.1923828125,0.25048828125,-0.048095703125,0.431396484375,0.24609375,0.333740234375
67,readout,,0,2,"1,0,0,0",,,,,,-3.9990234375,-0.015380859375,0.0615234375,0.492919921875,0.24609375,0.333740234375
67,readout,,0,3,"1,0,0,0",,,,,,-1.523193359375,-0.057373046875,0.08740234375,0.580322265625,0.24609375,0.333740234375
67,readout,,0,4,"1,0,0,0",,,,,,0.016845703125,0.0048828125,0.0,0.580322265625,0.24609375,0.333740234375
67,readout,,0,5,"1,0,0,0",,,,,,0.373291015625,0.10595703125,0.03955078125,0.619873046875,0.24609375,0.333740234375
67,readout,,0,6,"1,0,0,0",,,,,,-3.32861328125,-0.00244140625,0.008056640625,0.6279296875,0.24609375,0.333740234375
67,readout,,0,7,"1,0,0,0",,,,,,-3.015380859375,0.31591796875,-0.95263671875,-0.32470703125,0.24609375,0.333740234375
67,readout,,0,8,"1,0,0,0",,,,,,0.282470703125,1.9990234375,0.564697265625,0.239990234375,0.24609375,0.333740234375
67,readout,,0,9,"1,0,0,0",,,,,,-0.000244140625,-1.9990234375,0.00048828125,0.240478515625,0.24609375,0.333740234375
67,readout,,0,10,"1,0,0,0",,,,,,1.0,0.005615234375,0.005615234375,0.24609375,0.24609375,0.333740234375
67,readout,,1,0,"1,0,0,0",,,,,,-1.9501953125,0.021240234375,-0.04150390625,-0.04150390625,0.24609375,0.333740234375
67,readout,,1,1,"1,0,0,0",,,,,,-0.1923828125,-0.540771484375,0.10400390625,0.0625,0.24609375,0.333740234375
67,readout,,1,2,"1,0,0,0",,,,,,-3.9990234375,0.103271484375,-0.4130859375,-0.3505859375,0.24609375,0.333740234375
67,readout,,1,3,"1,0,0,0",,,,,,-1.523193359375,0.0478515625,-0.072998046875,-0.423583984375,0.24609375,0.333740234375
67,readout,,1,4,"1,0,0,0",,,,,,0.016845703125,-0.000244140625,0.0,-0.423583984375,0.24609375,0.333740234375
67,readout,,1,5,"1,0,0,0",,,,,,0.373291015625,0.17724609375,0.066162109375,-0.357421875,0.24609375,0.333740234375
67,readout,,1,6,"1,0,0,0",,,,,,-3.32861328125,-0.113525390625,0.3779296875,0.0205078125,0.24609375,0.333740234375
67,readout,,1,7,"1,0,0,0",,,,,,-3.015380859375,-0.090576171875,0.273193359375,0.293701171875,0.24609375,0.333740234375
67,readout,,1,8,"1,0,0,0",,,,,,0.282470703125,0.736328125,0.2080078125,0.501708984375,0.24609375,0.333740234375
67,readout,,1,9,"1,0,0,0",,,,,,-0.000244140625,0.166015625,0.0,0.501708984375,0.24609375,0.333740234375
67,readout,,1,10,"1,0,0,0",,,,,,1.0,-0.16796875,-0.16796875,0.333740234375,0.24609375,0.333740234375
68,neuron,0,,,"1,0,0,0",-1.70654296875,-0.21142578125,0.0,-1.91796875,0,,,,,,
68,neuron,1,,,"1,0,0,0",-0.16845703125,0.04296875,0.052001953125,-0.073486328125,0,,,,,,
68,neuron,2,,,"1,0,0,0",-3.4990234375,-0.554931640625,-0.0078125,-3.9990234375,0,,,,,,
68,neuron,3,,,"1,0,0,0",-1.332763671875,-0.090576171875,0.0,-1.42333984375,0,,,,,,
68,neuron,4,,,"1,0,0,0",0.0146484375,0.15283203125,0.14111328125,0.30859375,0,,,,,,
68,neuron,5,,,"1,0,0,0",0.32666015625,0.571533203125,-0.02685546875,0.871337890625,0,,,,,,
68,neuron,6,,,"1,0,0,0",-2.91259765625,-0.427001953125,0.0,-3.339599609375,0,,,,,,
68,neuron,7,,,"1,0,0,0",-2.638427734375,-0.383056640625,0.0,-3.021484375,0,,,,,,
68,readout,,0,0,"1,0,0,0",,,,,,-1.91796875,-0.245849609375,0.471435546875,0.471435546875,0.375244140625,0.41552734375
68,readout,,0,1,"1,0,0,0",,,,,,-0.073486328125,0.25048828125,-0.018310546875,0.453125,0.375244140625,0.41552734375
68,readout,,0,2,"1,0,0,0",,,,,,-3.9990234375,-0.015380859375,0.0615234375,0.5146484375,0.375244140625,0.41552734375
68,readout,,0,3,"1,0,0,0",,,,,,-1.42333984375,-0.057373046875,0.08154296875,0.59619140625,0.375244140625,0.41552734375
68,readout,,0,4,"1,0,0,0",,,,,,0.30859375,0.0048828125,0.00146484375,0.59765625,0.375244140625,0.41552734375
68,readout,,0,5,"1,0,0,0",,,,,,0.871337890625,0.10595703125,0.09228515625,0.68994140625,0.375244140625,0.41552734375
68,readout,,0,6,"1,0,0,0",,,,,,-3.339599609375,-0.00244140625,0.008056640625,0.697998046875,0.375244140625,0.41552734375
68,readout,,0,7,"1,0,0,0",,,,,,-3.021484375,0.31591796875,-0.95458984375,-0.256591796875,0.375244140625,0.41552734375
68,readout,,0,8,"1,0,0,0",,,,,,0.343994140625,1.9990234375,0.687744140625,0.43115234375,0.375244140625,0.41552734375
68,readout,,0,9,"1,0,0,0",,,,,,0.03076171875,-1.9990234375,-0.0615234375,0.36962890625,0.375244140625,0.41552734375
68,readout,,0,10,"1,0,0,0",,,,,,1.0,0.005615234375,0.005615234375,0.375244140625,0.375244140625,0.41552734375
68,readout,,1,0,"1,0,0,0",,,,,,-1.91796875,0.021240234375,-0.040771484375,-0.040771484375,0.375244140625,0.41552734375
68,readout,,1,1,"1,0,0,0",,,,,,-0.073486328125,-0.540771484375,0.039794921875,-0.0009765625,0.375244140625,0.41552734375
68,readout,,1,2,"1,0,0,0",,,,,,-3.9990234375,0.103271484375,-0.4130859375,-0.4140625,0.375244140625,0.41552734375
68,readout,,1,3,"1,0,0,0",,,,,,-1.42333984375,0.0478515625,-0.068115234375,-0.482177734375,0.375244140625,0.41552734375
68,readout,,1,4,"1,0,0,0",,,,,,0.30859375,-0.000244140625,0.0,-0.482177734375,0.375244140625,0.41552734375
68,readout,,1,5,"1,0,0,0",,,,,,0.871337890625,0.17724609375,0.154541015625,-0.32763671875,0.375244140625,0.41552734375
68,readout,,1,6,"1,0,0,0",,,,,,-3.339599609375,-0.113525390625,0.379150390625,0.051513671875,0.375244140625,0.41552734375
68,readout,,1,7,"1,0,0,0",,,,,,-3.021484375,-0.090576171875,0.273681640625,0.3251953125,0.375244140625,0.41552734375
68,readout,,1,8,"1,0,0,0",,,,,,0.343994140625,0.736328125,0.253173828125,0.578369140625,0.375244140625,0.41552734375
68,readout,,1,9,"1,0,0,0",,,,,,0.03076171875,0.166015625,0.005126953125,0.58349609375,0.375244140625,0.41552734375
68,readout,,1,10,"1,0,0,0",,,,,,1.0,-0.16796875,-0.16796875,0.41552734375,0.375244140625,0.41552734375
69,neuron,0,,,"1,0,0,0",-1.67822265625,-0.21142578125,0.0,-1.8896484375,0,,,,,,
69,neuron,1,,,"1,0,0,0",-0.064208984375,0.04296875,0.0,-0.021240234375,0,,,,,,
69,neuron,2,,,"1,0,0,0",-3.4990234375,-0.554931640625,0.0,-3.9990234375,0,,,,,,
69,neuron,3,,,"1,0,0,0",-1.245361328125,-0.090576171875,0.0,-1.3359375,0,,,,,,
69,neuron,4,,,"1,0,0,0",0.27001953125,0.15283203125,0.0,0.4228515625,0,,,,,,
69,neuron,5,,,"1,0,0,0",0.762451171875,0.571533203125,0.0,0.333984375,1,,,,,,
69,neuron,6,,,"1,0,0,0",-2.922119140625,-0.427001953125,0.0,-3.34912109375,0,,,,,,
69,neuron,7,,,"1,0,0,0",-2.643798828125,-0.383056640625,0.0,-3.02685546875,0,,,,,,
69,readout,,0,0,"1,0,0,0",,,,,,-1.8896484375,-0.245849609375,0.464599609375,0.464599609375,0.37939453125,0.292724609375
69,readout,,0,1,"1,0,0,0",,,,,,-0.021240234375,0.25048828125,-0.00537109375,0.459228515625,0.37939453125,0.292724609375
69,readout,,0,2,"1,0,0,0",,,,,,-3.9990234375,-0.015380859375,0.0615234375,0.520751953125,0.37939453125,0.292724609375
69,readout,,0,3,"1,0,0,0",,,,,,-1.3359375,-0.057373046875,0.07666015625,0.597412109375,0.37939453125,0.292724609375
69,readout,,0,4,"1,0,0,0",,,,,,0.4228515625,0.0048828125,0.001953125,0.599365234375,0.37939453125,0.292724609375
69,readout,,0,5,"1,0,0,0",,,,,,0.333984375,0.10595703125,0.035400390625,0.634765625,0.37939453125,0.292724609375
69,readout,,0,6,"1,0,0,0",,,,,,-3.34912109375,-0.00244140625,0.008056640625,0.642822265625,0.37939453125,0.292724609375
69,readout,,0,7,"1,0,0,0",,,,,,-3.02685546875,0.31591796875,-0.956298828125,-0.3134765625,0.37939453125,0.292724609375
69,readout,,0,8,"1,0,0,0",,,,,,0.343505859375,1.9990234375,0.686767578125,0.373291015625,0.37939453125,0.292724609375
69,readout,,0,9,"1,0,0,0",,,,,,-0.000244140625,-1.9990234375,0.00048828125,0.373779296875,0.37939453125,0.292724609375
69,readout,,0,10,"1,0,0,0",,,,,,1.0,0.005615234375,0.005615234375,0.37939453125,0.37939453125,0.292724609375
69,readout,,1,0,"1,0,0,0",,,,,,-1.8896484375,0.021240234375,-0.0400390625,-0.0400390625,0.37939453125,0.292724609375
69,readout,,1,1,"1,0,0,0",,,,,,-0.021240234375,-0.540771484375,0.011474609375,-0.028564453125,0.37939453125,0.292724609375
69,readout,,1,2,"1,0,0,0",,,,,,-3.9990234375,0.103271484375,-0.4130859375,-0.441650390625,0.37939453125,0.292724609375
69,readout,,1,3,"1,0,0,0",,,,,,-1.3359375,0.0478515625,-0.06396484375,-0.505615234375,0.37939453125,0.292724609375
69,readout,,1,4,"1,0,0,0",,,,,,0.4228515625,-0.000244140625,0.0,-0.505615234375,0.37939453125,0.292724609375
69,readout,,1,5,"1,0,0,0",,,,,,0.333984375,0.17724609375,0.05908203125,-0.446533203125,0.37939453125,0.292724609375
69,readout,,1,6,"1,0,0,0",,,,,,-3.34912109375,-0.113525390625,0.380126953125,-0.06640625,0.37939453125,0.292724609375
69,readout,,1,7,"1,0,0,0",,,,,,-3.02685546875,-0.090576171875,0.274169921875,0.207763671875,0.37939453125,0.292724609375
69,readout,,1,8,"1,0,0,0",,,,,,0.343505859375,0.736328125,0.2529296875,0.460693359375,0.37939453125,0.292724609375
69,readout,,1,9,"1,0,0,0",,,,,,-0.000244140625,0.166015625,0.0,0.460693359375,0.37939453125,0.292724609375
69,readout,,1,10,"1,0,0,0",,,,,,1.0,-0.16796875,-0.16796875,0.292724609375,0.37939453125,0.292724609375
70,neuron,0,,,"1,0,0,0",-1.6533203125,-0.21142578125,0.0,-1.86474609375,0,,,,,,
70,neuron,1,,,"1,0,0,0",-0.0185546875,0.04296875,0.0,0.0244140625,0,,,,,,
70,neuron,2,,,"1,0,0,0",-3.4990234375,-0.554931640625,-0.0078125,-3.9990234375,0,,,,,,
70,neuron,3,,,"1,0,0,0",-1.1689453125,-0.090576171875,0.0,-1.259521484375,0,,,,,,
70,neuron,4,,,"1,0,0,0",0.3701171875,0.15283203125,0.14111328125,0.6640625,0,,,,,,
70,neuron,5,,,"1,0,0,0",0.292236328125,0.571533203125,0.0,0.86376953125,0,,,,,,
70,neuron,6,,,"1,0,0,0",-2.930419921875,-0.427001953125,0.0,-3.357421875,0,,,,,,
70,neuron,7,,,"1,0,0,0",-2.6484375,-0.383056640625,0.0,-3.031494140625,0,,,,,,
70,readout,,0,0,"1,0,0,0",,,,,,-1.86474609375,-0.245849609375,0.45849609375,0.45849609375,0.4384765625,0.36962890625
70,readout,,0,1,"1,0,0,0",,,,,,0.0244140625,0.25048828125,0.006103515625,0.464599609375,0.4384765625,0.36962890625
70,readout,,0,2,"1,0,0,0",,,,,,-3.9990234375,-0.015380859375,0.0615234375,0.526123046875,0.4384765625,0.36962890625
70,readout,,0,3,"1,0,0,0",,,,,,-1.259521484375,-0.057373046875,0.072265625,0.598388671875,0.4384765625,0.36962890625
70,readout,,0,4,"1,0,0,0",,,,,,0.6640625,0.0048828125,0.003173828125,0.6015625,0.4384765625,0.36962890625
70,readout,,0,5,"1,0,0,0",,,,,,0.86376953125,0.10595703125,0.091552734375,0.693115234375,0.4384765625,0.36962890625
70,readout,,0,6,"1,0,0,0",,,,,,-3.357421875,-0.00244140625,0.00830078125,0.701416015625,0.4384765625,0.36962890625
70,readout,,0,7,"1,0,0,0",,,,,,-3.031494140625,0.31591796875,-0.957763671875,-0.25634765625,0.4384765625,0.36962890625
70,readout,,0,8,"1,0,0,0",,,,,,0.34619140625,1.9990234375,0.692138671875,0.435791015625,0.4384765625,0.36962890625
70,readout,,0,9,"1,0,0,0",,,,,,0.00146484375,-1.9990234375,-0.0029296875,0.432861328125,0.4384765625,0.36962890625
70,readout,,0,10,"1,0,0,0",,,,,,1.0,0.005615234375,0.005615234375,0.4384765625,0.4384765625,0.36962890625
70,readout,,1,0,"1,0,0,0",,,,,,-1.86474609375,0.021240234375,-0.03955078125,-0.03955078125,0.4384765625,0.36962890625
70,readout,,1,1,"1,0,0,0",,,,,,0.0244140625,-0.540771484375,-0.01318359375,-0.052734375,0.4384765625,0.36962890625
70,readout,,1,2,"1,0,0,0",,,,,,-3.9990234375,0.103271484375,-0.4130859375,-0.4658203125,0.4384765625,0.36962890625
70,readout,,1,3,"1,0,0,0",,,,,,-1.259521484375,0.0478515625,-0.060302734375,-0.526123046875,0.4384765625,0.36962890625
70,readout,,1,4,"1,0,0,0",,,,,,0.6640625,-0.000244140625,-0.000244140625,-0.5263671875,0.4384765625,0.36962890625
70,readout,,1,5,"1,0,0,0",,,,,,0.86376953125,0.17724609375,0.153076171875,-0.373291015625,0.4384765625,0.36962890625
70,readout,,1,6,"1,0,0,0",,,,,,-3.357421875,-0.113525390625,0.381103515625,0.0078125,0.4384765625,0.36962890625
70,readout,,1,7,"1,0,0,0",,,,,,-3.031494140625,-0.090576171875,0.274658203125,0.282470703125,0.4384765625,0.36962890625
70,readout,,1,8,"1,0,0,0",,,,,,0.34619140625,0.736328125,0.2548828125,0.537353515625,0.4384765625,0.36962890625
70,readout,,1,9,"1,0,0,0",,,,,,0.00146484375,0.166015625,0.000244140625,0.53759765625,0.4384765625,0.36962890625
70,readout,,1,10,"1,0,0,0",,,,,,1.0,-0.16796875,-0.16796875,0.36962890625,0.4384765625,0.36962890625
71,neuron,0,,,"1,0,0,0",-1.631591796875,-0.21142578125,0.0,-1.843017578125,0,,,,,,
71,neuron,1,,,"1,0,0,0",0.021484375,0.04296875,0.0,0.064453125,0,,,,,,
71,neuron,2,,,"1,0,0,0",-3.4990234375,-0.554931640625,0.0,-3.9990234375,0,,,,,,
71,neuron,3,,,"1,0,0,0",-1.10205078125,-0.090576171875,0.0,-1.192626953125,0,,,,,,
71,neuron,4,,,"1,0,0,0",0.5810546875,0.15283203125,0.0,0.73388671875,0,,,,,,
71,neuron,5,,,"1,0,0,0",0.755859375,0.571533203125,0.0,0.327392578125,1,,,,,,
71,neuron,6,,,"1,0,0,0",-2.937744140625,-0.427001953125,0.0,-3.36474609375,0,,,,,,
71,neuron,7,,,"1,0,0,0",-2.652587890625,-0.383056640625,0.0,-3.03564453125,0,,,,,,
71,readout,,0,0,"1,0,0,0",,,,,,-1.843017578125,-0.245849609375,0.453125,0.453125,0.41650390625,0.2841796875
71,readout,,0,1,"1,0,0,0",,,,,,0.064453125,0.25048828125,0.01611328125,0.46923828125,0.41650390625,0.2841796875
71,readout,,0,2,"1,0,0,0",,,,,,-3.9990234375,-0.015380859375,0.0615234375,0.53076171875,0.41650390625,0.2841796875
71,readout,,0,3,"1,0,0,0",,,,,,-1.192626953125,-0.057373046875,0.068359375,0.59912109375,0.41650390625,0.2841796875
71,readout,,0,4,"1,0,0,0",,,,,,0.73388671875,0.0048828125,0.003662109375,0.602783203125,0.41650390625,0.2841796875
71,readout,,0,5,"1,0,0,0",,,,,,0.327392578125,0.10595703125,0.03466796875,0.637451171875,0.41650390625,0.2841796875
71,readout,,0,6,"1,0,0,0",,,,,,-3.36474609375,-0.00244140625,0.00830078125,0.645751953125,0.41650390625,0.2841796875
71,readout,,0,7,"1,0,0,0",,,,,,-3.03564453125,0.31591796875,-0.958984375,-0.313232421875,0.41650390625,0.2841796875
71,readout,,0,8,"1,0,0,0",,,,,,0.378662109375,1.9990234375,0.7568359375,0.443603515625,0.41650390625,0.2841796875
71,readout,,0,9,"1,0,0,0",,,,,,0.016357421875,-1.9990234375,-0.03271484375,0.410888671875,0.41650390625,0.2841796875
71,readout,,0,10,"1,0,0,0",,,,,,1.0,0.005615234375,0.005615234375,0.41650390625,0.41650390625,0.2841796875
71,readout,,1,0,"1,0,0,0",,,,,,-1.843017578125,0.021240234375,-0.0390625,-0.0390625,0.41650390625,0.2841796875
71,readout,,1,1,"1,0,0,0",,,,,,0.064453125,-0.540771484375,-0.034912109375,-0.073974609375,0.41650390625,0.2841796875
71,readout,,1,2,"1,0,0,0",,,,,,-3.9990234375,0.103271484375,-0.4130859375,-0.487060546875,0.41650390625,0.2841796875
71,readout,,1,3,"1,0,0,0",,,,,,-1.192626953125,0.0478515625,-0.05712890625,-0.544189453125,0.41650390625,0.2841796875
71,readout,,1,4,"1,0,0,0",,,,,,0.73388671875,-0.000244140625,-0.000244140625,-0.54443359375,0.41650390625,0.2841796875
71,readout,,1,5,"1,0,0,0",,,,,,0.327392578125,0.17724609375,0.05810546875,-0.486328125,0.41650390625,0.2841796875
71,readout,,1,6,"1,0,0,0",,,,,,-3.36474609375,-0.113525390625,0.382080078125,-0.104248046875,0.41650390625,0.2841796875
71,readout,,1,7,"1,0,0,0",,,,,,-3.03564453125,-0.090576171875,0.27490234375,0.170654296875,0.41650390625,0.2841796875
71,readout,,1,8,"1,0,0,0",,,,,,0.378662109375,0.736328125,0.27880859375,0.449462890625,0.41650390625,0.2841796875
71,readout,,1,9,"1,0,0,0",,,,,,0.016357421875,0.166015625,0.002685546875,0.4521484375,0.41650390625,0.2841796875
71,readout,,1,10,"1,0,0,0",,,,,,1.0,-0.16796875,-0.16796875,0.2841796875,0.41650390625,0.2841796875
72,neuron,0,,,"1,0,0,0",-1.612548828125,-0.21142578125,0.0,-1.823974609375,0,,,,,,
72,neuron,1,,,"1,0,0,0",0.056396484375,0.04296875,0.0,0.099365234375,0,,,,,,
72,neuron,2,,,"1,0,0,0",-3.4990234375,-0.554931640625,-0.0078125,-3.9990234375,0,,,,,,
72,neuron,3,,,"1,0,0,0",-1.04345703125,-0.090576171875,0.0,-1.134033203125,0,,,,,,
72,neuron,4,,,"1,0,0,0",0.64208984375,0.15283203125,0.14111328125,0.93603515625,0,,,,,,
72,neuron,5,,,"1,0,0,0",0.286376953125,0.571533203125,0.0,0.85791015625,0,,,,,,
72,neuron,6,,,"1,0,0,0",-2.944091796875,-0.427001953125,0.0,-3.37109375,0,,,,,,
72,neuron,7,,,"1,0,0,0",-2.65625,-0.383056640625,0.0,-3.039306640625,0,,,,,,
72,readout,,0,0,"1,0,0,0",,,,,,-1.823974609375,-0.245849609375,0.448486328125,0.448486328125,0.52734375,0.37890625
72,readout,,0,1,"1,0,0,0",,,,,,0.099365234375,0.25048828125,0.02490234375,0.473388671875,0.52734375,0.37890625
72,readout,,0,2,"1,0,0,0",,,,,,-3.9990234375,-0.015380859375,0.0615234375,0.534912109375,0.52734375,0.37890625
72,readout,,0,3,"1,0,0,0",,,,,,-1.134033203125,-0.057373046875,0.06494140625,0.599853515625,0.52734375,0.37890625
72,readout,,0,4,"1,0,0,0",,,,,,0.93603515625,0.0048828125,0.004638671875,0.6044921875,0.52734375,0.37890625
72,readout,,0,5,"1,0,0,0",,,,,,0.85791015625,0.10595703125,0.0908203125,0.6953125,0.52734375,0.37890625
72,readout,,0,6,"1,0,0,0",,,,,,-3.37109375,-0.00244140625,0.00830078125,0.70361328125,0.52734375,0.37890625
72,readout,,0,7,"1,0,0,0",,,,,,-3.039306640625,0.31591796875,-0.960205078125,-0.256591796875,0.52734375,0.37890625
72,readout,,0,8,"1,0,0,0",,,,,,0.400390625,1.9990234375,0.80029296875,0.543701171875,0.52734375,0.37890625
72,readout,,0,9,"1,0,0,0",,,,,,0.010986328125,-1.9990234375,-0.02197265625,0.521728515625,0.52734375,0.37890625
72,readout,,0,10,"1,0,0,0",,,,,,1.0,0.005615234375,0.005615234375,0.52734375,0.52734375,0.37890625
72,readout,,1,0,"1,0,0,0",,,,,,-1.823974609375,0.021240234375,-0.038818359375,-0.038818359375,0.52734375,0.37890625
72,readout,,1,1,"1,0,0,0",,,,,,0.099365234375,-0.540771484375,-0.0537109375,-0.092529296875,0.52734375,0.37890625
72,readout,,1,2,"1,0,0,0",,,,,,-3.9990234375,0.103271484375,-0.4130859375,-0.505615234375,0.52734375,0.37890625
72,readout,,1,3,"1,0,0,0",,,,,,-1.134033203125,0.0478515625,-0.05419921875,-0.559814453125,0.52734375,0.37890625
72,readout,,1,4,"1,0,0,0",,,,,,0.93603515625,-0.000244140625,-0.000244140625,-0.56005859375,0.52734375,0.37890625
72,readout,,1,5,"1,0,0,0",,,,,,0.85791015625,0.17724609375,0.152099609375,-0.407958984375,0.52734375,0.37890625
72,readout,,1,6,"1,0,0,0",,,,,,-3.37109375,-0.113525390625,0.3828125,-0.025146484375,0.52734375,0.37890625
72,readout,,1,7,"1,0,0,0",,,,,,-3.039306640625,-0.090576171875,0.275390625,0.250244140625,0.52734375,0.37890625
72,readout,,1,8,"1,0,0,0",,,,,,0.400390625,0.736328125,0.294921875,0.545166015625,0.52734375,0.37890625
72,readout,,1,9,"1,0,0,0",,,,,,0.010986328125,0.166015625,0.001708984375,0.546875,0.52734375,0.37890625
72,readout,,1,10,"1,0,0,0",,,,,,1.0,-0.16796875,-0.16796875,0.37890625,0.52734375,0.37890625
73,neuron,0,,,"1,0,0,0",-1.595947265625,-0.21142578125,0.0,-1.807373046875,0,,,,,,
73,neuron,1,,,"1,0,0,0",0.0869140625,0.04296875,0.0,0.1298828125,0,,,,,,
73,neuron,2,,,"1,0,0,0",-3.4990234375,-0.554931640625,0.0,-3.9990234375,0,,,,,,
73,neuron,3,,,"1,0,0,0",-0.9921875,-0.090576171875,0.0,-1.082763671875,0,,,,,,
73,neuron,4,,,"1,0,0,0",0.819091796875,0.15283203125,0.0,0.971923828125,0,,,,,,
73,neuron,5,,,"1,0,0,0",0.750732421875,0.571533203125,0.0,0.322265625,1,,,,,,
73,neuron,6,,,"1,0,0,0",-2.94970703125,-0.427001953125,0.0,-3.376708984375,0,,,,,,
73,neuron,7,,,"1,0,0,0",-2.659423828125,-0.383056640625,0.0,-3.04248046875,0,,,,,,
73,readout,,0,0,"1,0,0,0",,,,,,-1.807373046875,-0.245849609375,0.4443359375,0.4443359375,0.4775390625,0.257080078125
73,readout,,0,1,"1,0,0,0",,,,,,0.1298828125,0.25048828125,0.032470703125,0.476806640625,0.4775390625,0.257080078125
73,readout,,0,2,"1,0,0,0",,,,,,-3.9990234375,-0.015380859375,0.0615234375,0.538330078125,0.4775390625,0.257080078125
73,readout,,0,3,"1,0,0,0",,,,,,-1.082763671875,-0.057373046875,0.06201171875,0.600341796875,0.4775390625,0.257080078125
73,readout,,0,4,"1,0,0,0",,,,,,0.971923828125,0.0048828125,0.004638671875,0.60498046875,0.4775390625,0.257080078125
73,readout,,0,5,"1,0,0,0",,,,,,0.322265625,0.10595703125,0.0341796875,0.63916015625,0.4775390625,0.257080078125
73,readout,,0,6,"1,0,0,0",,,,,,-3.376708984375,-0.00244140625,0.00830078125,0.6474609375,0.4775390625,0.257080078125
73,readout,,0,7,"1,0,0,0",,,,,,-3.04248046875,0.31591796875,-0.961181640625,-0.313720703125,0.4775390625,0.257080078125
73,readout,,0,8,"1,0,0,0",,,,,,0.385498046875,1.9990234375,0.7705078125,0.456787109375,0.4775390625,0.257080078125
73,readout,,0,9,"1,0,0,0",,,,,,-0.007568359375,-1.9990234375,0.01513671875,0.471923828125,0.4775390625,0.257080078125
73,readout,,0,10,"1,0,0,0",,,,,,1.0,0.005615234375,0.005615234375,0.4775390625,0.4775390625,0.257080078125
73,readout,,1,0,"1,0,0,0",,,,,,-1.807373046875,0.021240234375,-0.038330078125,-0.038330078125,0.4775390625,0.257080078125
73,readout,,1,1,"1,0,0,0",,,,,,0.1298828125,-0.540771484375,-0.0703125,-0.108642578125,0.4775390625,0.257080078125
73,readout,,1,2,"1,0,0,0",,,,,,-3.9990234375,0.103271484375,-0.4130859375,-0.521728515625,0.4775390625,0.257080078125
73,readout,,1,3,"1,0,0,0",,,,,,-1.082763671875,0.0478515625,-0.0517578125,-0.573486328125,0.4775390625,0.257080078125
73,readout,,1,4,"1,0,0,0",,,,,,0.971923828125,-0.000244140625,-0.000244140625,-0.57373046875,0.4775390625,0.257080078125
73,readout,,1,5,"1,0,0,0",,,,,,0.322265625,0.17724609375,0.05712890625,-0.5166015625,0.4775390625,0.257080078125
73,readout,,1,6,"1,0,0,0",,,,,,-3.376708984375,-0.113525390625,0.38330078125,-0.13330078125,0.4775390625,0.257080078125
73,readout,,1,7,"1,0,0,0",,,,,,-3.04248046875,-0.090576171875,0.275634765625,0.142333984375,0.4775390625,0.257080078125
73,readout,,1,8,"1,0,0,0",,,,,,0.385498046875,0.736328125,0.283935546875,0.42626953125,0.4775390625,0.257080078125
73,readout,,1,9,"1,0,0,0",,,,,,-0.007568359375,0.166015625,-0.001220703125,0.425048828125,0.4775390625,0.257080078125
73,readout,,1,10,"1,0,0,0",,,,,,1.0,-0.16796875,-0.16796875,0.257080078125,0.4775390625,0.257080078125
74,neuron,0,,,"1,0,0,0",-1.58154296875,-0.21142578125,0.0,-1.79296875,0,,,,,,
74,neuron,1,,,"1,0,0,0",0.11376953125,0.04296875,0.0,0.15673828125,0,,,,,,
74,neuron,2,,,"1,0,0,0",-3.4990234375,-0.554931640625,-0.0078125,-3.9990234375,0,,,,,,
74,neuron,3,,,"1,0,0,0",-0.947509765625,-0.090576171875,0.0,-1.0380859375,0,,,,,,
74,neuron,4,,,"1,0,0,0",0.850341796875,0.15283203125,0.14111328125,0.144287109375,1,,,,,,
74,neuron,5,,,"1,0,0,0",0.281982421875,0.571533203125,0.0,0.853515625,0,,,,,,
74,neuron,6,,,"1,0,0,0",-2.95458984375,-0.427001953125,0.0,-3.381591796875,0,,,,,,
74,neuron,7,,,"1,0,0,0",-2.662109375,-0.383056640625,0.0,-3.045166015625,0,,,,,,
74,readout,,0,0,"1,0,0,0",,,,,,-1.79296875,-0.245849609375,0.44091796875,0.44091796875,0.519287109375,0.344970703125
74,readout,,0,1,"1,0,0,0",,,,,,0.15673828125,0.25048828125,0.039306640625,0.480224609375,0.519287109375,0.344970703125
74,readout,,0,2,"1,0,0,0",,,,,,-3.9990234375,-0.015380859375,0.0615234375,0.541748046875,0.519287109375,0.344970703125
74,readout,,0,3,"1,0,0,0",,,,,,-1.0380859375,-0.057373046875,0.0595703125,0.601318359375,0.519287109375,0.344970703125
74,readout,,0,4,"1,0,0,0",,,,,,0.144287109375,0.0048828125,0.000732421875,0.60205078125,0.519287109375,0.344970703125
74,readout,,0,5,"1,0,0,0",,,,,,0.853515625,0.10595703125,0.09033203125,0.6923828125,0.519287109375,0.344970703125
74,readout,,0,6,"1,0,0,0",,,,,,-3.381591796875,-0.00244140625,0.00830078125,0.70068359375,0.519287109375,0.344970703125
74,readout,,0,7,"1,0,0,0",,,,,,-3.045166015625,0.31591796875,-0.9619140625,-0.26123046875,0.519287109375,0.344970703125
74,readout,,0,8,"1,0,0,0",,,,,,0.389892578125,1.9990234375,0.779296875,0.51806640625,0.519287109375,0.344970703125
74,readout,,0,9,"1,0,0,0",,,,,,0.002197265625,-1.9990234375,-0.00439453125,0.513671875,0.519287109375,0.344970703125
74,readout,,0,10,"1,0,0,0",,,,,,1.0,0.005615234375,0.005615234375,0.519287109375,0.519287109375,0.344970703125
74,readout,,1,0,"1,0,0,0",,,,,,-1.79296875,0.021240234375,-0.0380859375,-0.0380859375,0.519287109375,0.344970703125
74,readout,,1,1,"1,0,0,0",,,,,,0.15673828125,-0.540771484375,-0.084716796875,-0.122802734375,0.519287109375,0.344970703125
74,readout,,1,2,"1,0,0,0",,,,,,-3.9990234375,0.103271484375,-0.4130859375,-0.535888671875,0.519287109375,0.344970703125
74,readout,,1,3,"1,0,0,0",,,,,,-1.0380859375,0.0478515625,-0.049560546875,-0.58544921875,0.519287109375,0.344970703125
74,readout,,1,4,"1,0,0,0",,,,,,0.144287109375,-0.000244140625,0.0,-0.58544921875,0.519287109375,0.344970703125
74,readout,,1,5,"1,0,0,0",,,,,,0.853515625,0.17724609375,0.1513671875,-0.43408203125,0.519287109375,0.344970703125
74,readout,,1,6,"1,0,0,0",,,,,,-3.381591796875,-0.113525390625,0.3837890625,-0.05029296875,0.519287109375,0.344970703125
74,readout,,1,7,"1,0,0,0",,,,,,-3.045166015625,-0.090576171875,0.27587890625,0.2255859375,0.519287109375,0.344970703125
74,readout,,1,8,"1,0,0,0",,,,,,0.389892578125,0.736328125,0.287109375,0.5126953125,0.519287109375,0.344970703125
74,readout,,1,9,"1,0,0,0",,,,,,0.002197265625,0.166015625,0.000244140625,0.512939453125,0.519287109375,0.344970703125
74,readout,,1,10,"1,0,0,0",,,,,,1.0,-0.16796875,-0.16796875,0.344970703125,0.519287109375,0.344970703125
75,neuron,0,,,"1,0,0,0",-1.56884765625,-0.21142578125,0.0,-1.7802734375,0,,,,,,
75,neuron,1,,,"1,0,0,0",0.13720703125,0.04296875,0.052001953125,0.232177734375,0,,,,,,
75,neuron,2,,,"1,0,0,0",-3.4990234375,-0.554931640625,0.0,-3.9990234375,0,,,,,,
75,neuron,3,,,"1,0,0,0",-0.908203125,-0.090576171875,0.0,-0.998779296875,0,,,,,,
75,neuron,4,,,"1,0,0,0",0.126220703125,0.15283203125,0.0,0.279052734375,0,,,,,,
75,neuron,5,,,"1,0,0,0",0.746826171875,0.571533203125,-0.02685546875,0.29150390625,1,,,,,,
75,neuron,6,,,"1,0,0,0",-2.958984375,-0.427001953125,0.0,-3.385986328125,0,,,,,,
75,neuron,7,,,"1,0,0,0",-2.66455078125,-0.383056640625,0.0,-3.047607421875,0,,,,,,
75,readout,,0,0,"1,0,0,0",,,,,,-1.7802734375,-0.245849609375,0.437744140625,0.437744140625,0.47998046875,0.208984375
75,readout,,0,1,"1,0,0,0",,,,,,0.232177734375,0.25048828125,0.05810546875,0.495849609375,0.47998046875,0.208984375
75,readout,,0,2,"1,0,0,0",,,,,,-3.9990234375,-0.015380859375,0.0615234375,0.557373046875,0.47998046875,0.208984375
75,readout,,0,3,"1,0,0,0",,,,,,-0.998779296875,-0.057373046875,0.057373046875,0.61474609375,0.47998046875,0.208984375
75,readout,,0,4,"1,0,0,0",,,,,,0.279052734375,0.0048828125,0.00146484375,0.6162109375,0.47998046875,0.208984375
75,readout,,0,5,"1,0,0,0",,,,,,0.29150390625,0.10595703125,0.031005859375,0.647216796875,0.47998046875,0.208984375
75,readout,,0,6,"1,0,0,0",,,,,,-3.385986328125,-0.00244140625,0.00830078125,0.655517578125,0.47998046875,0.208984375
75,readout,,0,7,"1,0,0,0",,,,,,-3.047607421875,0.31591796875,-0.962890625,-0.307373046875,0.47998046875,0.208984375
75,readout,,0,8,"1,0,0,0",,,,,,0.392333984375,1.9990234375,0.7841796875,0.476806640625,0.47998046875,0.208984375
75,readout,,0,9,"1,0,0,0",,,,,,0.001220703125,-1.9990234375,-0.00244140625,0.474365234375,0.47998046875,0.208984375
75,readout,,0,10,"1,0,0,0",,,,,,1.0,0.005615234375,0.005615234375,0.47998046875,0.47998046875,0.208984375
75,readout,,1,0,"1,0,0,0",,,,,,-1.7802734375,0.021240234375,-0.037841796875,-0.037841796875,0.47998046875,0.208984375
75,readout,,1,1,"1,0,0,0",,,,,,0.232177734375,-0.540771484375,-0.12548828125,-0.163330078125,0.47998046875,0.208984375
75,readout,,1,2,"1,0,0,0",,,,,,-3.9990234375,0.103271484375,-0.4130859375,-0.576416015625,0.47998046875,0.208984375
75,readout,,1,3,"1,0,0,0",,,,,,-0.998779296875,0.0478515625,-0.0478515625,-0.624267578125,0.47998046875,0.208984375
75,readout,,1,4,"1,0,0,0",,,,,,0.279052734375,-0.000244140625,0.0,-0.624267578125,0.47998046875,0.208984375
75,readout,,1,5,"1,0,0,0",,,,,,0.29150390625,0.17724609375,0.0517578125,-0.572509765625,0.47998046875,0.208984375
75,readout,,1,6,"1,0,0,0",,,,,,-3.385986328125,-0.113525390625,0.38427734375,-0.188232421875,0.47998046875,0.208984375
75,readout,,1,7,"1,0,0,0",,,,,,-3.047607421875,-0.090576171875,0.276123046875,0.087890625,0.47998046875,0.208984375
75,readout,,1,8,"1,0,0,0",,,,,,0.392333984375,0.736328125,0.288818359375,0.376708984375,0.47998046875,0.208984375
75,readout,,1,9,"1,0,0,0",,,,,,0.001220703125,0.166015625,0.000244140625,0.376953125,0.47998046875,0.208984375
75,readout,,1,10,"1,0,0,0",,,,,,1.0,-0.16796875,-0.16796875,0.208984375,0.47998046875,0.208984375
76,neuron,0,,,"1,0,0,0",-1.5576171875,-0.21142578125,0.0,-1.76904296875,0,,,,,,
76,neuron,1,,,"1,0,0,0",0.203125,0.04296875,0.0,0.24609375,0,,,,,,
76,neuron,2,,,"1,0,0,0",-3.4990234375,-0.554931640625,-0.0078125,-3.9990234375,0,,,,,,
76,neuron,3,,,"1,0,0,0",-0.8740234375,-0.090576171875,0.0,-0.964599609375,0,,,,,,
76,neuron,4,,,"1,0,0,0",0.244140625,0.15283203125,0.14111328125,0.5380859375,0,,,,,,
76,neuron,5,,,"1,0,0,0",0.255126953125,0.571533203125,0.0,0.82666015625,0,,,,,,
76,neuron,6,,,"1,0,0,0",-2.962646484375,-0.427001953125,0.0,-3.3896484375,0,,,,,,
76,neuron,7,,,"1,0,0,0",-2.666748046875,-0.383056640625,0.0,-3.0498046875,0,,,,,,
76,readout,,0,0,"1,0,0,0",,,,,,-1.76904296875,-0.245849609375,0.434814453125,0.434814453125,0.565185546875,0.320068359375
76,readout,,0,1,"1,0,0,0",,,,,,0.24609375,0.25048828125,0.0615234375,0.496337890625,0.565185546875,0.320068359375
76,readout,,0,2,"1,0,0,0",,,,,,-3.9990234375,-0.015380859375,0.0615234375,0.557861328125,0.565185546875,0.320068359375
76,readout,,0,3,"1,0,0,0",,,,,,-0.964599609375,-0.057373046875,0.055419921875,0.61328125,0.565185546875,0.320068359375
76,readout,,0,4,"1,0,0,0",,,,,,0.5380859375,0.0048828125,0.002685546875,0.615966796875,0.565185546875,0.320068359375
76,readout,,0,5,"1,0,0,0",,,,,,0.82666015625,0.10595703125,0.087646484375,0.70361328125,0.565185546875,0.320068359375
76,readout,,0,6,"1,0,0,0",,,,,,-3.3896484375,-0.00244140625,0.00830078125,0.7119140625,0.565185546875,0.320068359375
76,readout,,0,7,"1,0,0,0",,,,,,-3.0498046875,0.31591796875,-0.96337890625,-0.25146484375,0.565185546875,0.320068359375
76,readout,,0,8,"1,0,0,0",,,,,,0.4189453125,1.9990234375,0.83740234375,0.5859375,0.565185546875,0.320068359375
76,readout,,0,9,"1,0,0,0",,,,,,0.01318359375,-1.9990234375,-0.0263671875,0.5595703125,0.565185546875,0.320068359375
76,readout,,0,10,"1,0,0,0",,,,,,1.0,0.005615234375,0.005615234375,0.565185546875,0.565185546875,0.320068359375
76,readout,,1,0,"1,0,0,0",,,,,,-1.76904296875,0.021240234375,-0.03759765625,-0.03759765625,0.565185546875,0.320068359375
76,readout,,1,1,"1,0,0,0",,,,,,0.24609375,-0.540771484375,-0.133056640625,-0.170654296875,0.565185546875,0.320068359375
76,readout,,1,2,"1,0,0,0",,,,,,-3.9990234375,0.103271484375,-0.4130859375,-0.583740234375,0.565185546875,0.320068359375
76,readout,,1,3,"1,0,0,0",,,,,,-0.964599609375,0.0478515625,-0.046142578125,-0.6298828125,0.565185546875,0.320068359375
76,readout,,1,4,"1,0,0,0",,,,,,0.5380859375,-0.000244140625,-0.000244140625,-0.630126953125,0.565185546875,0.320068359375
76,readout,,1,5,"1,0,0,0",,,,,,0.82666015625,0.17724609375,0.146484375,-0.483642578125,0.565185546875,0.320068359375
76,readout,,1,6,"1,0,0,0",,,,,,-3.3896484375,-0.113525390625,0.384765625,-0.098876953125,0.565185546875,0.320068359375
76,readout,,1,7,"1,0,0,0",,,,,,-3.0498046875,-0.090576171875,0.276123046875,0.17724609375,0.565185546875,0.320068359375
76,readout,,1,8,"1,0,0,0",,,,,,0.4189453125,0.736328125,0.30859375,0.48583984375,0.565185546875,0.320068359375
76,readout,,1,9,"1,0,0,0",,,,,,0.01318359375,0.166015625,0.002197265625,0.488037109375,0.565185546875,0.320068359375
76,readout,,1,10,"1,0,0,0",,,,,,1.0,-0.16796875,-0.16796875,0.320068359375,0.565185546875,0.320068359375
77,neuron,0,,,"1,0,0,0",-1.5478515625,-0.21142578125,0.0,-1.75927734375,0,,,,,,
77,neuron,1,,,"1,0,0,0",0.21533203125,0.04296875,0.0,0.25830078125,0,,,,,,
77,neuron,2,,,"1,0,0,0",-3.4990234375,-0.554931640625,0.0,-3.9990234375,0,,,,,,
77,neuron,3,,,"1,0,0,0",-0.843994140625,-0.090576171875,0.0,-0.9345703125,0,,,,,,
77,neuron,4,,,"1,0,0,0",0.470703125,0.15283203125,0.0,0.62353515625,0,,,,,,
77,neuron,5,,,"1,0,0,0",0.723388671875,0.571533203125,0.0,0.294921875,1,,,,,,
77,neuron,6,,,"1,0,0,0",-2.9658203125,-0.427001953125,0.0,-3.392822265625,0,,,,,,
77,neuron,7,,,"1,0,0,0",-2.66845703125,-0.383056640625,0.0,-3.051513671875,0,,,,,,
77,readout,,0,0,"1,0,0,0",,,,,,-1.75927734375,-0.245849609375,0.4326171875,0.4326171875,0.509033203125,0.19873046875
77,readout,,0,1,"1,0,0,0",,,,,,0.25830078125,0.25048828125,0.064697265625,0.497314453125,0.509033203125,0.19873046875
77,readout,,0,2,"1,0,0,0",,,,,,-3.9990234375,-0.015380859375,0.0615234375,0.558837890625,0.509033203125,0.19873046875
77,readout,,0,3,"1,0,0,0",,,,,,-0.9345703125,-0.057373046875,0.0537109375,0.612548828125,0.509033203125,0.19873046875
77,readout,,0,4,"1,0,0,0",,,,,,0.62353515625,0.0048828125,0.0029296875,0.615478515625,0.509033203125,0.19873046875
77,readout,,0,5,"1,0,0,0",,,,,,0.294921875,0.10595703125,0.03125,0.646728515625,0.509033203125,0.19873046875
77,readout,,0,6,"1,0,0,0",,,,,,-3.392822265625,-0.00244140625,0.00830078125,0.655029296875,0.509033203125,0.19873046875
77,readout,,0,7,"1,0,0,0",,,,,,-3.051513671875,0.31591796875,-0.964111328125,-0.30908203125,0.509033203125,0.19873046875
77,readout,,0,8,"1,0,0,0",,,,,,0.393798828125,1.9990234375,0.787109375,0.47802734375,0.509033203125,0.19873046875
77,readout,,0,9,"1,0,0,0",,,,,,-0.0126953125,-1.9990234375,0.025390625,0.50341796875,0.509033203125,0.19873046875
77,readout,,0,10,"1,0,0,0",,,,,,1.0,0.005615234375,0.005615234375,0.509033203125,0.509033203125,0.19873046875
77,readout,,1,0,"1,0,0,0",,,,,,-1.75927734375,0.021240234375,-0.037353515625,-0.037353515625,0.509033203125,0.19873046875
77,readout,,1,1,"1,0,0,0",,,,,,0.25830078125,-0.540771484375,-0.1396484375,-0.177001953125,0.509033203125,0.19873046875
77,readout,,1,2,"1,0,0,0",,,,,,-3.9990234375,0.103271484375,-0.4130859375,-0.590087890625,0.509033203125,0.19873046875
77,readout,,1,3,"1,0,0,0",,,,,,-0.9345703125,0.0478515625,-0.044677734375,-0.634765625,0.509033203125,0.19873046875
77,readout,,1,4,"1,0,0,0",,,,,,0.62353515625,-0.000244140625,-0.000244140625,-0.635009765625,0.509033203125,0.19873046875
77,readout,,1,5,"1,0,0,0",,,,,,0.294921875,0.17724609375,0.05224609375,-0.582763671875,0.509033203125,0.19873046875
77,readout,,1,6,"1,0,0,0",,,,,,-3.392822265625,-0.113525390625,0.38525390625,-0.197509765625,0.509033203125,0.19873046875
77,readout,,1,7,"1,0,0,0",,,,,,-3.051513671875,-0.090576171875,0.2763671875,0.078857421875,0.509033203125,0.19873046875
77,readout,,1,8,"1,0,0,0",,,,,,0.393798828125,0.736328125,0.2900390625,0.368896484375,0.509033203125,0.19873046875
77,readout,,1,9,"1,0,0,0",,,,,,-0.0126953125,0.166015625,-0.002197265625,0.36669921875,0.509033203125,0.19873046875
77,readout,,1,10,"1,0,0,0",,,,,,1.0,-0.16796875,-0.16796875,0.19873046875,0.509033203125,0.19873046875
78,neuron,0,,,"1,0,0,0",-1.539306640625,-0.21142578125,0.0,-1.750732421875,0,,,,,,
78,neuron,1,,,"1,0,0,0",0.22607421875,0.04296875,0.0,0.26904296875,0,,,,,,
78,neuron,2,,,"1,0,0,0",-3.4990234375,-0.554931640625,-0.0078125,-3.9990234375,0,,,,,,
78,neuron,3,,,"1,0,0,0",-0.81787109375,-0.090576171875,0.0,-0.908447265625,0,,,,,,
78,neuron,4,,,"1,0,0,0",0.545654296875,0.15283203125,0.14111328125,0.839599609375,0,,,,,,
78,neuron,5,,,"1,0,0,0",0.258056640625,0.571533203125,0.0,0.82958984375,0,,,,,,
78,neuron,6,,,"1,0,0,0",-2.96875,-0.427001953125,0.0,-3.395751953125,0,,,,,,
78,neuron,7,,,"1,0,0,0",-2.670166015625,-0.383056640625,0.0,-3.05322265625,0,,,,,,
78,readout,,0,0,"1,0,0,0",,,,,,-1.750732421875,-0.245849609375,0.430419921875,0.430419921875,0.49755859375,0.257080078125
78,readout,,0,1,"1,0,0,0",,,,,,0.26904296875,0.25048828125,0.0673828125,0.497802734375,0.49755859375,0.257080078125
78,readout,,0,2,"1,0,0,0",,,,,,-3.9990234375,-0.015380859375,0.0615234375,0.559326171875,0.49755859375,0.257080078125
78,readout,,0,3,"1,0,0,0",,,,,,-0.908447265625,-0.057373046875,0.052001953125,0.611328125,0.49755859375,0.257080078125
78,readout,,0,4,"1,0,0,0",,,,,,0.839599609375,0.0048828125,0.004150390625,0.615478515625,0.49755859375,0.257080078125
78,readout,,0,5,"1,0,0,0",,,,,,0.82958984375,0.10595703125,0.087890625,0.703369140625,0.49755859375,0.257080078125
78,readout,,0,6,"1,0,0,0",,,,,,-3.395751953125,-0.00244140625,0.00830078125,0.711669921875,0.49755859375,0.257080078125
78,readout,,0,7,"1,0,0,0",,,,,,-3.05322265625,0.31591796875,-0.964599609375,-0.2529296875,0.49755859375,0.257080078125
78,readout,,0,8,"1,0,0,0",,,,,,0.351318359375,1.9990234375,0.702392578125,0.449462890625,0.49755859375,0.257080078125
78,readout,,0,9,"1,0,0,0",,,,,,-0.021240234375,-1.9990234375,0.04248046875,0.491943359375,0.49755859375,0.257080078125
78,readout,,0,10,"1,0,0,0",,,,,,1.0,0.005615234375,0.005615234375,0.49755859375,0.49755859375,0.257080078125
78,readout,,1,0,"1,0,0,0",,,,,,-1.750732421875,0.021240234375,-0.037109375,-0.037109375,0.49755859375,0.257080078125
78,readout,,1,1,"1,0,0,0",,,,,,0.26904296875,-0.540771484375,-0.1455078125,-0.1826171875,0.49755859375,0.257080078125
78,readout,,1,2,"1,0,0,0",,,,,,-3.9990234375,0.103271484375,-0.4130859375,-0.595703125,0.49755859375,0.257080078125
78,readout,,1,3,"1,0,0,0",,,,,,-0.908447265625,0.0478515625,-0.04345703125,-0.63916015625,0.49755859375,0.257080078125
78,readout,,1,4,"1,0,0,0",,,,,,0.839599609375,-0.000244140625,-0.000244140625,-0.639404296875,0.49755859375,0.257080078125
78,readout,,1,5,"1,0,0,0",,,,,,0.82958984375,0.17724609375,0.14697265625,-0.492431640625,0.49755859375,0.257080078125
78,readout,,1,6,"1,0,0,0",,,,,,-3.395751953125,-0.113525390625,0.385498046875,-0.10693359375,0.49755859375,0.257080078125
78,readout,,1,7,"1,0,0,0",,,,,,-3.05322265625,-0.090576171875,0.276611328125,0.169677734375,0.49755859375,0.257080078125
78,readout,,1,8,"1,0,0,0",,,,,,0.351318359375,0.736328125,0.2587890625,0.428466796875,0.49755859375,0.257080078125
78,readout,,1,9,"1,0,0,0",,,,,,-0.021240234375,0.166015625,-0.00341796875,0.425048828125,0.49755859375,0.257080078125
78,readout,,1,10,"1,0,0,0",,,,,,1.0,-0.16796875,-0.16796875,0.257080078125,0.49755859375,0.257080078125
79,neuron,0,,,"1,0,0,0",-1.531982421875,-0.21142578125,0.0,-1.743408203125,0,,,,,,
79,neuron,1,,,"1,0,0,0",0.2353515625,0.04296875,0.0,0.2783203125,0,,,,,,
79,neuron,2,,,"1,0,0,0",-3.4990234375,-0.554931640625,0.0,-3.9990234375,0,,,,,,
79,neuron,3,,,"1,0,0,0",-0.794921875,-0.090576171875,0.0,-0.885498046875,0,,,,,,
79,neuron,4,,,"1,0,0,0",0.734619140625,0.15283203125,0.0,0.887451171875,0,,,,,,
79,neuron,5,,,"1,0,0,0",0.725830078125,0.571533203125,0.0,0.29736328125,1,,,,,,
79,neuron,6,,,"1,0,0,0",-2.97119140625,-0.427001953125,0.0,-3.398193359375,0,,,,,,
79,neuron,7,,,"1,0,0,0",-2.671630859375,-0.383056640625,0.0,-3.0546875,0,,,,,,
79,readout,,0,0,"1,0,0,0",,,,,,-1.743408203125,-0.245849609375,0.4287109375,0.4287109375,0.460205078125,0.21337890625
79,readout,,0,1,"1,0,0,0",,,,,,0.2783203125,0.25048828125,0.06982421875,0.49853515625,0.460205078125,0.21337890625
79,readout,,0,2,"1,0,0,0",,,,,,-3.9990234375,-0.015380859375,0.0615234375,0.56005859375,0.460205078125,0.21337890625
79,readout,,0,3,"1,0,0,0",,,,,,-0.885498046875,-0.057373046875,0.05078125,0.61083984375,0.460205078125,0.21337890625
79,readout,,0,4,"1,0,0,0",,,,,,0.887451171875,0.0048828125,0.00439453125,0.615234375,0.460205078125,0.21337890625
79,readout,,0,5,"1,0,0,0",,,,,,0.29736328125,0.10595703125,0.031494140625,0.646728515625,0.460205078125,0.21337890625
79,readout,,0,6,"1,0,0,0",,,,,,-3.398193359375,-0.00244140625,0.00830078125,0.655029296875,0.460205078125,0.21337890625
79,readout,,0,7,"1,0,0,0",,,,,,-3.0546875,0.31591796875,-0.965087890625,-0.31005859375,0.460205078125,0.21337890625
79,readout,,0,8,"1,0,0,0",,,,,,0.41357421875,1.9990234375,0.82666015625,0.5166015625,0.460205078125,0.21337890625
79,readout,,0,9,"1,0,0,0",,,,,,0.031005859375,-1.9990234375,-0.06201171875,0.45458984375,0.460205078125,0.21337890625
79,readout,,0,10,"1,0,0,0",,,,,,1.0,0.005615234375,0.005615234375,0.460205078125,0.460205078125,0.21337890625
79,readout,,1,0,"1,0,0,0",,,,,,-1.743408203125,0.021240234375,-0.037109375,-0.037109375,0.460205078125,0.21337890625
79,readout,,1,1,"1,0,0,0",,,,,,0.2783203125,-0.540771484375,-0.150390625,-0.1875,0.460205078125,0.21337890625
79,readout,,1,2,"1,0,0,0",,,,,,-3.9990234375,0.103271484375,-0.4130859375,-0.6005859375,0.460205078125,0.21337890625
79,readout,,1,3,"1,0,0,0",,,,,,-0.885498046875,0.0478515625,-0.04248046875,-0.64306640625,0.460205078125,0.21337890625
79,readout,,1,4,"1,0,0,0",,,,,,0.887451171875,-0.000244140625,-0.000244140625,-0.643310546875,0.460205078125,0.21337890625
79,readout,,1,5,"1,0,0,0",,,,,,0.29736328125,0.17724609375,0.052734375,-0.590576171875,0.460205078125,0.21337890625
79,readout,,1,6,"1,0,0,0",,,,,,-3.398193359375,-0.113525390625,0.3857421875,-0.204833984375,0.460205078125,0.21337890625
79,readout,,1,7,"1,0,0,0",,,,,,-3.0546875,-0.090576171875,0.276611328125,0.07177734375,0.460205078125,0.21337890625
79,readout,,1,8,"1,0,0,0",,,,,,0.41357421875,0.736328125,0.304443359375,0.376220703125,0.460205078125,0.21337890625
79,readout,,1,9,"1,0,0,0",,,,,,0.031005859375,0.166015625,0.005126953125,0.38134765625,0.460205078125,0.21337890625
79,readout,,1,10,"1,0,0,0",,,,,,1.0,-0.16796875,-0.16796875,0.21337890625,0.460205078125,0.21337890625
80,neuron,0,,,"1,0,0,0",-1.525390625,-0.21142578125,0.0,-1.73681640625,0,,,,,,
80,neuron,1,,,"1,0,0,0",0.24365234375,0.04296875,0.0,0.28662109375,0,,,,,,
80,neuron,2,,,"1,0,0,0",-3.4990234375,-0.554931640625,-0.0078125,-3.9990234375,0,,,,,,
80,neuron,3,,,"1,0,0,0",-0.77490234375,-0.090576171875,0.0,-0.865478515625,0,,,,,,
80,neuron,4,,,"1,0,0,0",0.776611328125,0.15283203125,0.14111328125,0.070556640625,1,,,,,,
80,neuron,5,,,"1,0,0,0",0.26025390625,0.571533203125,0.0,0.831787109375,0,,,,,,
80,neuron,6,,,"1,0,0,0",-2.973388671875,-0.427001953125,0.0,-3.400390625,0,,,,,,
80,neuron,7,,,"1,0,0,0",-2.6728515625,-0.383056640625,0.0,-3.055908203125,0,,,,,,
80,readout,,0,0,"1,0,0,0",,,,,,-1.73681640625,-0.245849609375,0.427001953125,0.427001953125,0.627685546875,0.34521484375
80,readout,,0,1,"1,0,0,0",,,,,,0.28662109375,0.25048828125,0.07177734375,0.498779296875,0.627685546875,0.34521484375
80,readout,,0,2,"1,0,0,0",,,,,,-3.9990234375,-0.015380859375,0.0615234375,0.560302734375,0.627685546875,0.34521484375
80,readout,,0,3,"1,0,0,0",,,,,,-0.865478515625,-0.057373046875,0.049560546875,0.60986328125,0.627685546875,0.34521484375
80,readout,,0,4,"1,0,0,0",,,,,,0.070556640625,0.0048828125,0.000244140625,0.610107421875,0.627685546875,0.34521484375
80,readout,,0,5,"1,0,0,0",,,,,,0.831787109375,0.10595703125,0.088134765625,0.6982421875,0.627685546875,0.34521484375
80,readout,,0,6,"1,0,0,0",,,,,,-3.400390625,-0.00244140625,0.00830078125,0.70654296875,0.627685546875,0.34521484375
80,readout,,0,7,"1,0,0,0",,,,,,-3.055908203125,0.31591796875,-0.96533203125,-0.2587890625,0.627685546875,0.34521484375
80,readout,,0,8,"1,0,0,0",,,,,,0.468017578125,1.9990234375,0.935546875,0.6767578125,0.627685546875,0.34521484375
80,readout,,0,9,"1,0,0,0",,,,,,0.02734375,-1.9990234375,-0.0546875,0.6220703125,0.627685546875,0.34521484375
80,readout,,0,10,"1,0,0,0",,,,,,1.0,0.005615234375,0.005615234375,0.627685546875,0.627685546875,0.34521484375
80,readout,,1,0,"1,0,0,0",,,,,,-1.73681640625,0.021240234375,-0.036865234375,-0.036865234375,0.627685546875,0.34521484375
80,readout,,1,1,"1,0,0,0",,,,,,0.28662109375,-0.540771484375,-0.155029296875,-0.19189453125,0.627685546875,0.34521484375
80,readout,,1,2,"1,0,0,0",,,,,,-3.9990234375,0.103271484375,-0.4130859375,-0.60498046875,0.627685546875,0.34521484375
80,readout,,1,3,"1,0,0,0",,,,,,-0.865478515625,0.0478515625,-0.04150390625,-0.646484375,0.627685546875,0.34521484375
80,readout,,1,4,"1,0,0,0",,,,,,0.070556640625,-0.000244140625,0.0,-0.646484375,0.627685546875,0.34521484375
80,readout,,1,5,"1,0,0,0",,,,,,0.831787109375,0.17724609375,0.1474609375,-0.4990234375,0.627685546875,0.34521484375
80,readout,,1,6,"1,0,0,0",,,,,,-3.400390625,-0.113525390625,0.385986328125,-0.113037109375,0.627685546875,0.34521484375
80,readout,,1,7,"1,0,0,0",,,,,,-3.055908203125,-0.090576171875,0.27685546875,0.163818359375,0.627685546875,0.34521484375
80,readout,,1,8,"1,0,0,0",,,,,,0.468017578125,0.736328125,0.3447265625,0.508544921875,0.627685546875,0.34521484375
80,readout,,1,9,"1,0,0,0",,,,,,0.02734375,0.166015625,0.004638671875,0.51318359375,0.627685546875,0.34521484375
80,readout,,1,10,"1,0,0,0",,,,,,1.0,-0.16796875,-0.16796875,0.34521484375,0.627685546875,0.34521484375
81,neuron,0,,,"1,0,0,0",-1.519775390625,-0.21142578125,0.0,-1.731201171875,0,,,,,,
81,neuron,1,,,"1,0,0,0",0.250732421875,0.04296875,0.052001953125,0.345703125,0,,,,,,
81,neuron,2,,,"1,0,0,0",-3.4990234375,-0.554931640625,0.0,-3.9990234375,0,,,,,,
81,neuron,3,,,"1,0,0,0",-0.75732421875,-0.090576171875,0.0,-0.847900390625,0,,,,,,
81,neuron,4,,,"1,0,0,0",0.061767578125,0.15283203125,0.0,0.214599609375,0,,,,,,
81,neuron,5,,,"1,0,0,0",0.727783203125,0.571533203125,-0.02685546875,0.2724609375,1,,,,,,
81,neuron,6,,,"1,0,0,0",-2.975341796875,-0.427001953125,0.0,-3.40234375,0,,,,,,
81,neuron,7,,,"1,0,0,0",-2.673828125,-0.383056640625,0.0,-3.056884765625,0,,,,,,
81,readout,,0,0,"1,0,0,0",,,,,,-1.731201171875,-0.245849609375,0.425537109375,0.425537109375,0.58056640625,0.165283203125
81,readout,,0,1,"1,0,0,0",,,,,,0.345703125,0.25048828125,0.086669921875,0.51220703125,0.58056640625,0.165283203125
81,readout,,0,2,"1,0,0,0",,,,,,-3.9990234375,-0.015380859375,0.0615234375,0.57373046875,0.58056640625,0.165283203125
81,readout,,0,3,"1,0,0,0",,,,,,-0.847900390625,-0.057373046875,0.048583984375,0.622314453125,0.58056640625,0.165283203125
81,readout,,0,4,"1,0,0,0",,,,,,0.214599609375,0.0048828125,0.0009765625,0.623291015625,0.58056640625,0.165283203125
81,readout,,0,5,"1,0,0,0",,,,,,0.2724609375,0.10595703125,0.02880859375,0.652099609375,0.58056640625,0.165283203125
81,readout,,0,6,"1,0,0,0",,,,,,-3.40234375,-0.00244140625,0.00830078125,0.660400390625,0.58056640625,0.165283203125
81,readout,,0,7,"1,0,0,0",,,,,,-3.056884765625,0.31591796875,-0.9658203125,-0.305419921875,0.58056640625,0.165283203125
81,readout,,0,8,"1,0,0,0",,,,,,0.412841796875,1.9990234375,0.8251953125,0.519775390625,0.58056640625,0.165283203125
81,readout,,0,9,"1,0,0,0",,,,,,-0.027587890625,-1.9990234375,0.05517578125,0.574951171875,0.58056640625,0.165283203125
81,readout,,0,10,"1,0,0,0",,,,,,1.0,0.005615234375,0.005615234375,0.58056640625,0.58056640625,0.165283203125
81,readout,,1,0,"1,0,0,0",,,,,,-1.731201171875,0.021240234375,-0.036865234375,-0.036865234375,0.58056640625,0.165283203125
81,readout,,1,1,"1,0,0,0",,,,,,0.345703125,-0.540771484375,-0.18701171875,-0.223876953125,0.58056640625,0.165283203125
81,readout,,1,2,"1,0,0,0",,,,,,-3.9990234375,0.103271484375,-0.4130859375,-0.636962890625,0.58056640625,0.165283203125
81,readout,,1,3,"1,0,0,0",,,,,,-0.847900390625,0.0478515625,-0.04052734375,-0.677490234375,0.58056640625,0.165283203125
81,readout,,1,4,"1,0,0,0",,,,,,0.214599609375,-0.000244140625,0.0,-0.677490234375,0.58056640625,0.165283203125
81,readout,,1,5,"1,0,0,0",,,,,,0.2724609375,0.17724609375,0.04833984375,-0.629150390625,0.58056640625,0.165283203125
81,readout,,1,6,"1,0,0,0",,,,,,-3.40234375,-0.113525390625,0.38623046875,-0.242919921875,0.58056640625,0.165283203125
81,readout,,1,7,"1,0,0,0",,,,,,-3.056884765625,-0.090576171875,0.27685546875,0.033935546875,0.58056640625,0.165283203125
81,readout,,1,8,"1,0,0,0",,,,,,0.412841796875,0.736328125,0.303955078125,0.337890625,0.58056640625,0.165283203125
81,readout,,1,9,"1,0,0,0",,,,,,-0.027587890625,0.166015625,-0.004638671875,0.333251953125,0.58056640625,0.165283203125
81,readout,,1,10,"1,0,0,0",,,,,,1.0,-0.16796875,-0.16796875,0.165283203125,0.58056640625,0.165283203125
82,neuron,0,,,"1,0,0,0",-1.514892578125,-0.21142578125,0.0,-1.726318359375,0,,,,,,
82,neuron,1,,,"1,0,0,0",0.302490234375,0.04296875,0.0,0.345458984375,0,,,,,,
82,neuron,2,,,"1,0,0,0",-3.4990234375,-0.554931640625,-0.0078125,-3.9990234375,0,,,,,,
82,neuron,3,,,"1,0,0,0",-0.741943359375,-0.090576171875,0.0,-0.83251953125,0,,,,,,
82,neuron,4,,,"1,0,0,0",0.187744140625,0.15283203125,0.14111328125,0.481689453125,0,,,,,,
82,neuron,5,,,"1,0,0,0",0.23828125,0.571533203125,0.0,0.809814453125,0,,,,,,
82,neuron,6,,,"1,0,0,0",-2.97705078125,-0.427001953125,0.0,-3.404052734375,0,,,,,,
82,neuron,7,,,"1,0,0,0",-2.6748046875,-0.383056640625,0.0,-3.057861328125,0,,,,,,
82,readout,,0,0,"1,0,0,0",,,,,,-1.726318359375,-0.245849609375,0.42431640625,0.42431640625,0.618896484375,0.297607421875
82,readout,,0,1,"1,0,0,0",,,,,,0.345458984375,0.25048828125,0.08642578125,0.5107421875,0.618896484375,0.297607421875
82,readout,,0,2,"1,0,0,0",,,,,,-3.9990234375,-0.015380859375,0.0615234375,0.572265625,0.618896484375,0.297607421875
82,readout,,0,3,"1,0,0,0",,,,,,-0.83251953125,-0.057373046875,0.0478515625,0.6201171875,0.618896484375,0.297607421875
82,readout,,0,4,"1,0,0,0",,,,,,0.481689453125,0.0048828125,0.00244140625,0.62255859375,0.618896484375,0.297607421875
82,readout,,0,5,"1,0,0,0",,,,,,0.809814453125,0.10595703125,0.085693359375,0.708251953125,0.618896484375,0.297607421875
82,readout,,0,6,"1,0,0,0",,,,,,-3.404052734375,-0.00244140625,0.00830078125,0.716552734375,0.618896484375,0.297607421875
82,readout,,0,7,"1,0,0,0",,,,,,-3.057861328125,0.31591796875,-0.966064453125,-0.24951171875,0.618896484375,0.297607421875
82,readout,,0,8,"1,0,0,0",,,,,,0.450439453125,1.9990234375,0.900390625,0.65087890625,0.618896484375,0.297607421875
82,readout,,0,9,"1,0,0,0",,,,,,0.018798828125,-1.9990234375,-0.03759765625,0.61328125,0.618896484375,0.297607421875
82,readout,,0,10,"1,0,0,0",,,,,,1.0,0.005615234375,0.005615234375,0.618896484375,0.618896484375,0.297607421875
82,readout,,1,0,"1,0,0,0",,,,,,-1.726318359375,0.021240234375,-0.03662109375,-0.03662109375,0.618896484375,0.297607421875
82,readout,,1,1,"1,0,0,0",,,,,,0.345458984375,-0.540771484375,-0.186767578125,-0.223388671875,0.618896484375,0.297607421875
82,readout,,1,2,"1,0,0,0",,,,,,-3.9990234375,0.103271484375,-0.4130859375,-0.636474609375,0.618896484375,0.297607421875
82,readout,,1,3,"1,0,0,0",,,,,,-0.83251953125,0.0478515625,-0.039794921875,-0.67626953125,0.618896484375,0.297607421875
82,readout,,1,4,"1,0,0,0",,,,,,0.481689453125,-0.000244140625,0.0,-0.67626953125,0.618896484375,0.297607421875
82,readout,,1,5,"1,0,0,0",,,,,,0.809814453125,0.17724609375,0.1435546875,-0.53271484375,0.618896484375,0.297607421875
82,readout,,1,6,"1,0,0,0",,,,,,-3.404052734375,-0.113525390625,0.386474609375,-0.146240234375,0.618896484375,0.297607421875
82,readout,,1,7,"1,0,0,0",,,,,,-3.057861328125,-0.090576171875,0.27685546875,0.130615234375,0.618896484375,0.297607421875
82,readout,,1,8,"1,0,0,0",,,,,,0.450439453125,0.736328125,0.331787109375,0.46240234375,0.618896484375,0.297607421875
82,readout,,1,9,"1,0,0,0",,,,,,0.018798828125,0.166015625,0.003173828125,0.465576171875,0.618896484375,0.297607421875
82,readout,,1,10,"1,0,0,0",,,,,,1.0,-0.16796875,-0.16796875,0.297607421875,0.618896484375,0.297607421875
83,neuron,0,,,"1,0,0,0",-1.510498046875,-0.21142578125,0.0,-1.721923828125,0,,,,,,
83,neuron,1,,,"1,0,0,0",0.30224609375,0.04296875,0.0,0.34521484375,0,,,,,,
83,neuron,2,,,"1,0,0,0",-3.4990234375,-0.554931640625,0.0,-3.9990234375,0,,,,,,
83,neuron,3,,,"1,0,0,0",-0.728515625,-0.090576171875,0.0,-0.819091796875,0,,,,,,
83,neuron,4,,,"1,0,0,0",0.42138671875,0.15283203125,0.0,0.57421875,0,,,,,,
83,neuron,5,,,"1,0,0,0",0.70849609375,0.571533203125,0.0,0.280029296875,1,,,,,,
83,neuron,6,,,"1,0,0,0",-2.978515625,-0.427001953125,0.0,-3.405517578125,0,,,,,,
83,neuron,7,,,"1,0,0,0",-2.675537109375,-0.383056640625,0.0,-3.05859375,0,,,,,,
83,readout,,0,0,"1,0,0,0",,,,,,-1.721923828125,-0.245849609375,0.42333984375,0.42333984375,0.56640625,0.1748046875
83,readout,,0,1,"1,0,0,0",,,,,,0.34521484375,0.25048828125,0.08642578125,0.509765625,0.56640625,0.1748046875
83,readout,,0,2,"1,0,0,0",,,,,,-3.9990234375,-0.015380859375,0.0615234375,0.5712890625,0.56640625,0.1748046875
83,readout,,0,3,"1,0,0,0",,,,,,-0.819091796875,-0.057373046875,0.046875,0.6181640625,0.56640625,0.1748046875
83,readout,,0,4,"1,0,0,0",,,,,,0.57421875,0.0048828125,0.002685546875,0.620849609375,0.56640625,0.1748046875
83,readout,,0,5,"1,0,0,0",,,,,,0.280029296875,0.10595703125,0.02978515625,0.650634765625,0.56640625,0.1748046875
83,readout,,0,6,"1,0,0,0",,,,,,-3.405517578125,-0.00244140625,0.00830078125,0.658935546875,0.56640625,0.1748046875
83,readout,,0,7,"1,0,0,0",,,,,,-3.05859375,0.31591796875,-0.96630859375,-0.307373046875,0.56640625,0.1748046875
83,readout,,0,8,"1,0,0,0",,,,,,0.41845703125,1.9990234375,0.83642578125,0.529052734375,0.56640625,0.1748046875
83,readout,,0,9,"1,0,0,0",,,,,,-0.015869140625,-1.9990234375,0.03173828125,0.560791015625,0.56640625,0.1748046875
83,readout,,0,10,"1,0,0,0",,,,,,1.0,0.005615234375,0.005615234375,0.56640625,0.56640625,0.1748046875
83,readout,,1,0,"1,0,0,0",,,,,,-1.721923828125,0.021240234375,-0.03662109375,-0.03662109375,0.56640625,0.1748046875
83,readout,,1,1,"1,0,0,0",,,,,,0.34521484375,-0.540771484375,-0.186767578125,-0.223388671875,0.56640625,0.1748046875
83,readout,,1,2,"1,0,0,0",,,,,,-3.9990234375,0.103271484375,-0.4130859375,-0.636474609375,0.56640625,0.1748046875
83,readout,,1,3,"1,0,0,0",,,,,,-0.819091796875,0.0478515625,-0.039306640625,-0.67578125,0.56640625,0.1748046875
83,readout,,1,4,"1,0,0,0",,,,,,0.57421875,-0.000244140625,-0.000244140625,-0.676025390625,0.56640625,0.1748046875
83,readout,,1,5,"1,0,0,0",,,,,,0.280029296875,0.17724609375,0.049560546875,-0.62646484375,0.56640625,0.1748046875
83,readout,,1,6,"1,0,0,0",,,,,,-3.405517578125,-0.113525390625,0.38671875,-0.23974609375,0.56640625,0.1748046875
83,readout,,1,7,"1,0,0,0",,,,,,-3.05859375,-0.090576171875,0.277099609375,0.037353515625,0.56640625,0.1748046875
83,readout,,1,8,"1,0,0,0",,,,,,0.41845703125,0.736328125,0.30810546875,0.345458984375,0.56640625,0.1748046875
83,readout,,1,9,"1,0,0,0",,,,,,-0.015869140625,0.166015625,-0.002685546875,0.3427734375,0.56640625,0.1748046875
83,readout,,1,10,"1,0,0,0",,,,,,1.0,-0.16796875,-0.16796875,0.1748046875,0.56640625,0.1748046875
84,neuron,0,,,"1,0,0,0",-1.506591796875,-0.21142578125,0.0,-1.718017578125,0,,,,,,
84,neuron,1,,,"1,0,0,0",0.302001953125,0.04296875,0.0,0.344970703125,0,,,,,,
84,neuron,2,,,"1,0,0,0",-3.4990234375,-0.554931640625,-0.0078125,-3.9990234375,0,,,,,,
84,neuron,3,,,"1,0,0,0",-0.716796875,-0.090576171875,0.0,-0.807373046875,0,,,,,,
84,neuron,4,,,"1,0,0,0",0.50244140625,0.15283203125,0.14111328125,0.79638671875,0,,,,,,
84,neuron,5,,,"1,0,0,0",0.2451171875,0.571533203125,0.0,0.816650390625,0,,,,,,
84,neuron,6,,,"1,0,0,0",-2.979736328125,-0.427001953125,0.0,-3.40673828125,0,,,,,,
84,neuron,7,,,"1,0,0,0",-2.67626953125,-0.383056640625,0.0,-3.059326171875,0,,,,,,
84,readout,,0,0,"1,0,0,0",,,,,,-1.718017578125,-0.245849609375,0.42236328125,0.42236328125,0.55419921875,0.244140625
84,readout,,0,1,"1,0,0,0",,,,,,0.344970703125,0.25048828125,0.08642578125,0.5087890625,0.55419921875,0.244140625
84,readout,,0,2,"1,0,0,0",,,,,,-3.9990234375,-0.015380859375,0.0615234375,0.5703125,0.55419921875,0.244140625
84,readout,,0,3,"1,0,0,0",,,,,,-0.807373046875,-0.057373046875,0.04638671875,0.61669921875,0.55419921875,0.244140625
84,readout,,0,4,"1,0,0,0",,,,,,0.79638671875,0.0048828125,0.00390625,0.62060546875,0.55419921875,0.244140625
84,readout,,0,5,"1,0,0,0",,,,,,0.816650390625,0.10595703125,0.08642578125,0.70703125,0.55419921875,0.244140625
84,readout,,0,6,"1,0,0,0",,,,,,-3.40673828125,-0.00244140625,0.00830078125,0.71533203125,0.55419921875,0.244140625
84,readout,,0,7,"1,0,0,0",,,,,,-3.059326171875,0.31591796875,-0.966552734375,-0.251220703125,0.55419921875,0.244140625
84,readout,,0,8,"1,0,0,0",,,,,,0.3818359375,1.9990234375,0.76318359375,0.511962890625,0.55419921875,0.244140625
84,readout,,0,9,"1,0,0,0",,,,,,-0.018310546875,-1.9990234375,0.03662109375,0.548583984375,0.55419921875,0.244140625
84,readout,,0,10,"1,0,0,0",,,,,,1.0,0.005615234375,0.005615234375,0.55419921875,0.55419921875,0.244140625
84,readout,,1,0,"1,0,0,0",,,,,,-1.718017578125,0.021240234375,-0.036376953125,-0.036376953125,0.55419921875,0.244140625
84,readout,,1,1,"1,0,0,0",,,,,,0.344970703125,-0.540771484375,-0.1865234375,-0.222900390625,0.55419921875,0.244140625
84,readout,,1,2,"1,0,0,0",,,,,,-3.9990234375,0.103271484375,-0.4130859375,-0.635986328125,0.55419921875,0.244140625
84,readout,,1,3,"1,0,0,0",,,,,,-0.807373046875,0.0478515625,-0.03857421875,-0.674560546875,0.55419921875,0.244140625
84,readout,,1,4,"1,0,0,0",,,,,,0.79638671875,-0.000244140625,-0.000244140625,-0.6748046875,0.55419921875,0.244140625
84,readout,,1,5,"1,0,0,0",,,,,,0.816650390625,0.17724609375,0.144775390625,-0.530029296875,0.55419921875,0.244140625
84,readout,,1,6,"1,0,0,0",,,,,,-3.40673828125,-0.113525390625,0.38671875,-0.143310546875,0.55419921875,0.244140625
84,readout,,1,7,"1,0,0,0",,,,,,-3.059326171875,-0.090576171875,0.277099609375,0.1337890625,0.55419921875,0.244140625
84,readout,,1,8,"1,0,0,0",,,,,,0.3818359375,0.736328125,0.28125,0.4150390625,0.55419921875,0.244140625
84,readout,,1,9,"1,0,0,0",,,,,,-0.018310546875,0.166015625,-0.0029296875,0.412109375,0.55419921875,0.244140625
84,readout,,1,10,"1,0,0,0",,,,,,1.0,-0.16796875,-0.16796875,0.244140625,0.55419921875,0.244140625
85,neuron,0,,,"1,0,0,0",-1.503173828125,-0.21142578125,0.0,-1.714599609375,0,,,,,,
85,neuron,1,,,"1,0,0,0",0.3017578125,0.04296875,0.0,0.3447265625,0,,,,,,
85,neuron,2,,,"1,0,0,0",-3.4990234375,-0.554931640625,0.0,-3.9990234375,0,,,,,,
85,neuron,3,,,"1,0,0,0",-0.70654296875,-0.090576171875,0.0,-0.797119140625,0,,,,,,
85,neuron,4,,,"1,0,0,0",0.69677734375,0.15283203125,0.0,0.849609375,0,,,,,,
85,neuron,5,,,"1,0,0,0",0.714599609375,0.571533203125,0.0,0.2861328125,1,,,,,,
85,neuron,6,,,"1,0,0,0",-2.98095703125,-0.427001953125,0.0,-3.407958984375,0,,,,,,
85,neuron,7,,,"1,0,0,0",-2.677001953125,-0.383056640625,0.0,-3.06005859375,0,,,,,,
85,readout,,0,0,"1,0,0,0",,,,,,-1.714599609375,-0.245849609375,0.421630859375,0.421630859375,0.5244140625,0.206298828125
85,readout,,0,1,"1,0,0,0",,,,,,0.3447265625,0.25048828125,0.08642578125,0.508056640625,0.5244140625,0.206298828125
85,readout,,0,2,"1,0,0,0",,,,,,-3.9990234375,-0.015380859375,0.0615234375,0.569580078125,0.5244140625,0.206298828125
85,readout,,0,3,"1,0,0,0",,,,,,-0.797119140625,-0.057373046875,0.045654296875,0.615234375,0.5244140625,0.206298828125
85,readout,,0,4,"1,0,0,0",,,,,,0.849609375,0.0048828125,0.004150390625,0.619384765625,0.5244140625,0.206298828125
85,readout,,0,5,"1,0,0,0",,,,,,0.2861328125,0.10595703125,0.0302734375,0.649658203125,0.5244140625,0.206298828125
85,readout,,0,6,"1,0,0,0",,,,,,-3.407958984375,-0.00244140625,0.00830078125,0.657958984375,0.5244140625,0.206298828125
85,readout,,0,7,"1,0,0,0",,,,,,-3.06005859375,0.31591796875,-0.966796875,-0.308837890625,0.5244140625,0.206298828125
85,readout,,0,8,"1,0,0,0",,,,,,0.446044921875,1.9990234375,0.8916015625,0.582763671875,0.5244140625,0.206298828125
85,readout,,0,9,"1,0,0,0",,,,,,0.031982421875,-1.9990234375,-0.06396484375,0.518798828125,0.5244140625,0.206298828125
85,readout,,0,10,"1,0,0,0",,,,,,1.0,0.005615234375,0.005615234375,0.5244140625,0.5244140625,0.206298828125
85,readout,,1,0,"1,0,0,0",,,,,,-1.714599609375,0.021240234375,-0.036376953125,-0.036376953125,0.5244140625,0.206298828125
85,readout,,1,1,"1,0,0,0",,,,,,0.3447265625,-0.540771484375,-0.1865234375,-0.222900390625,0.5244140625,0.206298828125
85,readout,,1,2,"1,0,0,0",,,,,,-3.9990234375,0.103271484375,-0.4130859375,-0.635986328125,0.5244140625,0.206298828125
85,readout,,1,3,"1,0,0,0",,,,,,-0.797119140625,0.0478515625,-0.0380859375,-0.674072265625,0.5244140625,0.206298828125
85,readout,,1,4,"1,0,0,0",,,,,,0.849609375,-0.000244140625,-0.000244140625,-0.67431640625,0.5244140625,0.206298828125
85,readout,,1,5,"1,0,0,0",,,,,,0.2861328125,0.17724609375,0.05078125,-0.62353515625,0.5244140625,0.206298828125
85,readout,,1,6,"1,0,0,0",,,,,,-3.407958984375,-0.113525390625,0.386962890625,-0.236572265625,0.5244140625,0.206298828125
85,readout,,1,7,"1,0,0,0",,,,,,-3.06005859375,-0.090576171875,0.277099609375,0.04052734375,0.5244140625,0.206298828125
85,readout,,1,8,"1,0,0,0",,,,,,0.446044921875,0.736328125,0.328369140625,0.368896484375,0.5244140625,0.206298828125
85,readout,,1,9,"1,0,0,0",,,,,,0.031982421875,0.166015625,0.00537109375,0.374267578125,0.5244140625,0.206298828125
85,readout,,1,10,"1,0,0,0",,,,,,1.0,-0.16796875,-0.16796875,0.206298828125,0.5244140625,0.206298828125
86,neuron,0,,,"1,0,1,0",-1.500244140625,-0.0302734375,0.0,-1.530517578125,0,,,,,,
86,neuron,1,,,"1,0,1,0",0.3017578125,-0.487548828125,0.0,-0.185791015625,0,,,,,,
86,neuron,2,,,"1,0,1,0",-3.4990234375,-1.071044921875,-0.0078125,-3.9990234375,0,,,,,,
86,neuron,3,,,"1,0,1,0",-0.697509765625,-0.5419921875,0.0,-1.239501953125,0,,,,,,
86,neuron,4,,,"1,0,1,0",0.743408203125,0.245361328125,0.14111328125,0.1298828125,1,,,,,,
86,neuron,5,,,"1,0,1,0",0.25048828125,1.001708984375,0.0,0.252197265625,1,,,,,,
86,neuron,6,,,"1,0,1,0",-2.98193359375,-0.65673828125,0.0,-3.638671875,0,,,,,,
86,neuron,7,,,"1,0,1,0",-2.677490234375,-0.21630859375,0.0,-2.893798828125,0,,,,,,
86,readout,,0,0,"1,0,1,0",,,,,,-1.530517578125,-0.245849609375,0.376220703125,0.376220703125,0.565185546875,0.545166015625
86,readout,,0,1,"1,0,1,0",,,,,,-0.185791015625,0.25048828125,-0.046630859375,0.32958984375,0.565185546875,0.545166015625
86,readout,,0,2,"1,0,1,0",,,,,,-3.9990234375,-0.015380859375,0.0615234375,0.39111328125,0.565185546875,0.545166015625
86,readout,,0,3,"1,0,1,0",,,,,,-1.239501953125,-0.057373046875,0.071044921875,0.462158203125,0.565185546875,0.545166015625
86,readout,,0,4,"1,0,1,0",,,,,,0.1298828125,0.0048828125,0.000732421875,0.462890625,0.565185546875,0.545166015625
86,readout,,0,5,"1,0,1,0",,,,,,0.252197265625,0.10595703125,0.026611328125,0.489501953125,0.565185546875,0.545166015625
86,readout,,0,6,"1,0,1,0",,,,,,-3.638671875,-0.00244140625,0.0087890625,0.498291015625,0.565185546875,0.545166015625
86,readout,,0,7,"1,0,1,0",,,,,,-2.893798828125,0.31591796875,-0.914306640625,-0.416015625,0.565185546875,0.545166015625
86,readout,,0,8,"1,0,1,0",,,,,,0.530029296875,1.9990234375,1.0595703125,0.6435546875,0.565185546875,0.545166015625
86,readout,,0,9,"1,0,1,0",,,,,,0.0419921875,-1.9990234375,-0.083984375,0.5595703125,0.565185546875,0.545166015625
86,readout,,0,10,"1,0,1,0",,,,,,1.0,0.005615234375,0.005615234375,0.565185546875,0.565185546875,0.545166015625
86,readout,,1,0,"1,0,1,0",,,,,,-1.530517578125,0.021240234375,-0.032470703125,-0.032470703125,0.565185546875,0.545166015625
86,readout,,1,1,"1,0,1,0",,,,,,-0.185791015625,-0.540771484375,0.1005859375,0.068115234375,0.565185546875,0.545166015625
86,readout,,1,2,"1,0,1,0",,,,,,-3.9990234375,0.103271484375,-0.4130859375,-0.344970703125,0.565185546875,0.545166015625
86,readout,,1,3,"1,0,1,0",,,,,,-1.239501953125,0.0478515625,-0.059326171875,-0.404296875,0.565185546875,0.545166015625
86,readout,,1,4,"1,0,1,0",,,,,,0.1298828125,-0.000244140625,0.0,-0.404296875,0.565185546875,0.545166015625
86,readout,,1,5,"1,0,1,0",,,,,,0.252197265625,0.17724609375,0.044677734375,-0.359619140625,0.565185546875,0.545166015625
86,readout,,1,6,"1,0,1,0",,,,,,-3.638671875,-0.113525390625,0.4130859375,0.053466796875,0.565185546875,0.545166015625
86,readout,,1,7,"1,0,1,0",,,,,,-2.893798828125,-0.090576171875,0.26220703125,0.315673828125,0.565185546875,0.545166015625
86,readout,,1,8,"1,0,1,0",,,,,,0.530029296875,0.736328125,0.390380859375,0.7060546875,0.565185546875,0.545166015625
86,readout,,1,9,"1,0,1,0",,,,,,0.0419921875,0.166015625,0.007080078125,0.713134765625,0.565185546875,0.545166015625
86,readout,,1,10,"1,0,1,0",,,,,,1.0,-0.16796875,-0.16796875,0.545166015625,0.565185546875,0.545166015625
87,neuron,0,,,"1,0,0,0",-1.339111328125,-0.21142578125,0.0,-1.550537109375,0,,,,,,
87,neuron,1,,,"1,0,0,0",-0.16259765625,0.04296875,0.052001953125,-0.067626953125,0,,,,,,
87,neuron,2,,,"1,0,0,0",-3.4990234375,-0.554931640625,-0.0078125,-3.9990234375,0,,,,,,
87,neuron,3,,,"1,0,0,0",-1.08447265625,-0.090576171875,0.0,-1.175048828125,0,,,,,,
87,neuron,4,,,"1,0,0,0",0.11376953125,0.15283203125,0.14111328125,0.40771484375,0,,,,,,
87,neuron,5,,,"1,0,0,0",0.220703125,0.571533203125,-0.02685546875,0.765380859375,0,,,,,,
87,neuron,6,,,"1,0,0,0",-3.183837890625,-0.427001953125,0.0,-3.61083984375,0,,,,,,
87,neuron,7,,,"1,0,0,0",-2.531982421875,-0.383056640625,0.0,-2.9150390625,0,,,,,,
87,readout,,0,0,"1,0,0,0",,,,,,-1.550537109375,-0.245849609375,0.381103515625,0.381103515625,0.685791015625,0.530517578125
87,readout,,0,1,"1,0,0,0",,,,,,-0.067626953125,0.25048828125,-0.016845703125,0.3642578125,0.685791015625,0.530517578125
87,readout,,0,2,"1,0,0,0",,,,,,-3.9990234375,-0.015380859375,0.0615234375,0.42578125,0.685791015625,0.530517578125
87,readout,,0,3,"1,0,0,0",,,,,,-1.175048828125,-0.057373046875,0.0673828125,0.4931640625,0.685791015625,0.530517578125
87,readout,,0,4,"1,0,0,0",,,,,,0.40771484375,0.0048828125,0.001953125,0.4951171875,0.685791015625,0.530517578125
87,readout,,0,5,"1,0,0,0",,,,,,0.765380859375,0.10595703125,0.0810546875,0.576171875,0.685791015625,0.530517578125
87,readout,,0,6,"1,0,0,0",,,,,,-3.61083984375,-0.00244140625,0.0087890625,0.5849609375,0.685791015625,0.530517578125
87,readout,,0,7,"1,0,0,0",,,,,,-2.9150390625,0.31591796875,-0.9208984375,-0.3359375,0.685791015625,0.530517578125
87,readout,,0,8,"1,0,0,0",,,,,,0.486328125,1.9990234375,0.97216796875,0.63623046875,0.685791015625,0.530517578125
87,readout,,0,9,"1,0,0,0",,,,,,-0.02197265625,-1.9990234375,0.0439453125,0.68017578125,0.685791015625,0.530517578125
87,readout,,0,10,"1,0,0,0",,,,,,1.0,0.005615234375,0.005615234375,0.685791015625,0.685791015625,0.530517578125
87,readout,,1,0,"1,0,0,0",,,,,,-1.550537109375,0.021240234375,-0.032958984375,-0.032958984375,0.685791015625,0.530517578125
87,readout,,1,1,"1,0,0,0",,,,,,-0.067626953125,-0.540771484375,0.03662109375,0.003662109375,0.685791015625,0.530517578125
87,readout,,1,2,"1,0,0,0",,,,,,-3.9990234375,0.103271484375,-0.4130859375,-0.409423828125,0.685791015625,0.530517578125
87,readout,,1,3,"1,0,0,0",,,,,,-1.175048828125,0.0478515625,-0.05615234375,-0.465576171875,0.685791015625,0.530517578125
87,readout,,1,4,"1,0,0,0",,,,,,0.40771484375,-0.000244140625,0.0,-0.465576171875,0.685791015625,0.530517578125
87,readout,,1,5,"1,0,0,0",,,,,,0.765380859375,0.17724609375,0.1357421875,-0.329833984375,0.685791015625,0.530517578125
87,readout,,1,6,"1,0,0,0",,,,,,-3.61083984375,-0.113525390625,0.409912109375,0.080078125,0.685791015625,0.530517578125
87,readout,,1,7,"1,0,0,0",,,,,,-2.9150390625,-0.090576171875,0.263916015625,0.343994140625,0.685791015625,0.530517578125
87,readout,,1,8,"1,0,0,0",,,,,,0.486328125,0.736328125,0.358154296875,0.7021484375,0.685791015625,0.530517578125
87,readout,,1,9,"1,0,0,0",,,,,,-0.02197265625,0.166015625,-0.003662109375,0.698486328125,0.685791015625,0.530517578125
87,readout,,1,10,"1,0,0,0",,,,,,1.0,-0.16796875,-0.16796875,0.530517578125,0.685791015625,0.530517578125
88,neuron,0,,,"1,0,0,0",-1.356689453125,-0.21142578125,0.0,-1.568115234375,0,,,,,,
88,neuron,1,,,"1,0,0,0",-0.05908203125,0.04296875,0.0,-0.01611328125,0,,,,,,
88,neuron,2,,,"1,0,0,0",-3.4990234375,-0.554931640625,0.0,-3.9990234375,0,,,,,,
88,neuron,3,,,"1,0,0,0",-1.028076171875,-0.090576171875,0.0,-1.11865234375,0,,,,,,
88,neuron,4,,,"1,0,0,0",0.356689453125,0.15283203125,0.0,0.509521484375,0,,,,,,
88,neuron,5,,,"1,0,0,0",0.669677734375,0.571533203125,0.0,0.2412109375,1,,,,,,
88,neuron,6,,,"1,0,0,0",-3.159423828125,-0.427001953125,0.0,-3.58642578125,0,,,,,,
88,neuron,7,,,"1,0,0,0",-2.55078125,-0.383056640625,0.0,-2.933837890625,0,,,,,,
88,readout,,0,0,"1,0,0,0",,,,,,-1.568115234375,-0.245849609375,0.385498046875,0.385498046875,0.559814453125,0.3857421875
88,readout,,0,1,"1,0,0,0",,,,,,-0.01611328125,0.25048828125,-0.004150390625,0.38134765625,0.559814453125,0.3857421875
88,readout,,0,2,"1,0,0,0",,,,,,-3.9990234375,-0.015380859375,0.0615234375,0.44287109375,0.559814453125,0.3857421875
88,readout,,0,3,"1,0,0,0",,,,,,-1.11865234375,-0.057373046875,0.064208984375,0.507080078125,0.559814453125,0.3857421875
88,readout,,0,4,"1,0,0,0",,,,,,0.509521484375,0.0048828125,0.00244140625,0.509521484375,0.559814453125,0.3857421875
88,readout,,0,5,"1,0,0,0",,,,,,0.2412109375,0.10595703125,0.025634765625,0.53515625,0.559814453125,0.3857421875
88,readout,,0,6,"1,0,0,0",,,,,,-3.58642578125,-0.00244140625,0.0087890625,0.5439453125,0.559814453125,0.3857421875
88,readout,,0,7,"1,0,0,0",,,,,,-2.933837890625,0.31591796875,-0.9267578125,-0.3828125,0.559814453125,0.3857421875
88,readout,,0,8,"1,0,0,0",,,,,,0.451171875,1.9990234375,0.90185546875,0.51904296875,0.559814453125,0.3857421875
88,readout,,0,9,"1,0,0,0",,,,,,-0.017578125,-1.9990234375,0.03515625,0.55419921875,0.559814453125,0.3857421875
88,readout,,0,10,"1,0,0,0",,,,,,1.0,0.005615234375,0.005615234375,0.559814453125,0.559814453125,0.3857421875
88,readout,,1,0,"1,0,0,0",,,,,,-1.568115234375,0.021240234375,-0.033203125,-0.033203125,0.559814453125,0.3857421875
88,readout,,1,1,"1,0,0,0",,,,,,-0.01611328125,-0.540771484375,0.0087890625,-0.0244140625,0.559814453125,0.3857421875
88,readout,,1,2,"1,0,0,0",,,,,,-3.9990234375,0.103271484375,-0.4130859375,-0.4375,0.559814453125,0.3857421875
88,readout,,1,3,"1,0,0,0",,,,,,-1.11865234375,0.0478515625,-0.053466796875,-0.490966796875,0.559814453125,0.3857421875
88,readout,,1,4,"1,0,0,0",,,,,,0.509521484375,-0.000244140625,-0.000244140625,-0.4912109375,0.559814453125,0.3857421875
88,readout,,1,5,"1,0,0,0",,,,,,0.2412109375,0.17724609375,0.042724609375,-0.448486328125,0.559814453125,0.3857421875
88,readout,,1,6,"1,0,0,0",,,,,,-3.58642578125,-0.113525390625,0.4072265625,-0.041259765625,0.559814453125,0.3857421875
88,readout,,1,7,"1,0,0,0",,,,,,-2.933837890625,-0.090576171875,0.265625,0.224365234375,0.559814453125,0.3857421875
88,readout,,1,8,"1,0,0,0",,,,,,0.451171875,0.736328125,0.332275390625,0.556640625,0.559814453125,0.3857421875
88,readout,,1,9,"1,0,0,0",,,,,,-0.017578125,0.166015625,-0.0029296875,0.5537109375,0.559814453125,0.3857421875
88,readout,,1,10,"1,0,0,0",,,,,,1.0,-0.16796875,-0.16796875,0.3857421875,0.559814453125,0.3857421875
89,neuron,0,,,"1,0,0,0",-1.3720703125,-0.21142578125,0.0,-1.58349609375,0,,,,,,
89,neuron,1,,,"1,0,0,0",-0.01416015625,0.04296875,0.0,0.02880859375,0,,,,,,
89,neuron,2,,,"1,0,0,0",-3.4990234375,-0.554931640625,-0.0078125,-3.9990234375,0,,,,,,
89,neuron,3,,,"1,0,0,0",-0.978759765625,-0.090576171875,0.0,-1.0693359375,0,,,,,,
89,neuron,4,,,"1,0,0,0",0.44580078125,0.15283203125,0.14111328125,0.73974609375,0,,,,,,
89,neuron,5,,,"1,0,0,0",0.2109375,0.571533203125,0.0,0.782470703125,0,,,,,,
89,neuron,6,,,"1,0,0,0",-3.13818359375,-0.427001953125,0.0,-3.565185546875,0,,,,,,
89,neuron,7,,,"1,0,0,0",-2.567138671875,-0.383056640625,0.0,-2.9501953125,0,,,,,,
89,readout,,0,0,"1,0,0,0",,,,,,-1.58349609375,-0.245849609375,0.389404296875,0.389404296875,0.56005859375,0.436279296875
89,readout,,0,1,"1,0,0,0",,,,,,0.02880859375,0.25048828125,0.00732421875,0.396728515625,0.56005859375,0.436279296875
89,readout,,0,2,"1,0,0,0",,,,,,-3.9990234375,-0.015380859375,0.0615234375,0.458251953125,0.56005859375,0.436279296875
89,readout,,0,3,"1,0,0,0",,,,,,-1.0693359375,-0.057373046875,0.061279296875,0.51953125,0.56005859375,0.436279296875
89,readout,,0,4,"1,0,0,0",,,,,,0.73974609375,0.0048828125,0.003662109375,0.523193359375,0.56005859375,0.436279296875
89,readout,,0,5,"1,0,0,0",,,,,,0.782470703125,0.10595703125,0.0830078125,0.606201171875,0.56005859375,0.436279296875
89,readout,,0,6,"1,0,0,0",,,,,,-3.565185546875,-0.00244140625,0.0087890625,0.614990234375,0.56005859375,0.436279296875
89,readout,,0,7,"1,0,0,0",,,,,,-2.9501953125,0.31591796875,-0.93212890625,-0.317138671875,0.56005859375,0.436279296875
89,readout,,0,8,"1,0,0,0",,,,,,0.4208984375,1.9990234375,0.84130859375,0.524169921875,0.56005859375,0.436279296875
89,readout,,0,9,"1,0,0,0",,,,,,-0.01513671875,-1.9990234375,0.0302734375,0.554443359375,0.56005859375,0.436279296875
89,readout,,0,10,"1,0,0,0",,,,,,1.0,0.005615234375,0.005615234375,0.56005859375,0.56005859375,0.436279296875
89,readout,,1,0,"1,0,0,0",,,,,,-1.58349609375,0.021240234375,-0.03369140625,-0.03369140625,0.56005859375,0.436279296875
89,readout,,1,1,"1,0,0,0",,,,,,0.02880859375,-0.540771484375,-0.015625,-0.04931640625,0.56005859375,0.436279296875
89,readout,,1,2,"1,0,0,0",,,,,,-3.9990234375,0.103271484375,-0.4130859375,-0.46240234375,0.56005859375,0.436279296875
89,readout,,1,3,"1,0,0,0",,,,,,-1.0693359375,0.0478515625,-0.05126953125,-0.513671875,0.56005859375,0.436279296875
89,readout,,1,4,"1,0,0,0",,,,,,0.73974609375,-0.000244140625,-0.000244140625,-0.513916015625,0.56005859375,0.436279296875
89,readout,,1,5,"1,0,0,0",,,,,,0.782470703125,0.17724609375,0.138671875,-0.375244140625,0.56005859375,0.436279296875
89,readout,,1,6,"1,0,0,0",,,,,,-3.565185546875,-0.113525390625,0.40478515625,0.029541015625,0.56005859375,0.436279296875
89,readout,,1,7,"1,0,0,0",,,,,,-2.9501953125,-0.090576171875,0.267333984375,0.296875,0.56005859375,0.436279296875
89,readout,,1,8,"1,0,0,0",,,,,,0.4208984375,0.736328125,0.309814453125,0.606689453125,0.56005859375,0.436279296875
89,readout,,1,9,"1,0,0,0",,,,,,-0.01513671875,0.166015625,-0.00244140625,0.604248046875,0.56005859375,0.436279296875
89,readout,,1,10,"1,0,0,0",,,,,,1.0,-0.16796875,-0.16796875,0.436279296875,0.56005859375,0.436279296875
90,neuron,0,,,"1,0,0,0",-1.385498046875,-0.21142578125,0.0,-1.596923828125,0,,,,,,
90,neuron,1,,,"1,0,0,0",0.025146484375,0.04296875,0.0,0.068115234375,0,,,,,,
90,neuron,2,,,"1,0,0,0",-3.4990234375,-0.554931640625,0.0,-3.9990234375,0,,,,,,
90,neuron,3,,,"1,0,0,0",-0.935546875,-0.090576171875,0.0,-1.026123046875,0,,,,,,
90,neuron,4,,,"1,0,0,0",0.647216796875,0.15283203125,0.0,0.800048828125,0,,,,,,
90,neuron,5,,,"1,0,0,0",0.6845703125,0.571533203125,0.0,0.256103515625,1,,,,,,
90,neuron,6,,,"1,0,0,0",-3.11962890625,-0.427001953125,0.0,-3.546630859375,0,,,,,,
90,neuron,7,,,"1,0,0,0",-2.58154296875,-0.383056640625,0.0,-2.964599609375,0,,,,,,
90,readout,,0,0,"1,0,0,0",,,,,,-1.596923828125,-0.245849609375,0.392578125,0.392578125,0.5224609375,0.360107421875
90,readout,,0,1,"1,0,0,0",,,,,,0.068115234375,0.25048828125,0.01708984375,0.40966796875,0.5224609375,0.360107421875
90,readout,,0,2,"1,0,0,0",,,,,,-3.9990234375,-0.015380859375,0.0615234375,0.47119140625,0.5224609375,0.360107421875
90,readout,,0,3,"1,0,0,0",,,,,,-1.026123046875,-0.057373046875,0.058837890625,0.530029296875,0.5224609375,0.360107421875
90,readout,,0,4,"1,0,0,0",,,,,,0.800048828125,0.0048828125,0.00390625,0.533935546875,0.5224609375,0.360107421875
90,readout,,0,5,"1,0,0,0",,,,,,0.256103515625,0.10595703125,0.027099609375,0.56103515625,0.5224609375,0.360107421875
90,readout,,0,6,"1,0,0,0",,,,,,-3.546630859375,-0.00244140625,0.008544921875,0.569580078125,0.5224609375,0.360107421875
90,readout,,0,7,"1,0,0,0",,,,,,-2.964599609375,0.31591796875,-0.9365234375,-0.366943359375,0.5224609375,0.360107421875
90,readout,,0,8,"1,0,0,0",,,,,,0.46337890625,1.9990234375,0.92626953125,0.559326171875,0.5224609375,0.360107421875
90,readout,,0,9,"1,0,0,0",,,,,,0.021240234375,-1.9990234375,-0.04248046875,0.516845703125,0.5224609375,0.360107421875
90,readout,,0,10,"1,0,0,0",,,,,,1.0,0.005615234375,0.005615234375,0.5224609375,0.5224609375,0.360107421875
90,readout,,1,0,"1,0,0,0",,,,,,-1.596923828125,0.021240234375,-0.033935546875,-0.033935546875,0.5224609375,0.360107421875
90,readout,,1,1,"1,0,0,0",,,,,,0.068115234375,-0.540771484375,-0.036865234375,-0.07080078125,0.5224609375,0.360107421875
90,readout,,1,2,"1,0,0,0",,,,,,-3.9990234375,0.103271484375,-0.4130859375,-0.48388671875,0.5224609375,0.360107421875
90,readout,,1,3,"1,0,0,0",,,,,,-1.026123046875,0.0478515625,-0.049072265625,-0.532958984375,0.5224609375,0.360107421875
90,readout,,1,4,"1,0,0,0",,,,,,0.800048828125,-0.000244140625,-0.000244140625,-0.533203125,0.5224609375,0.360107421875
90,readout,,1,5,"1,0,0,0",,,,,,0.256103515625,0.17724609375,0.04541015625,-0.48779296875,0.5224609375,0.360107421875
90,readout,,1,6,"1,0,0,0",,,,,,-3.546630859375,-0.113525390625,0.402587890625,-0.085205078125,0.5224609375,0.360107421875
90,readout,,1,7,"1,0,0,0",,,,,,-2.964599609375,-0.090576171875,0.2685546875,0.183349609375,0.5224609375,0.360107421875
90,readout,,1,8,"1,0,0,0",,,,,,0.46337890625,0.736328125,0.34130859375,0.524658203125,0.5224609375,0.360107421875
90,readout,,1,9,"1,0,0,0",,,,,,0.021240234375,0.166015625,0.00341796875,0.528076171875,0.5224609375,0.360107421875
90,readout,,1,10,"1,0,0,0",,,,,,1.0,-0.16796875,-0.16796875,0.360107421875,0.5224609375,0.360107421875
91,neuron,0,,,"1,0,0,0",-1.397216796875,-0.21142578125,0.0,-1.608642578125,0,,,,,,
91,neuron,1,,,"1,0,0,0",0.0595703125,0.04296875,0.0,0.1025390625,0,,,,,,
91,neuron,2,,,"1,0,0,0",-3.4990234375,-0.554931640625,-0.0078125,-3.9990234375,0,,,,,,
91,neuron,3,,,"1,0,0,0",-0.89794921875,-0.090576171875,0.0,-0.988525390625,0,,,,,,
91,neuron,4,,,"1,0,0,0",0.699951171875,0.15283203125,0.14111328125,0.993896484375,0,,,,,,
91,neuron,5,,,"1,0,0,0",0.22412109375,0.571533203125,0.0,0.795654296875,0,,,,,,
91,neuron,6,,,"1,0,0,0",-3.103271484375,-0.427001953125,0.0,-3.5302734375,0,,,,,,
91,neuron,7,,,"1,0,0,0",-2.593994140625,-0.383056640625,0.0,-2.97705078125,0,,,,,,
91,readout,,0,0,"1,0,0,0",,,,,,-1.608642578125,-0.245849609375,0.3955078125,0.3955078125,0.6552734375,0.45654296875
91,readout,,0,1,"1,0,0,0",,,,,,0.1025390625,0.25048828125,0.025634765625,0.421142578125,0.6552734375,0.45654296875
91,readout,,0,2,"1,0,0,0",,,,,,-3.9990234375,-0.015380859375,0.0615234375,0.482666015625,0.6552734375,0.45654296875
91,readout,,0,3,"1,0,0,0",,,,,,-0.988525390625,-0.057373046875,0.056640625,0.539306640625,0.6552734375,0.45654296875
91,readout,,0,4,"1,0,0,0",,,,,,0.993896484375,0.0048828125,0.0048828125,0.544189453125,0.6552734375,0.45654296875
91,readout,,0,5,"1,0,0,0",,,,,,0.795654296875,0.10595703125,0.084228515625,0.62841796875,0.6552734375,0.45654296875
91,readout,,0,6,"1,0,0,0",,,,,,-3.5302734375,-0.00244140625,0.008544921875,0.636962890625,0.6552734375,0.45654296875
91,readout,,0,7,"1,0,0,0",,,,,,-2.97705078125,0.31591796875,-0.9404296875,-0.303466796875,0.6552734375,0.45654296875
91,readout,,0,8,"1,0,0,0",,,,,,0.490234375,1.9990234375,0.97998046875,0.676513671875,0.6552734375,0.45654296875
91,readout,,0,9,"1,0,0,0",,,,,,0.013427734375,-1.9990234375,-0.02685546875,0.649658203125,0.6552734375,0.45654296875
91,readout,,0,10,"1,0,0,0",,,,,,1.0,0.005615234375,0.005615234375,0.6552734375,0.6552734375,0.45654296875
91,readout,,1,0,"1,0,0,0",,,,,,-1.608642578125,0.021240234375,-0.0341796875,-0.0341796875,0.6552734375,0.45654296875
91,readout,,1,1,"1,0,0,0",,,,,,0.1025390625,-0.540771484375,-0.055419921875,-0.089599609375,0.6552734375,0.45654296875
91,readout,,1,2,"1,0,0,0",,,,,,-3.9990234375,0.103271484375,-0.4130859375,-0.502685546875,0.6552734375,0.45654296875
91,readout,,1,3,"1,0,0,0",,,,,,-0.988525390625,0.0478515625,-0.04736328125,-0.550048828125,0.6552734375,0.45654296875
91,readout,,1,4,"1,0,0,0",,,,,,0.993896484375,-0.000244140625,-0.000244140625,-0.55029296875,0.6552734375,0.45654296875
91,readout,,1,5,"1,0,0,0",,,,,,0.795654296875,0.17724609375,0.14111328125,-0.4091796875,0.6552734375,0.45654296875
91,readout,,1,6,"1,0,0,0",,,,,,-3.5302734375,-0.113525390625,0.40087890625,-0.00830078125,0.6552734375,0.45654296875
91,readout,,1,7,"1,0,0,0",,,,,,-2.97705078125,-0.090576171875,0.26953125,0.26123046875,0.6552734375,0.45654296875
91,readout,,1,8,"1,0,0,0",,,,,,0.490234375,0.736328125,0.361083984375,0.622314453125,0.6552734375,0.45654296875
91,readout,,1,9,"1,0,0,0",,,,,,0.013427734375,0.166015625,0.002197265625,0.62451171875,0.6552734375,0.45654296875
91,readout,,1,10,"1,0,0,0",,,,,,1.0,-0.16796875,-0.16796875,0.45654296875,0.6552734375,0.45654296875
92,neuron,0,,,"1,0,0,0",-1.407470703125,-0.21142578125,0.0,-1.618896484375,0,,,,,,
92,neuron,1,,,"1,0,0,0",0.08984375,0.04296875,0.0,0.1328125,0,,,,,,
92,neuron,2,,,"1,0,0,0",-3.4990234375,-0.554931640625,0.0,-3.9990234375,0,,,,,,
92,neuron,3,,,"1,0,0,0",-0.864990234375,-0.090576171875,0.0,-0.95556640625,0,,,,,,
92,neuron,4,,,"1,0,0,0",0.86962890625,0.15283203125,0.0,0.0224609375,1,,,,,,
92,neuron,5,,,"1,0,0,0",0.6962890625,0.571533203125,0.0,0.267822265625,1,,,,,,
92,neuron,6,,,"1,0,0,0",-3.0888671875,-0.427001953125,0.0,-3.515869140625,0,,,,,,
92,neuron,7,,,"1,0,0,0",-2.60498046875,-0.383056640625,0.0,-2.988037109375,0,,,,,,
92,readout,,0,0,"1,0,0,0",,,,,,-1.618896484375,-0.245849609375,0.39794921875,0.39794921875,0.61083984375,0.3330078125
92,readout,,0,1,"1,0,0,0",,,,,,0.1328125,0.25048828125,0.033203125,0.43115234375,0.61083984375,0.3330078125
92,readout,,0,2,"1,0,0,0",,,,,,-3.9990234375,-0.015380859375,0.0615234375,0.49267578125,0.61083984375,0.3330078125
92,readout,,0,3,"1,0,0,0",,,,,,-0.95556640625,-0.057373046875,0.054931640625,0.547607421875,0.61083984375,0.3330078125
92,readout,,0,4,"1,0,0,0",,,,,,0.0224609375,0.0048828125,0.0,0.547607421875,0.61083984375,0.3330078125
92,readout,,0,5,"1,0,0,0",,,,,,0.267822265625,0.10595703125,0.0283203125,0.575927734375,0.61083984375,0.3330078125
92,readout,,0,6,"1,0,0,0",,,,,,-3.515869140625,-0.00244140625,0.008544921875,0.58447265625,0.61083984375,0.3330078125
92,readout,,0,7,"1,0,0,0",,,,,,-2.988037109375,0.31591796875,-0.944091796875,-0.359619140625,0.61083984375,0.3330078125
92,readout,,0,8,"1,0,0,0",,,,,,0.47509765625,1.9990234375,0.94970703125,0.590087890625,0.61083984375,0.3330078125
92,readout,,0,9,"1,0,0,0",,,,,,-0.007568359375,-1.9990234375,0.01513671875,0.605224609375,0.61083984375,0.3330078125
92,readout,,0,10,"1,0,0,0",,,,,,1.0,0.005615234375,0.005615234375,0.61083984375,0.61083984375,0.3330078125
92,readout,,1,0,"1,0,0,0",,,,,,-1.618896484375,0.021240234375,-0.034423828125,-0.034423828125,0.61083984375,0.3330078125
92,readout,,1,1,"1,0,0,0",,,,,,0.1328125,-0.540771484375,-0.07177734375,-0.106201171875,0.61083984375,0.3330078125
92,readout,,1,2,"1,0,0,0",,,,,,-3.9990234375,0.103271484375,-0.4130859375,-0.519287109375,0.61083984375,0.3330078125
92,readout,,1,3,"1,0,0,0",,,,,,-0.95556640625,0.0478515625,-0.045654296875,-0.56494140625,0.61083984375,0.3330078125
92,readout,,1,4,"1,0,0,0",,,,,,0.0224609375,-0.000244140625,0.0,-0.56494140625,0.61083984375,0.3330078125
92,readout,,1,5,"1,0,0,0",,,,,,0.267822265625,0.17724609375,0.04736328125,-0.517578125,0.61083984375,0.3330078125
92,readout,,1,6,"1,0,0,0",,,,,,-3.515869140625,-0.113525390625,0.399169921875,-0.118408203125,0.61083984375,0.3330078125
92,readout,,1,7,"1,0,0,0",,,,,,-2.988037109375,-0.090576171875,0.270751953125,0.15234375,0.61083984375,0.3330078125
92,readout,,1,8,"1,0,0,0",,,,,,0.47509765625,0.736328125,0.349853515625,0.502197265625,0.61083984375,0.3330078125
92,readout,,1,9,"1,0,0,0",,,,,,-0.007568359375,0.166015625,-0.001220703125,0.5009765625,0.61083984375,0.3330078125
92,readout,,1,10,"1,0,0,0",,,,,,1.0,-0.16796875,-0.16796875,0.3330078125,0.61083984375,0.3330078125
93,neuron,0,,,"1,0,0,0",-1.41650390625,-0.21142578125,0.0,-1.6279296875,0,,,,,,
93,neuron,1,,,"1,0,0,0",0.1162109375,0.04296875,0.052001953125,0.211181640625,0,,,,,,
93,neuron,2,,,"1,0,0,0",-3.4990234375,-0.554931640625,-0.0078125,-3.9990234375,0,,,,,,
93,neuron,3,,,"1,0,0,0",-0.836181640625,-0.090576171875,0.0,-0.9267578125,0,,,,,,
93,neuron,4,,,"1,0,0,0",0.01953125,0.15283203125,0.14111328125,0.3134765625,0,,,,,,
93,neuron,5,,,"1,0,0,0",0.234375,0.571533203125,-0.02685546875,0.779052734375,0,,,,,,
93,neuron,6,,,"1,0,0,0",-3.076416015625,-0.427001953125,0.0,-3.50341796875,0,,,,,,
93,neuron,7,,,"1,0,0,0",-2.614501953125,-0.383056640625,0.0,-2.99755859375,0,,,,,,
93,readout,,0,0,"1,0,0,0",,,,,,-1.6279296875,-0.245849609375,0.400146484375,0.400146484375,0.678955078125,0.39111328125
93,readout,,0,1,"1,0,0,0",,,,,,0.211181640625,0.25048828125,0.052978515625,0.453125,0.678955078125,0.39111328125
93,readout,,0,2,"1,0,0,0",,,,,,-3.9990234375,-0.015380859375,0.0615234375,0.5146484375,0.678955078125,0.39111328125
93,readout,,0,3,"1,0,0,0",,,,,,-0.9267578125,-0.057373046875,0.05322265625,0.56787109375,0.678955078125,0.39111328125
93,readout,,0,4,"1,0,0,0",,,,,,0.3134765625,0.0048828125,0.00146484375,0.5693359375,0.678955078125,0.39111328125
93,readout,,0,5,"1,0,0,0",,,,,,0.779052734375,0.10595703125,0.08251953125,0.65185546875,0.678955078125,0.39111328125
93,readout,,0,6,"1,0,0,0",,,,,,-3.50341796875,-0.00244140625,0.008544921875,0.660400390625,0.678955078125,0.39111328125
93,readout,,0,7,"1,0,0,0",,,,,,-2.99755859375,0.31591796875,-0.947021484375,-0.28662109375,0.678955078125,0.39111328125
93,readout,,0,8,"1,0,0,0",,,,,,0.4853515625,1.9990234375,0.97021484375,0.68359375,0.678955078125,0.39111328125
93,readout,,0,9,"1,0,0,0",,,,,,0.005126953125,-1.9990234375,-0.01025390625,0.67333984375,0.678955078125,0.39111328125
93,readout,,0,10,"1,0,0,0",,,,,,1.0,0.005615234375,0.005615234375,0.678955078125,0.678955078125,0.39111328125
93,readout,,1,0,"1,0,0,0",,,,,,-1.6279296875,0.021240234375,-0.03466796875,-0.03466796875,0.678955078125,0.39111328125
93,readout,,1,1,"1,0,0,0",,,,,,0.211181640625,-0.540771484375,-0.1142578125,-0.14892578125,0.678955078125,0.39111328125
93,readout,,1,2,"1,0,0,0",,,,,,-3.9990234375,0.103271484375,-0.4130859375,-0.56201171875,0.678955078125,0.39111328125
93,readout,,1,3,"1,0,0,0",,,,,,-0.9267578125,0.0478515625,-0.04443359375,-0.6064453125,0.678955078125,0.39111328125
93,readout,,1,4,"1,0,0,0",,,,,,0.3134765625,-0.000244140625,0.0,-0.6064453125,0.678955078125,0.39111328125
93,readout,,1,5,"1,0,0,0",,,,,,0.779052734375,0.17724609375,0.13818359375,-0.46826171875,0.678955078125,0.39111328125
93,readout,,1,6,"1,0,0,0",,,,,,-3.50341796875,-0.113525390625,0.397705078125,-0.070556640625,0.678955078125,0.39111328125
93,readout,,1,7,"1,0,0,0",,,,,,-2.99755859375,-0.090576171875,0.271484375,0.200927734375,0.678955078125,0.39111328125
93,readout,,1,8,"1,0,0,0",,,,,,0.4853515625,0.736328125,0.357421875,0.558349609375,0.678955078125,0.39111328125
93,readout,,1,9,"1,0,0,0",,,,,,0.005126953125,0.166015625,0.000732421875,0.55908203125,0.678955078125,0.39111328125
93,readout,,1,10,"1,0,0,0",,,,,,1.0,-0.16796875,-0.16796875,0.39111328125,0.678955078125,0.39111328125
94,neuron,0,,,"1,0,0,0",-1.42431640625,-0.21142578125,0.0,-1.6357421875,0,,,,,,
94,neuron,1,,,"1,0,0,0",0.184814453125,0.04296875,0.0,0.227783203125,0,,,,,,
94,neuron,2,,,"1,0,0,0",-3.4990234375,-0.554931640625,0.0,-3.9990234375,0,,,,,,
94,neuron,3,,,"1,0,0,0",-0.81103515625,-0.090576171875,0.0,-0.901611328125,0,,,,,,
94,neuron,4,,,"1,0,0,0",0.2744140625,0.15283203125,0.0,0.42724609375,0,,,,,,
94,neuron,5,,,"1,0,0,0",0.681640625,0.571533203125,0.0,0.253173828125,1,,,,,,
94,neuron,6,,,"1,0,0,0",-3.0654296875,-0.427001953125,0.0,-3.492431640625,0,,,,,,
94,neuron,7,,,"1,0,0,0",-2.622802734375,-0.383056640625,0.0,-3.005859375,0,,,,,,
94,readout,,0,0,"1,0,0,0",,,,,,-1.6357421875,-0.245849609375,0.402099609375,0.402099609375,0.587890625,0.248779296875
94,readout,,0,1,"1,0,0,0",,,,,,0.227783203125,0.25048828125,0.05712890625,0.459228515625,0.587890625,0.248779296875
94,readout,,0,2,"1,0,0,0",,,,,,-3.9990234375,-0.015380859375,0.0615234375,0.520751953125,0.587890625,0.248779296875
94,readout,,0,3,"1,0,0,0",,,,,,-0.901611328125,-0.057373046875,0.0517578125,0.572509765625,0.587890625,0.248779296875
94,readout,,0,4,"1,0,0,0",,,,,,0.42724609375,0.0048828125,0.002197265625,0.57470703125,0.587890625,0.248779296875
94,readout,,0,5,"1,0,0,0",,,,,,0.253173828125,0.10595703125,0.02685546875,0.6015625,0.587890625,0.248779296875
94,readout,,0,6,"1,0,0,0",,,,,,-3.492431640625,-0.00244140625,0.008544921875,0.610107421875,0.587890625,0.248779296875
94,readout,,0,7,"1,0,0,0",,,,,,-3.005859375,0.31591796875,-0.94970703125,-0.339599609375,0.587890625,0.248779296875
94,readout,,0,8,"1,0,0,0",,,,,,0.436767578125,1.9990234375,0.873046875,0.533447265625,0.587890625,0.248779296875
94,readout,,0,9,"1,0,0,0",,,,,,-0.0244140625,-1.9990234375,0.048828125,0.582275390625,0.587890625,0.248779296875
94,readout,,0,10,"1,0,0,0",,,,,,1.0,0.005615234375,0.005615234375,0.587890625,0.587890625,0.248779296875
94,readout,,1,0,"1,0,0,0",,,,,,-1.6357421875,0.021240234375,-0.03466796875,-0.03466796875,0.587890625,0.248779296875
94,readout,,1,1,"1,0,0,0",,,,,,0.227783203125,-0.540771484375,-0.123291015625,-0.157958984375,0.587890625,0.248779296875
94,readout,,1,2,"1,0,0,0",,,,,,-3.9990234375,0.103271484375,-0.4130859375,-0.571044921875,0.587890625,0.248779296875
94,readout,,1,3,"1,0,0,0",,,,,,-0.901611328125,0.0478515625,-0.043212890625,-0.6142578125,0.587890625,0.248779296875
94,readout,,1,4,"1,0,0,0",,,,,,0.42724609375,-0.000244140625,0.0,-0.6142578125,0.587890625,0.248779296875
94,readout,,1,5,"1,0,0,0",,,,,,0.253173828125,0.17724609375,0.044921875,-0.5693359375,0.587890625,0.248779296875
94,readout,,1,6,"1,0,0,0",,,,,,-3.492431640625,-0.113525390625,0.396484375,-0.1728515625,0.587890625,0.248779296875
94,readout,,1,7,"1,0,0,0",,,,,,-3.005859375,-0.090576171875,0.272216796875,0.099365234375,0.587890625,0.248779296875
94,readout,,1,8,"1,0,0,0",,,,,,0.436767578125,0.736328125,0.321533203125,0.4208984375,0.587890625,0.248779296875
94,readout,,1,9,"1,0,0,0",,,,,,-0.0244140625,0.166015625,-0.004150390625,0.416748046875,0.587890625,0.248779296875
94,readout,,1,10,"1,0,0,0",,,,,,1.0,-0.16796875,-0.16796875,0.248779296875,0.587890625,0.248779296875
95,neuron,0,,,"1,0,0,0",-1.43115234375,-0.21142578125,0.0,-1.642578125,0,,,,,,
95,neuron,1,,,"1,0,0,0",0.19921875,0.04296875,0.0,0.2421875,0,,,,,,
95,neuron,2,,,"1,0,0,0",-3.4990234375,-0.554931640625,-0.0078125,-3.9990234375,0,,,,,,
95,neuron,3,,,"1,0,0,0",-0.788818359375,-0.090576171875,0.0,-0.87939453125,0,,,,,,
95,neuron,4,,,"1,0,0,0",0.373779296875,0.15283203125,0.14111328125,0.667724609375,0,,,,,,
95,neuron,5,,,"1,0,0,0",0.221435546875,0.571533203125,0.0,0.79296875,0,,,,,,
95,neuron,6,,,"1,0,0,0",-3.055908203125,-0.427001953125,0.0,-3.48291015625,0,,,,,,
95,neuron,7,,,"1,0,0,0",-2.630126953125,-0.383056640625,0.0,-3.01318359375,0,,,,,,
95,readout,,0,0,"1,0,0,0",,,,,,-1.642578125,-0.245849609375,0.40380859375,0.40380859375,0.654541015625,0.38720703125
95,readout,,0,1,"1,0,0,0",,,,,,0.2421875,0.25048828125,0.060546875,0.46435546875,0.654541015625,0.38720703125
95,readout,,0,2,"1,0,0,0",,,,,,-3.9990234375,-0.015380859375,0.0615234375,0.52587890625,0.654541015625,0.38720703125
95,readout,,0,3,"1,0,0,0",,,,,,-0.87939453125,-0.057373046875,0.050537109375,0.576416015625,0.654541015625,0.38720703125
95,readout,,0,4,"1,0,0,0",,,,,,0.667724609375,0.0048828125,0.003173828125,0.57958984375,0.654541015625,0.38720703125
95,readout,,0,5,"1,0,0,0",,,,,,0.79296875,0.10595703125,0.083984375,0.66357421875,0.654541015625,0.38720703125
95,readout,,0,6,"1,0,0,0",,,,,,-3.48291015625,-0.00244140625,0.008544921875,0.672119140625,0.654541015625,0.38720703125
95,readout,,0,7,"1,0,0,0",,,,,,-3.01318359375,0.31591796875,-0.951904296875,-0.27978515625,0.654541015625,0.38720703125
95,readout,,0,8,"1,0,0,0",,,,,,0.492431640625,1.9990234375,0.984375,0.70458984375,0.654541015625,0.38720703125
95,readout,,0,9,"1,0,0,0",,,,,,0.02783203125,-1.9990234375,-0.0556640625,0.64892578125,0.654541015625,0.38720703125
95,readout,,0,10,"1,0,0,0",,,,,,1.0,0.005615234375,0.005615234375,0.654541015625,0.654541015625,0.38720703125
95,readout,,1,0,"1,0,0,0",,,,,,-1.642578125,0.021240234375,-0.034912109375,-0.034912109375,0.654541015625,0.38720703125
95,readout,,1,1,"1,0,0,0",,,,,,0.2421875,-0.540771484375,-0.130859375,-0.165771484375,0.654541015625,0.38720703125
95,readout,,1,2,"1,0,0,0",,,,,,-3.9990234375,0.103271484375,-0.4130859375,-0.578857421875,0.654541015625,0.38720703125
95,readout,,1,3,"1,0,0,0",,,,,,-0.87939453125,0.0478515625,-0.0419921875,-0.620849609375,0.654541015625,0.38720703125
95,readout,,1,4,"1,0,0,0",,,,,,0.667724609375,-0.000244140625,-0.000244140625,-0.62109375,0.654541015625,0.38720703125
95,readout,,1,5,"1,0,0,0",,,,,,0.79296875,0.17724609375,0.140625,-0.48046875,0.654541015625,0.38720703125
95,readout,,1,6,"1,0,0,0",,,,,,-3.48291015625,-0.113525390625,0.3955078125,-0.0849609375,0.654541015625,0.38720703125
95,readout,,1,7,"1,0,0,0",,,,,,-3.01318359375,-0.090576171875,0.27294921875,0.18798828125,0.654541015625,0.38720703125
95,readout,,1,8,"1,0,0,0",,,,,,0.492431640625,0.736328125,0.362548828125,0.550537109375,0.654541015625,0.38720703125
95,readout,,1,9,"1,0,0,0",,,,,,0.02783203125,0.166015625,0.004638671875,0.55517578125,0.654541015625,0.38720703125
95,readout,,1,10,"1,0,0,0",,,,,,1.0,-0.16796875,-0.16796875,0.38720703125,0.654541015625,0.38720703125
96,neuron,0,,,"1,0,0,0",-1.437255859375,-0.21142578125,0.0,-1.648681640625,0,,,,,,
96,neuron,1,,,"1,0,0,0",0.2119140625,0.04296875,0.0,0.2548828125,0,,,,,,
96,neuron,2,,,"1,0,0,0",-3.4990234375,-0.554931640625,0.0,-3.9990234375,0,,,,,,
96,neuron,3,,,"1,0,0,0",-0.76953125,-0.090576171875,0.0,-0.860107421875,0,,,,,,
96,neuron,4,,,"1,0,0,0",0.584228515625,0.15283203125,0.0,0.737060546875,0,,,,,,
96,neuron,5,,,"1,0,0,0",0.69384765625,0.571533203125,0.0,0.265380859375,1,,,,,,
96,neuron,6,,,"1,0,0,0",-3.047607421875,-0.427001953125,0.0,-3.474609375,0,,,,,,
96,neuron,7,,,"1,0,0,0",-2.636474609375,-0.383056640625,0.0,-3.01953125,0,,,,,,
96,readout,,0,0,"1,0,0,0",,,,,,-1.648681640625,-0.245849609375,0.4052734375,0.4052734375,0.659423828125,0.28466796875
96,readout,,0,1,"1,0,0,0",,,,,,0.2548828125,0.25048828125,0.06396484375,0.46923828125,0.659423828125,0.28466796875
96,readout,,0,2,"1,0,0,0",,,,,,-3.9990234375,-0.015380859375,0.0615234375,0.53076171875,0.659423828125,0.28466796875
96,readout,,0,3,"1,0,0,0",,,,,,-0.860107421875,-0.057373046875,0.04931640625,0.580078125,0.659423828125,0.28466796875
96,readout,,0,4,"1,0,0,0",,,,,,0.737060546875,0.0048828125,0.003662109375,0.583740234375,0.659423828125,0.28466796875
96,readout,,0,5,"1,0,0,0",,,,,,0.265380859375,0.10595703125,0.028076171875,0.61181640625,0.659423828125,0.28466796875
96,readout,,0,6,"1,0,0,0",,,,,,-3.474609375,-0.00244140625,0.008544921875,0.620361328125,0.659423828125,0.28466796875
96,readout,,0,7,"1,0,0,0",,,,,,-3.01953125,0.31591796875,-0.953857421875,-0.33349609375,0.659423828125,0.28466796875
96,readout,,0,8,"1,0,0,0",,,,,,0.495361328125,1.9990234375,0.990234375,0.65673828125,0.659423828125,0.28466796875
96,readout,,0,9,"1,0,0,0",,,,,,0.00146484375,-1.9990234375,-0.0029296875,0.65380859375,0.659423828125,0.28466796875
96,readout,,0,10,"1,0,0,0",,,,,,1.0,0.005615234375,0.005615234375,0.659423828125,0.659423828125,0.28466796875
96,readout,,1,0,"1,0,0,0",,,,,,-1.648681640625,0.021240234375,-0.034912109375,-0.034912109375,0.659423828125,0.28466796875
96,readout,,1,1,"1,0,0,0",,,,,,0.2548828125,-0.540771484375,-0.137939453125,-0.1728515625,0.659423828125,0.28466796875
96,readout,,1,2,"1,0,0,0",,,,,,-3.9990234375,0.103271484375,-0.4130859375,-0.5859375,0.659423828125,0.28466796875
96,readout,,1,3,"1,0,0,0",,,,,,-0.860107421875,0.0478515625,-0.041259765625,-0.627197265625,0.659423828125,0.28466796875
96,readout,,1,4,"1,0,0,0",,,,,,0.737060546875,-0.000244140625,-0.000244140625,-0.62744140625,0.659423828125,0.28466796875
96,readout,,1,5,"1,0,0,0",,,,,,0.265380859375,0.17724609375,0.047119140625,-0.580322265625,0.659423828125,0.28466796875
96,readout,,1,6,"1,0,0,0",,,,,,-3.474609375,-0.113525390625,0.39453125,-0.185791015625,0.659423828125,0.28466796875
96,readout,,1,7,"1,0,0,0",,,,,,-3.01953125,-0.090576171875,0.2734375,0.087646484375,0.659423828125,0.28466796875
96,readout,,1,8,"1,0,0,0",,,,,,0.495361328125,0.736328125,0.36474609375,0.452392578125,0.659423828125,0.28466796875
96,readout,,1,9,"1,0,0,0",,,,,,0.00146484375,0.166015625,0.000244140625,0.45263671875,0.659423828125,0.28466796875
96,readout,,1,10,"1,0,0,0",,,,,,1.0,-0.16796875,-0.16796875,0.28466796875,0.659423828125,0.28466796875
97,neuron,0,,,"1,0,0,0",-1.442626953125,-0.21142578125,0.0,-1.654052734375,0,,,,,,
97,neuron,1,,,"1,0,0,0",0.22314453125,0.04296875,0.0,0.26611328125,0,,,,,,
97,neuron,2,,,"1,0,0,0",-3.4990234375,-0.554931640625,-0.0078125,-3.9990234375,0,,,,,,
97,neuron,3,,,"1,0,0,0",-0.752685546875,-0.090576171875,0.0,-0.84326171875,0,,,,,,
97,neuron,4,,,"1,0,0,0",0.64501953125,0.15283203125,0.14111328125,0.93896484375,0,,,,,,
97,neuron,5,,,"1,0,0,0",0.232177734375,0.571533203125,0.0,0.8037109375,0,,,,,,
97,neuron,6,,,"1,0,0,0",-3.040283203125,-0.427001953125,0.0,-3.46728515625,0,,,,,,
97,neuron,7,,,"1,0,0,0",-2.64208984375,-0.383056640625,0.0,-3.025146484375,0,,,,,,
97,readout,,0,0,"1,0,0,0",,,,,,-1.654052734375,-0.245849609375,0.40673828125,0.40673828125,0.73974609375,0.388671875
97,readout,,0,1,"1,0,0,0",,,,,,0.26611328125,0.25048828125,0.066650390625,0.473388671875,0.73974609375,0.388671875
97,readout,,0,2,"1,0,0,0",,,,,,-3.9990234375,-0.015380859375,0.0615234375,0.534912109375,0.73974609375,0.388671875
97,readout,,0,3,"1,0,0,0",,,,,,-0.84326171875,-0.057373046875,0.04833984375,0.583251953125,0.73974609375,0.388671875
97,readout,,0,4,"1,0,0,0",,,,,,0.93896484375,0.0048828125,0.004638671875,0.587890625,0.73974609375,0.388671875
97,readout,,0,5,"1,0,0,0",,,,,,0.8037109375,0.10595703125,0.085205078125,0.673095703125,0.73974609375,0.388671875
97,readout,,0,6,"1,0,0,0",,,,,,-3.46728515625,-0.00244140625,0.008544921875,0.681640625,0.73974609375,0.388671875
97,readout,,0,7,"1,0,0,0",,,,,,-3.025146484375,0.31591796875,-0.955810546875,-0.274169921875,0.73974609375,0.388671875
97,readout,,0,8,"1,0,0,0",,,,,,0.513427734375,1.9990234375,1.0263671875,0.752197265625,0.73974609375,0.388671875
97,readout,,0,9,"1,0,0,0",,,,,,0.009033203125,-1.9990234375,-0.01806640625,0.734130859375,0.73974609375,0.388671875
97,readout,,0,10,"1,0,0,0",,,,,,1.0,0.005615234375,0.005615234375,0.73974609375,0.73974609375,0.388671875
97,readout,,1,0,"1,0,0,0",,,,,,-1.654052734375,0.021240234375,-0.03515625,-0.03515625,0.73974609375,0.388671875
97,readout,,1,1,"1,0,0,0",,,,,,0.26611328125,-0.540771484375,-0.143798828125,-0.178955078125,0.73974609375,0.388671875
97,readout,,1,2,"1,0,0,0",,,,,,-3.9990234375,0.103271484375,-0.4130859375,-0.592041015625,0.73974609375,0.388671875
97,readout,,1,3,"1,0,0,0",,,,,,-0.84326171875,0.0478515625,-0.040283203125,-0.63232421875,0.73974609375,0.388671875
97,readout,,1,4,"1,0,0,0",,,,,,0.93896484375,-0.000244140625,-0.000244140625,-0.632568359375,0.73974609375,0.388671875
97,readout,,1,5,"1,0,0,0",,,,,,0.8037109375,0.17724609375,0.142333984375,-0.490234375,0.73974609375,0.388671875
97,readout,,1,6,"1,0,0,0",,,,,,-3.46728515625,-0.113525390625,0.3935546875,-0.0966796875,0.73974609375,0.388671875
97,readout,,1,7,"1,0,0,0",,,,,,-3.025146484375,-0.090576171875,0.27392578125,0.17724609375,0.73974609375,0.388671875
97,readout,,1,8,"1,0,0,0",,,,,,0.513427734375,0.736328125,0.3779296875,0.55517578125,0.73974609375,0.388671875
97,readout,,1,9,"1,0,0,0",,,,,,0.009033203125,0.166015625,0.00146484375,0.556640625,0.73974609375,0.388671875
97,readout,,1,10,"1,0,0,0",,,,,,1.0,-0.16796875,-0.16796875,0.388671875,0.73974609375,0.388671875
98,neuron,0,,,"1,0,0,0",-1.447265625,-0.21142578125,0.0,-1.65869140625,0,,,,,,
98,neuron,1,,,"1,0,0,0",0.23291015625,0.04296875,0.0,0.27587890625,0,,,,,,
98,neuron,2,,,"1,0,0,0",-3.4990234375,-0.554931640625,0.0,-3.9990234375,0,,,,,,
98,neuron,3,,,"1,0,0,0",-0.73779296875,-0.090576171875,0.0,-0.828369140625,0,,,,,,
98,neuron,4,,,"1,0,0,0",0.821533203125,0.15283203125,0.0,0.974365234375,0,,,,,,
98,neuron,5,,,"1,0,0,0",0.703125,0.571533203125,0.0,0.274658203125,1,,,,,,
98,neuron,6,,,"1,0,0,0",-3.033935546875,-0.427001953125,0.0,-3.4609375,0,,,,,,
98,neuron,7,,,"1,0,0,0",-2.64697265625,-0.383056640625,0.0,-3.030029296875,0,,,,,,
98,readout,,0,0,"1,0,0,0",,,,,,-1.65869140625,-0.245849609375,0.40771484375,0.40771484375,0.660400390625,0.25390625
98,readout,,0,1,"1,0,0,0",,,,,,0.27587890625,0.25048828125,0.069091796875,0.476806640625,0.660400390625,0.25390625
98,readout,,0,2,"1,0,0,0",,,,,,-3.9990234375,-0.015380859375,0.0615234375,0.538330078125,0.660400390625,0.25390625
98,readout,,0,3,"1,0,0,0",,,,,,-0.828369140625,-0.057373046875,0.047607421875,0.5859375,0.660400390625,0.25390625
98,readout,,0,4,"1,0,0,0",,,,,,0.974365234375,0.0048828125,0.004638671875,0.590576171875,0.660400390625,0.25390625
98,readout,,0,5,"1,0,0,0",,,,,,0.274658203125,0.10595703125,0.029052734375,0.61962890625,0.660400390625,0.25390625
98,readout,,0,6,"1,0,0,0",,,,,,-3.4609375,-0.00244140625,0.008544921875,0.628173828125,0.660400390625,0.25390625
98,readout,,0,7,"1,0,0,0",,,,,,-3.030029296875,0.31591796875,-0.957275390625,-0.3291015625,0.660400390625,0.25390625
98,readout,,0,8,"1,0,0,0",,,,,,0.470947265625,1.9990234375,0.94140625,0.6123046875,0.660400390625,0.25390625
98,readout,,0,9,"1,0,0,0",,,,,,-0.021240234375,-1.9990234375,0.04248046875,0.65478515625,0.660400390625,0.25390625
98,readout,,0,10,"1,0,0,0",,,,,,1.0,0.005615234375,0.005615234375,0.660400390625,0.660400390625,0.25390625
98,readout,,1,0,"1,0,0,0",,,,,,-1.65869140625,0.021240234375,-0.03515625,-0.03515625,0.660400390625,0.25390625
98,readout,,1,1,"1,0,0,0",,,,,,0.27587890625,-0.540771484375,-0.149169921875,-0.184326171875,0.660400390625,0.25390625
98,readout,,1,2,"1,0,0,0",,,,,,-3.9990234375,0.103271484375,-0.4130859375,-0.597412109375,0.660400390625,0.25390625
98,readout,,1,3,"1,0,0,0",,,,,,-0.828369140625,0.0478515625,-0.03955078125,-0.636962890625,0.660400390625,0.25390625
98,readout,,1,4,"1,0,0,0",,,,,,0.974365234375,-0.000244140625,-0.000244140625,-0.63720703125,0.660400390625,0.25390625
98,readout,,1,5,"1,0,0,0",,,,,,0.274658203125,0.17724609375,0.048583984375,-0.588623046875,0.660400390625,0.25390625
98,readout,,1,6,"1,0,0,0",,,,,,-3.4609375,-0.113525390625,0.392822265625,-0.19580078125,0.660400390625,0.25390625
98,readout,,1,7,"1,0,0,0",,,,,,-3.030029296875,-0.090576171875,0.2744140625,0.07861328125,0.660400390625,0.25390625
98,readout,,1,8,"1,0,0,0",,,,,,0.470947265625,0.736328125,0.3466796875,0.42529296875,0.660400390625,0.25390625
98,readout,,1,9,"1,0,0,0",,,,,,-0.021240234375,0.166015625,-0.00341796875,0.421875,0.660400390625,0.25390625
98,readout,,1,10,"1,0,0,0",,,,,,1.0,-0.16796875,-0.16796875,0.25390625,0.660400390625,0.25390625
99,neuron,0,,,"1,0,0,0",-1.451416015625,-0.21142578125,0.0,-1.662841796875,0,,,,,,
99,neuron,1,,,"1,0,0,0",0.241455078125,0.04296875,0.0,0.284423828125,0,,,,,,
99,neuron,2,,,"1,0,0,0",-3.4990234375,-0.554931640625,-0.0078125,-3.9990234375,0,,,,,,
99,neuron,3,,,"1,0,0,0",-0.724853515625,-0.090576171875,0.0,-0.8154296875,0,,,,,,
99,neuron,4,,,"1,0,0,0",0.8525390625,0.15283203125,0.14111328125,0.146484375,1,,,,,,
99,neuron,5,,,"1,0,0,0",0.240234375,0.571533203125,0.0,0.811767578125,0,,,,,,
99,neuron,6,,,"1,0,0,0",-3.0283203125,-0.427001953125,0.0,-3.455322265625,0,,,,,,
99,neuron,7,,,"1,0,0,0",-2.6513671875,-0.383056640625,0.0,-3.034423828125,0,,,,,,
99,readout,,0,0,"1,0,0,0",,,,,,-1.662841796875,-0.245849609375,0.40869140625,0.40869140625,0.7373046875,0.402099609375
99,readout,,0,1,"1,0,0,0",,,,,,0.284423828125,0.25048828125,0.0712890625,0.47998046875,0.7373046875,0.402099609375
99,readout,,0,2,"1,0,0,0",,,,,,-3.9990234375,-0.015380859375,0.0615234375,0.54150390625,0.7373046875,0.402099609375
99,readout,,0,3,"1,0,0,0",,,,,,-0.8154296875,-0.057373046875,0.046875,0.58837890625,0.7373046875,0.402099609375
99,readout,,0,4,"1,0,0,0",,,,,,0.146484375,0.0048828125,0.000732421875,0.589111328125,0.7373046875,0.402099609375
99,readout,,0,5,"1,0,0,0",,,,,,0.811767578125,0.10595703125,0.0859375,0.675048828125,0.7373046875,0.402099609375
99,readout,,0,6,"1,0,0,0",,,,,,-3.455322265625,-0.00244140625,0.008544921875,0.68359375,0.7373046875,0.402099609375
99,readout,,0,7,"1,0,0,0",,,,,,-3.034423828125,0.31591796875,-0.958740234375,-0.275146484375,0.7373046875,0.402099609375
99,readout,,0,8,"1,0,0,0",,,,,,0.536376953125,1.9990234375,1.072265625,0.797119140625,0.7373046875,0.402099609375
99,readout,,0,9,"1,0,0,0",,,,,,0.03271484375,-1.9990234375,-0.0654296875,0.731689453125,0.7373046875,0.402099609375
99,readout,,0,10,"1,0,0,0",,,,,,1.0,0.005615234375,0.005615234375,0.7373046875,0.7373046875,0.402099609375
99,readout,,1,0,"1,0,0,0",,,,,,-1.662841796875,0.021240234375,-0.035400390625,-0.035400390625,0.7373046875,0.402099609375
99,readout,,1,1,"1,0,0,0",,,,,,0.284423828125,-0.540771484375,-0.15380859375,-0.189208984375,0.7373046875,0.402099609375
99,readout,,1,2,"1,0,0,0",,,,,,-3.9990234375,0.103271484375,-0.4130859375,-0.602294921875,0.7373046875,0.402099609375
99,readout,,1,3,"1,0,0,0",,,,,,-0.8154296875,0.0478515625,-0.0390625,-0.641357421875,0.7373046875,0.402099609375
99,readout,,1,4,"1,0,0,0",,,,,,0.146484375,-0.000244140625,0.0,-0.641357421875,0.7373046875,0.402099609375
99,readout,,1,5,"1,0,0,0",,,,,,0.811767578125,0.17724609375,0.143798828125,-0.49755859375,0.7373046875,0.402099609375
99,readout,,1,6,"1,0,0,0",,,,,,-3.455322265625,-0.113525390625,0.392333984375,-0.105224609375,0.7373046875,0.402099609375
99,readout,,1,7,"1,0,0,0",,,,,,-3.034423828125,-0.090576171875,0.27490234375,0.169677734375,0.7373046875,0.402099609375
99,readout,,1,8,"1,0,0,0",,,,,,0.536376953125,0.736328125,0.39501953125,0.564697265625,0.7373046875,0.402099609375
99,readout,,1,9,"1,0,0,0",,,,,,0.03271484375,0.166015625,0.00537109375,0.570068359375,0.7373046875,0.402099609375
99,readout,,1,10,"1,0,0,0",,,,,,1.0,-0.16796875,-0.16796875,0.402099609375,0.7373046875,0.402099609375
100,neuron,0,,,"1,0,0,0",-1.455078125,-0.21142578125,0.0,-1.66650390625,0,,,,,,
100,neuron,1,,,"1,0,0,0",0.248779296875,0.04296875,0.052001953125,0.34375,0,,,,,,
100,neuron,2,,,"1,0,0,0",-3.4990234375,-0.554931640625,0.0,-3.9990234375,0,,,,,,
100,neuron,3,,,"1,0,0,0",-0.71337890625,-0.090576171875,0.0,-0.803955078125,0,,,,,,
100,neuron,4,,,"1,0,0,0",0.128173828125,0.15283203125,0.0,0.281005859375,0,,,,,,
100,neuron,5,,,"1,0,0,0",0.710205078125,0.571533203125,-0.02685546875,0.2548828125,1,,,,,,
100,neuron,6,,,"1,0,0,0",-3.0234375,-0.427001953125,0.0,-3.450439453125,0,,,,,,
100,neuron,7,,,"1,0,0,0",-2.655029296875,-0.383056640625,0.0,-3.0380859375,0,,,,,,
100,readout,,0,0,"1,0,0,0",,,,,,-1.66650390625,-0.245849609375,0.40966796875,0.40966796875,0.76123046875,0.26806640625
100,readout,,0,1,"1,0,0,0",,,,,,0.34375,0.25048828125,0.086181640625,0.495849609375,0.76123046875,0.26806640625
100,readout,,0,2,"1,0,0,0",,,,,,-3.9990234375,-0.015380859375,0.0615234375,0.557373046875,0.76123046875,0.26806640625
100,readout,,0,3,"1,0,0,0",,,,,,-0.803955078125,-0.057373046875,0.046142578125,0.603515625,0.76123046875,0.26806640625
100,readout,,0,4,"1,0,0,0",,,,,,0.281005859375,0.0048828125,0.00146484375,0.60498046875,0.76123046875,0.26806640625
100,readout,,0,5,"1,0,0,0",,,,,,0.2548828125,0.10595703125,0.027099609375,0.632080078125,0.76123046875,0.26806640625
100,readout,,0,6,"1,0,0,0",,,,,,-3.450439453125,-0.00244140625,0.008544921875,0.640625,0.76123046875,0.26806640625
100,readout,,0,7,"1,0,0,0",,,,,,-3.0380859375,0.31591796875,-0.959716796875,-0.319091796875,0.76123046875,0.26806640625
100,readout,,0,8,"1,0,0,0",,,,,,0.538818359375,1.9990234375,1.0771484375,0.758056640625,0.76123046875,0.26806640625
100,readout,,0,9,"1,0,0,0",,,,,,0.001220703125,-1.9990234375,-0.00244140625,0.755615234375,0.76123046875,0.26806640625
100,readout,,0,10,"1,0,0,0",,,,,,1.0,0.005615234375,0.005615234375,0.76123046875,0.76123046875,0.26806640625
100,readout,,1,0,"1,0,0,0",,,,,,-1.66650390625,0.021240234375,-0.035400390625,-0.035400390625,0.76123046875,0.26806640625
100,readout,,1,1,"1,0,0,0",,,,,,0.34375,-0.540771484375,-0.185791015625,-0.22119140625,0.76123046875,0.26806640625
100,readout,,1,2,"1,0,0,0",,,,,,-3.9990234375,0.103271484375,-0.4130859375,-0.63427734375,0.76123046875,0.26806640625
100,readout,,1,3,"1,0,0,0",,,,,,-0.803955078125,0.0478515625,-0.03857421875,-0.6728515625,0.76123046875,0.26806640625
100,readout,,1,4,"1,0,0,0",,,,,,0.281005859375,-0.000244140625,0.0,-0.6728515625,0.76123046875,0.26806640625
100,readout,,1,5,"1,0,0,0",,,,,,0.2548828125,0.17724609375,0.045166015625,-0.627685546875,0.76123046875,0.26806640625
100,readout,,1,6,"1,0,0,0",,,,,,-3.450439453125,-0.113525390625,0.3916015625,-0.236083984375,0.76123046875,0.26806640625
100,readout,,1,7,"1,0,0,0",,,,,,-3.0380859375,-0.090576171875,0.275146484375,0.0390625,0.76123046875,0.26806640625
100,readout,,1,8,"1,0,0,0",,,,,,0.538818359375,0.736328125,0.396728515625,0.435791015625,0.76123046875,0.26806640625
100,readout,,1,9,"1,0,0,0",,,,,,0.001220703125,0.166015625,0.000244140625,0.43603515625,0.76123046875,0.26806640625
100,readout,,1,10,"1,0,0,0",,,,,,1.0,-0.16796875,-0.16796875,0.26806640625,0.76123046875,0.26806640625
101,neuron,0,,,"1,0,0,0",-1.458251953125,-0.21142578125,0.0,-1.669677734375,0,,,,,,
101,neuron,1,,,"1,0,0,0",0.30078125,0.04296875,0.0,0.34375,0,,,,,,
101,neuron,2,,,"1,0,0,0",-3.4990234375,-0.554931640625,-0.0078125,-3.9990234375,0,,,,,,
101,neuron,3,,,"1,0,0,0",-0.703369140625,-0.090576171875,0.0,-0.7939453125,0,,,,,,
101,neuron,4,,,"1,0,0,0",0.245849609375,0.15283203125,0.14111328125,0.539794921875,0,,,,,,
101,neuron,5,,,"1,0,0,0",0.22314453125,0.571533203125,0.0,0.794677734375,0,,,,,,
101,neuron,6,,,"1,0,0,0",-3.01904296875,-0.427001953125,0.0,-3.446044921875,0,,,,,,
101,neuron,7,,,"1,0,0,0",-2.658203125,-0.383056640625,0.0,-3.041259765625,0,,,,,,
101,readout,,0,0,"1,0,0,0",,,,,,-1.669677734375,-0.245849609375,0.410400390625,0.410400390625,0.832275390625,0.372802734375
101,readout,,0,1,"1,0,0,0",,,,,,0.34375,0.25048828125,0.086181640625,0.49658203125,0.832275390625,0.372802734375
101,readout,,0,2,"1,0,0,0",,,,,,-3.9990234375,-0.015380859375,0.0615234375,0.55810546875,0.832275390625,0.372802734375
101,readout,,0,3,"1,0,0,0",,,,,,-0.7939453125,-0.057373046875,0.045654296875,0.603759765625,0.832275390625,0.372802734375
101,readout,,0,4,"1,0,0,0",,,,,,0.539794921875,0.0048828125,0.002685546875,0.6064453125,0.832275390625,0.372802734375
101,readout,,0,5,"1,0,0,0",,,,,,0.794677734375,0.10595703125,0.084228515625,0.690673828125,0.832275390625,0.372802734375
101,readout,,0,6,"1,0,0,0",,,,,,-3.446044921875,-0.00244140625,0.00830078125,0.698974609375,0.832275390625,0.372802734375
101,readout,,0,7,"1,0,0,0",,,,,,-3.041259765625,0.31591796875,-0.960693359375,-0.26171875,0.832275390625,0.372802734375
101,readout,,0,8,"1,0,0,0",,,,,,0.550048828125,1.9990234375,1.099609375,0.837890625,0.832275390625,0.372802734375
101,readout,,0,9,"1,0,0,0",,,,,,0.005615234375,-1.9990234375,-0.01123046875,0.82666015625,0.832275390625,0.372802734375
101,readout,,0,10,"1,0,0,0",,,,,,1.0,0.005615234375,0.005615234375,0.832275390625,0.832275390625,0.372802734375
101,readout,,1,0,"1,0,0,0",,,,,,-1.669677734375,0.021240234375,-0.035400390625,-0.035400390625,0.832275390625,0.372802734375
101,readout,,1,1,"1,0,0,0",,,,,,0.34375,-0.540771484375,-0.185791015625,-0.22119140625,0.832275390625,0.372802734375
101,readout,,1,2,"1,0,0,0",,,,,,-3.9990234375,0.103271484375,-0.4130859375,-0.63427734375,0.832275390625,0.372802734375
101,readout,,1,3,"1,0,0,0",,,,,,-0.7939453125,0.0478515625,-0.0380859375,-0.67236328125,0.832275390625,0.372802734375
101,readout,,1,4,"1,0,0,0",,,,,,0.539794921875,-0.000244140625,-0.000244140625,-0.672607421875,0.832275390625,0.372802734375
101,readout,,1,5,"1,0,0,0",,,,,,0.794677734375,0.17724609375,0.140869140625,-0.53173828125,0.832275390625,0.372802734375
101,readout,,1,6,"1,0,0,0",,,,,,-3.446044921875,-0.113525390625,0.39111328125,-0.140625,0.832275390625,0.372802734375
101,readout,,1,7,"1,0,0,0",,,,,,-3.041259765625,-0.090576171875,0.275390625,0.134765625,0.832275390625,0.372802734375
101,readout,,1,8,"1,0,0,0",,,,,,0.550048828125,0.736328125,0.405029296875,0.539794921875,0.832275390625,0.372802734375
101,readout,,1,9,"1,0,0,0",,,,,,0.005615234375,0.166015625,0.0009765625,0.540771484375,0.832275390625,0.372802734375
101,readout,,1,10,"1,0,0,0",,,,,,1.0,-0.16796875,-0.16796875,0.372802734375,0.832275390625,0.372802734375
102,neuron,0,,,"1,0,0,0",-1.4609375,-0.21142578125,0.0,-1.67236328125,0,,,,,,
102,neuron,1,,,"1,0,0,0",0.30078125,0.04296875,0.0,0.34375,0,,,,,,
102,neuron,2,,,"1,0,0,0",-3.4990234375,-0.554931640625,0.0,-3.9990234375,0,,,,,,
102,neuron,3,,,"1,0,0,0",-0.69482421875,-0.090576171875,0.0,-0.785400390625,0,,,,,,
102,neuron,4,,,"1,0,0,0",0.472412109375,0.15283203125,0.0,0.625244140625,0,,,,,,
102,neuron,5,,,"1,0,0,0",0.6953125,0.571533203125,0.0,0.266845703125,1,,,,,,
102,neuron,6,,,"1,0,0,0",-3.015380859375,-0.427001953125,0.0,-3.4423828125,0,,,,,,
102,neuron,7,,,"1,0,0,0",-2.6611328125,-0.383056640625,0.0,-3.044189453125,0,,,,,,
102,readout,,0,0,"1,0,0,0",,,,,,-1.67236328125,-0.245849609375,0.4111328125,0.4111328125,0.752197265625,0.25
102,readout,,0,1,"1,0,0,0",,,,,,0.34375,0.25048828125,0.086181640625,0.497314453125,0.752197265625,0.25
102,readout,,0,2,"1,0,0,0",,,,,,-3.9990234375,-0.015380859375,0.0615234375,0.558837890625,0.752197265625,0.25
102,readout,,0,3,"1,0,0,0",,,,,,-0.785400390625,-0.057373046875,0.045166015625,0.60400390625,0.752197265625,0.25
102,readout,,0,4,"1,0,0,0",,,,,,0.625244140625,0.0048828125,0.003173828125,0.607177734375,0.752197265625,0.25
102,readout,,0,5,"1,0,0,0",,,,,,0.266845703125,0.10595703125,0.0283203125,0.635498046875,0.752197265625,0.25
102,readout,,0,6,"1,0,0,0",,,,,,-3.4423828125,-0.00244140625,0.00830078125,0.643798828125,0.752197265625,0.25
102,readout,,0,7,"1,0,0,0",,,,,,-3.044189453125,0.31591796875,-0.961669921875,-0.31787109375,0.752197265625,0.25
102,readout,,0,8,"1,0,0,0",,,,,,0.514892578125,1.9990234375,1.029296875,0.71142578125,0.752197265625,0.25
102,readout,,0,9,"1,0,0,0",,,,,,-0.017578125,-1.9990234375,0.03515625,0.74658203125,0.752197265625,0.25
102,readout,,0,10,"1,0,0,0",,,,,,1.0,0.005615234375,0.005615234375,0.752197265625,0.752197265625,0.25
102,readout,,1,0,"1,0,0,0",,,,,,-1.67236328125,0.021240234375,-0.035400390625,-0.035400390625,0.752197265625,0.25
102,readout,,1,1,"1,0,0,0",,,,,,0.34375,-0.540771484375,-0.185791015625,-0.22119140625,0.752197265625,0.25
102,readout,,1,2,"1,0,0,0",,,,,,-3.9990234375,0.103271484375,-0.4130859375,-0.63427734375,0.752197265625,0.25
102,readout,,1,3,"1,0,0,0",,,,,,-0.785400390625,0.0478515625,-0.03759765625,-0.671875,0.752197265625,0.25
102,readout,,1,4,"1,0,0,0",,,,,,0.625244140625,-0.000244140625,-0.000244140625,-0.672119140625,0.752197265625,0.25
102,readout,,1,5,"1,0,0,0",,,,,,0.266845703125,0.17724609375,0.04736328125,-0.624755859375,0.752197265625,0.25
102,readout,,1,6,"1,0,0,0",,,,,,-3.4423828125,-0.113525390625,0.390869140625,-0.23388671875,0.752197265625,0.25
102,readout,,1,7,"1,0,0,0",,,,,,-3.044189453125,-0.090576171875,0.275634765625,0.041748046875,0.752197265625,0.25
102,readout,,1,8,"1,0,0,0",,,,,,0.514892578125,0.736328125,0.379150390625,0.4208984375,0.752197265625,0.25
102,readout,,1,9,"1,0,0,0",,,,,,-0.017578125,0.166015625,-0.0029296875,0.41796875,0.752197265625,0.25
102,readout,,1,10,"1,0,0,0",,,,,,1.0,-0.16796875,-0.16796875,0.25,0.752197265625,0.25
103,neuron,0,,,"1,0,0,0",-1.46337890625,-0.21142578125,0.0,-1.6748046875,0,,,,,,
103,neuron,1,,,"1,0,0,0",0.30078125,0.04296875,0.0,0.34375,0,,,,,,
103,neuron,2,,,"1,0,0,0",-3.4990234375,-0.554931640625,-0.0078125,-3.9990234375,0,,,,,,
103,neuron,3,,,"1,0,0,0",-0.687255859375,-0.090576171875,0.0,-0.77783203125,0,,,,,,
103,neuron,4,,,"1,0,0,0",0.547119140625,0.15283203125,0.14111328125,0.841064453125,0,,,,,,
103,neuron,5,,,"1,0,0,0",0.2333984375,0.571533203125,0.0,0.804931640625,0,,,,,,
103,neuron,6,,,"1,0,0,0",-3.01220703125,-0.427001953125,0.0,-3.439208984375,0,,,,,,
103,neuron,7,,,"1,0,0,0",-2.66357421875,-0.383056640625,0.0,-3.046630859375,0,,,,,,
103,readout,,0,0,"1,0,0,0",,,,,,-1.6748046875,-0.245849609375,0.411865234375,0.411865234375,0.8447265625,0.406005859375
103,readout,,0,1,"1,0,0,0",,,,,,0.34375,0.25048828125,0.086181640625,0.498046875,0.8447265625,0.406005859375
103,readout,,0,2,"1,0,0,0",,,,,,-3.9990234375,-0.015380859375,0.0615234375,0.5595703125,0.8447265625,0.406005859375
103,readout,,0,3,"1,0,0,0",,,,,,-0.77783203125,-0.057373046875,0.044677734375,0.604248046875,0.8447265625,0.406005859375
103,readout,,0,4,"1,0,0,0",,,,,,0.841064453125,0.0048828125,0.004150390625,0.6083984375,0.8447265625,0.406005859375
103,readout,,0,5,"1,0,0,0",,,,,,0.804931640625,0.10595703125,0.085205078125,0.693603515625,0.8447265625,0.406005859375
103,readout,,0,6,"1,0,0,0",,,,,,-3.439208984375,-0.00244140625,0.00830078125,0.701904296875,0.8447265625,0.406005859375
103,readout,,0,7,"1,0,0,0",,,,,,-3.046630859375,0.31591796875,-0.96240234375,-0.260498046875,0.8447265625,0.406005859375
103,readout,,0,8,"1,0,0,0",,,,,,0.58544921875,1.9990234375,1.17041015625,0.909912109375,0.8447265625,0.406005859375
103,readout,,0,9,"1,0,0,0",,,,,,0.035400390625,-1.9990234375,-0.07080078125,0.839111328125,0.8447265625,0.406005859375
103,readout,,0,10,"1,0,0,0",,,,,,1.0,0.005615234375,0.005615234375,0.8447265625,0.8447265625,0.406005859375
103,readout,,1,0,"1,0,0,0",,,,,,-1.6748046875,0.021240234375,-0.03564453125,-0.03564453125,0.8447265625,0.406005859375
103,readout,,1,1,"1,0,0,0",,,,,,0.34375,-0.540771484375,-0.185791015625,-0.221435546875,0.8447265625,0.406005859375
103,readout,,1,2,"1,0,0,0",,,,,,-3.9990234375,0.103271484375,-0.4130859375,-0.634521484375,0.8447265625,0.406005859375
103,readout,,1,3,"1,0,0,0",,,,,,-0.77783203125,0.0478515625,-0.037109375,-0.671630859375,0.8447265625,0.406005859375
103,readout,,1,4,"1,0,0,0",,,,,,0.841064453125,-0.000244140625,-0.000244140625,-0.671875,0.8447265625,0.406005859375
103,readout,,1,5,"1,0,0,0",,,,,,0.804931640625,0.17724609375,0.142578125,-0.529296875,0.8447265625,0.406005859375
103,readout,,1,6,"1,0,0,0",,,,,,-3.439208984375,-0.113525390625,0.390380859375,-0.138916015625,0.8447265625,0.406005859375
103,readout,,1,7,"1,0,0,0",,,,,,-3.046630859375,-0.090576171875,0.27587890625,0.136962890625,0.8447265625,0.406005859375
103,readout,,1,8,"1,0,0,0",,,,,,0.58544921875,0.736328125,0.43115234375,0.568115234375,0.8447265625,0.406005859375
103,readout,,1,9,"1,0,0,0",,,,,,0.035400390625,0.166015625,0.005859375,0.573974609375,0.8447265625,0.406005859375
103,readout,,1,10,"1,0,0,0",,,,,,1.0,-0.16796875,-0.16796875,0.406005859375,0.8447265625,0.406005859375
104,neuron,0,,,"1,0,0,0",-1.46533203125,-0.21142578125,0.0,-1.6767578125,0,,,,,,
104,neuron,1,,,"1,0,0,0",0.30078125,0.04296875,0.0,0.34375,0,,,,,,
104,neuron,2,,,"1,0,0,0",-3.4990234375,-0.554931640625,0.0,-3.9990234375,0,,,,,,
104,neuron,3,,,"1,0,0,0",-0.6806640625,-0.090576171875,0.0,-0.771240234375,0,,,,,,
104,neuron,4,,,"1,0,0,0",0.73583984375,0.15283203125,0.0,0.888671875,0,,,,,,
104,neuron,5,,,"1,0,0,0",0.704345703125,0.571533203125,0.0,0.27587890625,1,,,,,,
104,neuron,6,,,"1,0,0,0",-3.00927734375,-0.427001953125,0.0,-3.436279296875,0,,,,,,
104,neuron,7,,,"1,0,0,0",-2.665771484375,-0.383056640625,0.0,-3.048828125,0,,,,,,
104,readout,,0,0,"1,0,0,0",,,,,,-1.6767578125,-0.245849609375,0.412109375,0.412109375,0.845703125,0.2958984375
104,readout,,0,1,"1,0,0,0",,,,,,0.34375,0.25048828125,0.086181640625,0.498291015625,0.845703125,0.2958984375
104,readout,,0,2,"1,0,0,0",,,,,,-3.9990234375,-0.015380859375,0.0615234375,0.559814453125,0.845703125,0.2958984375
104,readout,,0,3,"1,0,0,0",,,,,,-0.771240234375,-0.057373046875,0.044189453125,0.60400390625,0.845703125,0.2958984375
104,readout,,0,4,"1,0,0,0",,,,,,0.888671875,0.0048828125,0.00439453125,0.6083984375,0.845703125,0.2958984375
104,readout,,0,5,"1,0,0,0",,,,,,0.27587890625,0.10595703125,0.029296875,0.6376953125,0.845703125,0.2958984375
104,readout,,0,6,"1,0,0,0",,,,,,-3.436279296875,-0.00244140625,0.00830078125,0.64599609375,0.845703125,0.2958984375
104,readout,,0,7,"1,0,0,0",,,,,,-3.048828125,0.31591796875,-0.963134765625,-0.317138671875,0.845703125,0.2958984375
104,readout,,0,8,"1,0,0,0",,,,,,0.572265625,1.9990234375,1.14404296875,0.826904296875,0.845703125,0.2958984375
104,readout,,0,9,"1,0,0,0",,,,,,-0.006591796875,-1.9990234375,0.01318359375,0.840087890625,0.845703125,0.2958984375
104,readout,,0,10,"1,0,0,0",,,,,,1.0,0.005615234375,0.005615234375,0.845703125,0.845703125,0.2958984375
104,readout,,1,0,"1,0,0,0",,,,,,-1.6767578125,0.021240234375,-0.03564453125,-0.03564453125,0.845703125,0.2958984375
104,readout,,1,1,"1,0,0,0",,,,,,0.34375,-0.540771484375,-0.185791015625,-0.221435546875,0.845703125,0.2958984375
104,readout,,1,2,"1,0,0,0",,,,,,-3.9990234375,0.103271484375,-0.4130859375,-0.634521484375,0.845703125,0.2958984375
104,readout,,1,3,"1,0,0,0",,,,,,-0.771240234375,0.0478515625,-0.036865234375,-0.67138671875,0.845703125,0.2958984375
104,readout,,1,4,"1,0,0,0",,,,,,0.888671875,-0.000244140625,-0.000244140625,-0.671630859375,0.845703125,0.2958984375
104,readout,,1,5,"1,0,0,0",,,,,,0.27587890625,0.17724609375,0.048828125,-0.622802734375,0.845703125,0.2958984375
104,readout,,1,6,"1,0,0,0",,,,,,-3.436279296875,-0.113525390625,0.39013671875,-0.232666015625,0.845703125,0.2958984375
104,readout,,1,7,"1,0,0,0",,,,,,-3.048828125,-0.090576171875,0.276123046875,0.04345703125,0.845703125,0.2958984375
104,readout,,1,8,"1,0,0,0",,,,,,0.572265625,0.736328125,0.42138671875,0.46484375,0.845703125,0.2958984375
104,readout,,1,9,"1,0,0,0",,,,,,-0.006591796875,0.166015625,-0.0009765625,0.4638671875,0.845703125,0.2958984375
104,readout,,1,10,"1,0,0,0",,,,,,1.0,-0.16796875,-0.16796875,0.2958984375,0.845703125,0.2958984375
105,neuron,0,,,"1,0,0,0",-1.46728515625,-0.21142578125,0.0,-1.6787109375,0,,,,,,
105,neuron,1,,,"1,0,0,0",0.30078125,0.04296875,0.0,0.34375,0,,,,,,
105,neuron,2,,,"1,0,0,0",-3.4990234375,-0.554931640625,-0.0078125,-3.9990234375,0,,,,,,
105,neuron,3,,,"1,0,0,0",-0.6748046875,-0.090576171875,0.0,-0.765380859375,0,,,,,,
105,neuron,4,,,"1,0,0,0",0.777587890625,0.15283203125,0.14111328125,0.071533203125,1,,,,,,
105,neuron,5,,,"1,0,0,0",0.241455078125,0.571533203125,0.0,0.81298828125,0,,,,,,
105,neuron,6,,,"1,0,0,0",-3.0068359375,-0.427001953125,0.0,-3.433837890625,0,,,,,,
105,neuron,7,,,"1,0,0,0",-2.667724609375,-0.383056640625,0.0,-3.05078125,0,,,,,,
105,readout,,0,0,"1,0,0,0",,,,,,-1.6787109375,-0.245849609375,0.41259765625,0.41259765625,0.93408203125,0.43310546875
105,readout,,0,1,"1,0,0,0",,,,,,0.34375,0.25048828125,0.086181640625,0.498779296875,0.93408203125,0.43310546875
105,readout,,0,2,"1,0,0,0",,,,,,-3.9990234375,-0.015380859375,0.0615234375,0.560302734375,0.93408203125,0.43310546875
105,readout,,0,3,"1,0,0,0",,,,,,-0.765380859375,-0.057373046875,0.0439453125,0.604248046875,0.93408203125,0.43310546875
105,readout,,0,4,"1,0,0,0",,,,,,0.071533203125,0.0048828125,0.000244140625,0.6044921875,0.93408203125,0.43310546875
105,readout,,0,5,"1,0,0,0",,,,,,0.81298828125,0.10595703125,0.086181640625,0.690673828125,0.93408203125,0.43310546875
105,readout,,0,6,"1,0,0,0",,,,,,-3.433837890625,-0.00244140625,0.00830078125,0.698974609375,0.93408203125,0.43310546875
105,readout,,0,7,"1,0,0,0",,,,,,-3.05078125,0.31591796875,-0.9638671875,-0.264892578125,0.93408203125,0.43310546875
105,readout,,0,8,"1,0,0,0",,,,,,0.62158203125,1.9990234375,1.24267578125,0.977783203125,0.93408203125,0.43310546875
105,readout,,0,9,"1,0,0,0",,,,,,0.024658203125,-1.9990234375,-0.04931640625,0.928466796875,0.93408203125,0.43310546875
105,readout,,0,10,"1,0,0,0",,,,,,1.0,0.005615234375,0.005615234375,0.93408203125,0.93408203125,0.43310546875
105,readout,,1,0,"1,0,0,0",,,,,,-1.6787109375,0.021240234375,-0.03564453125,-0.03564453125,0.93408203125,0.43310546875
105,readout,,1,1,"1,0,0,0",,,,,,0.34375,-0.540771484375,-0.185791015625,-0.221435546875,0.93408203125,0.43310546875
105,readout,,1,2,"1,0,0,0",,,,,,-3.9990234375,0.103271484375,-0.4130859375,-0.634521484375,0.93408203125,0.43310546875
105,readout,,1,3,"1,0,0,0",,,,,,-0.765380859375,0.0478515625,-0.03662109375,-0.671142578125,0.93408203125,0.43310546875
105,readout,,1,4,"1,0,0,0",,,,,,0.071533203125,-0.000244140625,0.0,-0.671142578125,0.93408203125,0.43310546875
105,readout,,1,5,"1,0,0,0",,,,,,0.81298828125,0.17724609375,0.14404296875,-0.527099609375,0.93408203125,0.43310546875
105,readout,,1,6,"1,0,0,0",,,,,,-3.433837890625,-0.113525390625,0.389892578125,-0.13720703125,0.93408203125,0.43310546875
105,readout,,1,7,"1,0,0,0",,,,,,-3.05078125,-0.090576171875,0.2763671875,0.13916015625,0.93408203125,0.43310546875
105,readout,,1,8,"1,0,0,0",,,,,,0.62158203125,0.736328125,0.457763671875,0.596923828125,0.93408203125,0.43310546875
105,readout,,1,9,"1,0,0,0",,,,,,0.024658203125,0.166015625,0.004150390625,0.60107421875,0.93408203125,0.43310546875
105,readout,,1,10,"1,0,0,0",,,,,,1.0,-0.16796875,-0.16796875,0.43310546875,0.93408203125,0.43310546875
106,neuron,0,,,"1,0,0,0",-1.46875,-0.21142578125,0.0,-1.68017578125,0,,,,,,
106,neuron,1,,,"1,0,0,0",0.30078125,0.04296875,0.052001953125,0.395751953125,0,,,,,,
106,neuron,2,,,"1,0,0,0",-3.4990234375,-0.554931640625,0.0,-3.9990234375,0,,,,,,
106,neuron,3,,,"1,0,0,0",-0.669677734375,-0.090576171875,0.0,-0.76025390625,0,,,,,,
106,neuron,4,,,"1,0,0,0",0.0625,0.15283203125,0.0,0.21533203125,0,,,,,,
106,neuron,5,,,"1,0,0,0",0.71142578125,0.571533203125,-0.02685546875,0.256103515625,1,,,,,,
106,neuron,6,,,"1,0,0,0",-3.004638671875,-0.427001953125,0.0,-3.431640625,0,,,,,,
106,neuron,7,,,"1,0,0,0",-2.66943359375,-0.383056640625,0.0,-3.052490234375,0,,,,,,
106,readout,,0,0,"1,0,0,0",,,,,,-1.68017578125,-0.245849609375,0.4130859375,0.4130859375,0.918701171875,0.2861328125
106,readout,,0,1,"1,0,0,0",,,,,,0.395751953125,0.25048828125,0.09912109375,0.51220703125,0.918701171875,0.2861328125
106,readout,,0,2,"1,0,0,0",,,,,,-3.9990234375,-0.015380859375,0.0615234375,0.57373046875,0.918701171875,0.2861328125
106,readout,,0,3,"1,0,0,0",,,,,,-0.76025390625,-0.057373046875,0.043701171875,0.617431640625,0.918701171875,0.2861328125
106,readout,,0,4,"1,0,0,0",,,,,,0.21533203125,0.0048828125,0.0009765625,0.618408203125,0.918701171875,0.2861328125
106,readout,,0,5,"1,0,0,0",,,,,,0.256103515625,0.10595703125,0.027099609375,0.6455078125,0.918701171875,0.2861328125
106,readout,,0,6,"1,0,0,0",,,,,,-3.431640625,-0.00244140625,0.00830078125,0.65380859375,0.918701171875,0.2861328125
106,readout,,0,7,"1,0,0,0",,,,,,-3.052490234375,0.31591796875,-0.96435546875,-0.310546875,0.918701171875,0.2861328125
106,readout,,0,8,"1,0,0,0",,,,,,0.602294921875,1.9990234375,1.2041015625,0.8935546875,0.918701171875,0.2861328125
106,readout,,0,9,"1,0,0,0",,,,,,-0.009765625,-1.9990234375,0.01953125,0.9130859375,0.918701171875,0.2861328125
106,readout,,0,10,"1,0,0,0",,,,,,1.0,0.005615234375,0.005615234375,0.918701171875,0.918701171875,0.2861328125
106,readout,,1,0,"1,0,0,0",,,,,,-1.68017578125,0.021240234375,-0.03564453125,-0.03564453125,0.918701171875,0.2861328125
106,readout,,1,1,"1,0,0,0",,,,,,0.395751953125,-0.540771484375,-0.214111328125,-0.249755859375,0.918701171875,0.2861328125
106,readout,,1,2,"1,0,0,0",,,,,,-3.9990234375,0.103271484375,-0.4130859375,-0.662841796875,0.918701171875,0.2861328125
106,readout,,1,3,"1,0,0,0",,,,,,-0.76025390625,0.0478515625,-0.036376953125,-0.69921875,0.918701171875,0.2861328125
106,readout,,1,4,"1,0,0,0",,,,,,0.21533203125,-0.000244140625,0.0,-0.69921875,0.918701171875,0.2861328125
106,readout,,1,5,"1,0,0,0",,,,,,0.256103515625,0.17724609375,0.04541015625,-0.65380859375,0.918701171875,0.2861328125
106,readout,,1,6,"1,0,0,0",,,,,,-3.431640625,-0.113525390625,0.3896484375,-0.26416015625,0.918701171875,0.2861328125
106,readout,,1,7,"1,0,0,0",,,,,,-3.052490234375,-0.090576171875,0.2763671875,0.01220703125,0.918701171875,0.2861328125
106,readout,,1,8,"1,0,0,0",,,,,,0.602294921875,0.736328125,0.443603515625,0.455810546875,0.918701171875,0.2861328125
106,readout,,1,9,"1,0,0,0",,,,,,-0.009765625,0.166015625,-0.001708984375,0.4541015625,0.918701171875,0.2861328125
106,readout,,1,10,"1,0,0,0",,,,,,1.0,-0.16796875,-0.16796875,0.2861328125,0.918701171875,0.2861328125
107,neuron,0,,,"1,0,0,0",-1.47021484375,-0.21142578125,0.0,-1.681640625,0,,,,,,
107,neuron,1,,,"1,0,0,0",0.34619140625,0.04296875,0.0,0.38916015625,0,,,,,,
107,neuron,2,,,"1,0,0,0",-3.4990234375,-0.554931640625,-0.0078125,-3.9990234375,0,,,,,,
107,neuron,3,,,"1,0,0,0",-0.665283203125,-0.090576171875,0.0,-0.755859375,0,,,,,,
107,neuron,4,,,"1,0,0,0",0.1884765625,0.15283203125,0.14111328125,0.482421875,0,,,,,,
107,neuron,5,,,"1,0,0,0",0.22412109375,0.571533203125,0.0,0.795654296875,0,,,,,,
107,neuron,6,,,"1,0,0,0",-3.002685546875,-0.427001953125,0.0,-3.4296875,0,,,,,,
107,neuron,7,,,"1,0,0,0",-2.6708984375,-0.383056640625,0.0,-3.053955078125,0,,,,,,
107,readout,,0,0,"1,0,0,0",,,,,,-1.681640625,-0.245849609375,0.413330078125,0.413330078125,0.90673828125,0.34716796875
107,readout,,0,1,"1,0,0,0",,,,,,0.38916015625,0.25048828125,0.097412109375,0.5107421875,0.90673828125,0.34716796875
107,readout,,0,2,"1,0,0,0",,,,,,-3.9990234375,-0.015380859375,0.0615234375,0.572265625,0.90673828125,0.34716796875
107,readout,,0,3,"1,0,0,0",,,,,,-0.755859375,-0.057373046875,0.04345703125,0.61572265625,0.90673828125,0.34716796875
107,readout,,0,4,"1,0,0,0",,,,,,0.482421875,0.0048828125,0.00244140625,0.6181640625,0.90673828125,0.34716796875
107,readout,,0,5,"1,0,0,0",,,,,,0.795654296875,0.10595703125,0.084228515625,0.702392578125,0.90673828125,0.34716796875
107,readout,,0,6,"1,0,0,0",,,,,,-3.4296875,-0.00244140625,0.00830078125,0.710693359375,0.90673828125,0.34716796875
107,readout,,0,7,"1,0,0,0",,,,,,-3.053955078125,0.31591796875,-0.96484375,-0.254150390625,0.90673828125,0.34716796875
107,readout,,0,8,"1,0,0,0",,,,,,0.553466796875,1.9990234375,1.1064453125,0.852294921875,0.90673828125,0.34716796875
107,readout,,0,9,"1,0,0,0",,,,,,-0.0244140625,-1.9990234375,0.048828125,0.901123046875,0.90673828125,0.34716796875
107,readout,,0,10,"1,0,0,0",,,,,,1.0,0.005615234375,0.005615234375,0.90673828125,0.90673828125,0.34716796875
107,readout,,1,0,"1,0,0,0",,,,,,-1.681640625,0.021240234375,-0.03564453125,-0.03564453125,0.90673828125,0.34716796875
107,readout,,1,1,"1,0,0,0",,,,,,0.38916015625,-0.540771484375,-0.21044921875,-0.24609375,0.90673828125,0.34716796875
107,readout,,1,2,"1,0,0,0",,,,,,-3.9990234375,0.103271484375,-0.4130859375,-0.6591796875,0.90673828125,0.34716796875
107,readout,,1,3,"1,0,0,0",,,,,,-0.755859375,0.0478515625,-0.0361328125,-0.6953125,0.90673828125,0.34716796875
107,readout,,1,4,"1,0,0,0",,,,,,0.482421875,-0.000244140625,0.0,-0.6953125,0.90673828125,0.34716796875
107,readout,,1,5,"1,0,0,0",,,,,,0.795654296875,0.17724609375,0.14111328125,-0.55419921875,0.90673828125,0.34716796875
107,readout,,1,6,"1,0,0,0",,,,,,-3.4296875,-0.113525390625,0.389404296875,-0.164794921875,0.90673828125,0.34716796875
107,readout,,1,7,"1,0,0,0",,,,,,-3.053955078125,-0.090576171875,0.276611328125,0.11181640625,0.90673828125,0.34716796875
107,readout,,1,8,"1,0,0,0",,,,,,0.553466796875,0.736328125,0.407470703125,0.519287109375,0.90673828125,0.34716796875
107,readout,,1,9,"1,0,0,0",,,,,,-0.0244140625,0.166015625,-0.004150390625,0.51513671875,0.90673828125,0.34716796875
107,readout,,1,10,"1,0,0,0",,,,,,1.0,-0.16796875,-0.16796875,0.34716796875,0.90673828125,0.34716796875
108,neuron,0,,,"1,0,0,0",-1.471435546875,-0.21142578125,0.0,-1.682861328125,0,,,,,,
108,neuron,1,,,"1,0,0,0",0.340576171875,0.04296875,0.0,0.383544921875,0,,,,,,
108,neuron,2,,,"1,0,0,0",-3.4990234375,-0.554931640625,0.0,-3.9990234375,0,,,,,,
108,neuron,3,,,"1,0,0,0",-0.661376953125,-0.090576171875,0.0,-0.751953125,0,,,,,,
108,neuron,4,,,"1,0,0,0",0.422119140625,0.15283203125,0.0,0.574951171875,0,,,,,,
108,neuron,5,,,"1,0,0,0",0.6962890625,0.571533203125,0.0,0.267822265625,1,,,,,,
108,neuron,6,,,"1,0,0,0",-3.0009765625,-0.427001953125,0.0,-3.427978515625,0,,,,,,
108,neuron,7,,,"1,0,0,0",-2.672119140625,-0.383056640625,0.0,-3.05517578125,0,,,,,,
108,readout,,0,0,"1,0,0,0",,,,,,-1.682861328125,-0.245849609375,0.413818359375,0.413818359375,0.799560546875,0.25927734375
108,readout,,0,1,"1,0,0,0",,,,,,0.383544921875,0.25048828125,0.09619140625,0.510009765625,0.799560546875,0.25927734375
108,readout,,0,2,"1,0,0,0",,,,,,-3.9990234375,-0.015380859375,0.0615234375,0.571533203125,0.799560546875,0.25927734375
108,readout,,0,3,"1,0,0,0",,,,,,-0.751953125,-0.057373046875,0.043212890625,0.61474609375,0.799560546875,0.25927734375
108,readout,,0,4,"1,0,0,0",,,,,,0.574951171875,0.0048828125,0.002685546875,0.617431640625,0.799560546875,0.25927734375
108,readout,,0,5,"1,0,0,0",,,,,,0.267822265625,0.10595703125,0.0283203125,0.645751953125,0.799560546875,0.25927734375
108,readout,,0,6,"1,0,0,0",,,,,,-3.427978515625,-0.00244140625,0.00830078125,0.654052734375,0.799560546875,0.25927734375
108,readout,,0,7,"1,0,0,0",,,,,,-3.05517578125,0.31591796875,-0.965087890625,-0.31103515625,0.799560546875,0.25927734375
108,readout,,0,8,"1,0,0,0",,,,,,0.552001953125,1.9990234375,1.103515625,0.79248046875,0.799560546875,0.25927734375
108,readout,,0,9,"1,0,0,0",,,,,,-0.000732421875,-1.9990234375,0.00146484375,0.7939453125,0.799560546875,0.25927734375
108,readout,,0,10,"1,0,0,0",,,,,,1.0,0.005615234375,0.005615234375,0.799560546875,0.799560546875,0.25927734375
108,readout,,1,0,"1,0,0,0",,,,,,-1.682861328125,0.021240234375,-0.03564453125,-0.03564453125,0.799560546875,0.25927734375
108,readout,,1,1,"1,0,0,0",,,,,,0.383544921875,-0.540771484375,-0.20751953125,-0.2431640625,0.799560546875,0.25927734375
108,readout,,1,2,"1,0,0,0",,,,,,-3.9990234375,0.103271484375,-0.4130859375,-0.65625,0.799560546875,0.25927734375
108,readout,,1,3,"1,0,0,0",,,,,,-0.751953125,0.0478515625,-0.035888671875,-0.692138671875,0.799560546875,0.25927734375
108,readout,,1,4,"1,0,0,0",,,,,,0.574951171875,-0.000244140625,-0.000244140625,-0.6923828125,0.799560546875,0.25927734375
108,readout,,1,5,"1,0,0,0",,,,,,0.267822265625,0.17724609375,0.04736328125,-0.64501953125,0.799560546875,0.25927734375
108,readout,,1,6,"1,0,0,0",,,,,,-3.427978515625,-0.113525390625,0.38916015625,-0.255859375,0.799560546875,0.25927734375
108,readout,,1,7,"1,0,0,0",,,,,,-3.05517578125,-0.090576171875,0.276611328125,0.020751953125,0.799560546875,0.25927734375
108,readout,,1,8,"1,0,0,0",,,,,,0.552001953125,0.736328125,0.406494140625,0.42724609375,0.799560546875,0.25927734375
108,readout,,1,9,"1,0,0,0",,,,,,-0.000732421875,0.166015625,0.0,0.42724609375,0.799560546875,0.25927734375
108,readout,,1,10,"1,0,0,0",,,,,,1.0,-0.16796875,-0.16796875,0.25927734375,0.799560546875,0.25927734375
109,neuron,0,,,"1,0,0,0",-1.472412109375,-0.21142578125,0.0,-1.683837890625,0,,,,,,
109,neuron,1,,,"1,0,0,0",0.335693359375,0.04296875,0.0,0.378662109375,0,,,,,,
109,neuron,2,,,"1,0,0,0",-3.4990234375,-0.554931640625,-0.0078125,-3.9990234375,0,,,,,,
109,neuron,3,,,"1,0,0,0",-0.657958984375,-0.090576171875,0.0,-0.74853515625,0,,,,,,
109,neuron,4,,,"1,0,0,0",0.503173828125,0.15283203125,0.14111328125,0.797119140625,0,,,,,,
109,neuron,5,,,"1,0,0,0",0.234375,0.571533203125,0.0,0.805908203125,0,,,,,,
109,neuron,6,,,"1,0,0,0",-2.99951171875,-0.427001953125,0.0,-3.426513671875,0,,,,,,
109,neuron,7,,,"1,0,0,0",-2.67333984375,-0.383056640625,0.0,-3.056396484375,0,,,,,,
109,readout,,0,0,"1,0,0,0",,,,,,-1.683837890625,-0.245849609375,0.4140625,0.4140625,0.895751953125,0.390869140625
109,readout,,0,1,"1,0,0,0",,,,,,0.378662109375,0.25048828125,0.094970703125,0.509033203125,0.895751953125,0.390869140625
109,readout,,0,2,"1,0,0,0",,,,,,-3.9990234375,-0.015380859375,0.0615234375,0.570556640625,0.895751953125,0.390869140625
109,readout,,0,3,"1,0,0,0",,,,,,-0.74853515625,-0.057373046875,0.04296875,0.613525390625,0.895751953125,0.390869140625
109,readout,,0,4,"1,0,0,0",,,,,,0.797119140625,0.0048828125,0.00390625,0.617431640625,0.895751953125,0.390869140625
109,readout,,0,5,"1,0,0,0",,,,,,0.805908203125,0.10595703125,0.08544921875,0.702880859375,0.895751953125,0.390869140625
109,readout,,0,6,"1,0,0,0",,,,,,-3.426513671875,-0.00244140625,0.00830078125,0.711181640625,0.895751953125,0.390869140625
109,readout,,0,7,"1,0,0,0",,,,,,-3.056396484375,0.31591796875,-0.965576171875,-0.25439453125,0.895751953125,0.390869140625
109,readout,,0,8,"1,0,0,0",,,,,,0.5927734375,1.9990234375,1.18505859375,0.9306640625,0.895751953125,0.390869140625
109,readout,,0,9,"1,0,0,0",,,,,,0.020263671875,-1.9990234375,-0.04052734375,0.89013671875,0.895751953125,0.390869140625
109,readout,,0,10,"1,0,0,0",,,,,,1.0,0.005615234375,0.005615234375,0.895751953125,0.895751953125,0.390869140625
109,readout,,1,0,"1,0,0,0",,,,,,-1.683837890625,0.021240234375,-0.03564453125,-0.03564453125,0.895751953125,0.390869140625
109,readout,,1,1,"1,0,0,0",,,,,,0.378662109375,-0.540771484375,-0.204833984375,-0.240478515625,0.895751953125,0.390869140625
109,readout,,1,2,"1,0,0,0",,,,,,-3.9990234375,0.103271484375,-0.4130859375,-0.653564453125,0.895751953125,0.390869140625
109,readout,,1,3,"1,0,0,0",,,,,,-0.74853515625,0.0478515625,-0.035888671875,-0.689453125,0.895751953125,0.390869140625
109,readout,,1,4,"1,0,0,0",,,,,,0.797119140625,-0.000244140625,-0.000244140625,-0.689697265625,0.895751953125,0.390869140625
109,readout,,1,5,"1,0,0,0",,,,,,0.805908203125,0.17724609375,0.142822265625,-0.546875,0.895751953125,0.390869140625
109,readout,,1,6,"1,0,0,0",,,,,,-3.426513671875,-0.113525390625,0.388916015625,-0.157958984375,0.895751953125,0.390869140625
109,readout,,1,7,"1,0,0,0",,,,,,-3.056396484375,-0.090576171875,0.27685546875,0.118896484375,0.895751953125,0.390869140625
109,readout,,1,8,"1,0,0,0",,,,,,0.5927734375,0.736328125,0.4365234375,0.555419921875,0.895751953125,0.390869140625
109,readout,,1,9,"1,0,0,0",,,,,,0.020263671875,0.166015625,0.00341796875,0.558837890625,0.895751953125,0.390869140625
109,readout,,1,10,"1,0,0,0",,,,,,1.0,-0.16796875,-0.16796875,0.390869140625,0.895751953125,0.390869140625
110,neuron,0,,,"1,0,0,0",-1.473388671875,-0.21142578125,0.0,-1.684814453125,0,,,,,,
110,neuron,1,,,"1,0,0,0",0.331298828125,0.04296875,0.0,0.374267578125,0,,,,,,
110,neuron,2,,,"1,0,0,0",-3.4990234375,-0.554931640625,0.0,-3.9990234375,0,,,,,,
110,neuron,3,,,"1,0,0,0",-0.655029296875,-0.090576171875,0.0,-0.74560546875,0,,,,,,
110,neuron,4,,,"1,0,0,0",0.697509765625,0.15283203125,0.0,0.850341796875,0,,,,,,
110,neuron,5,,,"1,0,0,0",0.705078125,0.571533203125,0.0,0.276611328125,1,,,,,,
110,neuron,6,,,"1,0,0,0",-2.998291015625,-0.427001953125,0.0,-3.42529296875,0,,,,,,
110,neuron,7,,,"1,0,0,0",-2.67431640625,-0.383056640625,0.0,-3.057373046875,0,,,,,,
110,readout,,0,0,"1,0,0,0",,,,,,-1.684814453125,-0.245849609375,0.414306640625,0.414306640625,0.924072265625,0.333251953125
110,readout,,0,1,"1,0,0,0",,,,,,0.374267578125,0.25048828125,0.09375,0.508056640625,0.924072265625,0.333251953125
110,readout,,0,2,"1,0,0,0",,,,,,-3.9990234375,-0.015380859375,0.0615234375,0.569580078125,0.924072265625,0.333251953125
110,readout,,0,3,"1,0,0,0",,,,,,-0.74560546875,-0.057373046875,0.042724609375,0.6123046875,0.924072265625,0.333251953125
110,readout,,0,4,"1,0,0,0",,,,,,0.850341796875,0.0048828125,0.004150390625,0.616455078125,0.924072265625,0.333251953125
110,readout,,0,5,"1,0,0,0",,,,,,0.276611328125,0.10595703125,0.029296875,0.645751953125,0.924072265625,0.333251953125
110,readout,,0,6,"1,0,0,0",,,,,,-3.42529296875,-0.00244140625,0.00830078125,0.654052734375,0.924072265625,0.333251953125
110,readout,,0,7,"1,0,0,0",,,,,,-3.057373046875,0.31591796875,-0.9658203125,-0.311767578125,0.924072265625,0.333251953125
110,readout,,0,8,"1,0,0,0",,,,,,0.63818359375,1.9990234375,1.275634765625,0.9638671875,0.924072265625,0.333251953125
110,readout,,0,9,"1,0,0,0",,,,,,0.022705078125,-1.9990234375,-0.04541015625,0.91845703125,0.924072265625,0.333251953125
110,readout,,0,10,"1,0,0,0",,,,,,1.0,0.005615234375,0.005615234375,0.924072265625,0.924072265625,0.333251953125
110,readout,,1,0,"1,0,0,0",,,,,,-1.684814453125,0.021240234375,-0.035888671875,-0.035888671875,0.924072265625,0.333251953125
110,readout,,1,1,"1,0,0,0",,,,,,0.374267578125,-0.540771484375,-0.202392578125,-0.23828125,0.924072265625,0.333251953125
110,readout,,1,2,"1,0,0,0",,,,,,-3.9990234375,0.103271484375,-0.4130859375,-0.6513671875,0.924072265625,0.333251953125
110,readout,,1,3,"1,0,0,0",,,,,,-0.74560546875,0.0478515625,-0.03564453125,-0.68701171875,0.924072265625,0.333251953125
110,readout,,1,4,"1,0,0,0",,,,,,0.850341796875,-0.000244140625,-0.000244140625,-0.687255859375,0.924072265625,0.333251953125
110,readout,,1,5,"1,0,0,0",,,,,,0.276611328125,0.17724609375,0.049072265625,-0.63818359375,0.924072265625,0.333251953125
110,readout,,1,6,"1,0,0,0",,,,,,-3.42529296875,-0.113525390625,0.388916015625,-0.249267578125,0.924072265625,0.333251953125
110,readout,,1,7,"1,0,0,0",,,,,,-3.057373046875,-0.090576171875,0.27685546875,0.027587890625,0.924072265625,0.333251953125
110,readout,,1,8,"1,0,0,0",,,,,,0.63818359375,0.736328125,0.469970703125,0.49755859375,0.924072265625,0.333251953125
110,readout,,1,9,"1,0,0,0",,,,,,0.022705078125,0.166015625,0.003662109375,0.501220703125,0.924072265625,0.333251953125
110,readout,,1,10,"1,0,0,0",,,,,,1.0,-0.16796875,-0.16796875,0.333251953125,0.924072265625,0.333251953125
111,neuron,0,,,"1,0,0,0",-1.47412109375,-0.21142578125,0.0,-1.685546875,0,,,,,,
111,neuron,1,,,"1,0,0,0",0.327392578125,0.04296875,0.0,0.370361328125,0,,,,,,
111,neuron,2,,,"1,0,0,0",-3.4990234375,-0.554931640625,-0.0078125,-3.9990234375,0,,,,,,
111,neuron,3,,,"1,0,0,0",-0.65234375,-0.090576171875,0.0,-0.742919921875,0,,,,,,
111,neuron,4,,,"1,0,0,0",0.744140625,0.15283203125,0.14111328125,0.0380859375,1,,,,,,
111,neuron,5,,,"1,0,0,0",0.241943359375,0.571533203125,0.0,0.8134765625,0,,,,,,
111,neuron,6,,,"1,0,0,0",-2.9970703125,-0.427001953125,0.0,-3.424072265625,0,,,,,,
111,neuron,7,,,"1,0,0,0",-2.67529296875,-0.383056640625,0.0,-3.058349609375,0,,,,,,
111,readout,,0,0,"1,0,0,0",,,,,,-1.685546875,-0.245849609375,0.414306640625,0.414306640625,0.945556640625,0.365234375
111,readout,,0,1,"1,0,0,0",,,,,,0.370361328125,0.25048828125,0.0927734375,0.507080078125,0.945556640625,0.365234375
111,readout,,0,2,"1,0,0,0",,,,,,-3.9990234375,-0.015380859375,0.0615234375,0.568603515625,0.945556640625,0.365234375
111,readout,,0,3,"1,0,0,0",,,,,,-0.742919921875,-0.057373046875,0.042724609375,0.611328125,0.945556640625,0.365234375
111,readout,,0,4,"1,0,0,0",,,,,,0.0380859375,0.0048828125,0.000244140625,0.611572265625,0.945556640625,0.365234375
111,readout,,0,5,"1,0,0,0",,,,,,0.8134765625,0.10595703125,0.086181640625,0.69775390625,0.945556640625,0.365234375
111,readout,,0,6,"1,0,0,0",,,,,,-3.424072265625,-0.00244140625,0.00830078125,0.7060546875,0.945556640625,0.365234375
111,readout,,0,7,"1,0,0,0",,,,,,-3.058349609375,0.31591796875,-0.96630859375,-0.26025390625,0.945556640625,0.365234375
111,readout,,0,8,"1,0,0,0",,,,,,0.562744140625,1.9990234375,1.125,0.86474609375,0.945556640625,0.365234375
111,readout,,0,9,"1,0,0,0",,,,,,-0.03759765625,-1.9990234375,0.0751953125,0.93994140625,0.945556640625,0.365234375
111,readout,,0,10,"1,0,0,0",,,,,,1.0,0.005615234375,0.005615234375,0.945556640625,0.945556640625,0.365234375
111,readout,,1,0,"1,0,0,0",,,,,,-1.685546875,0.021240234375,-0.035888671875,-0.035888671875,0.945556640625,0.365234375
111,readout,,1,1,"1,0,0,0",,,,,,0.370361328125,-0.540771484375,-0.2001953125,-0.236083984375,0.945556640625,0.365234375
111,readout,,1,2,"1,0,0,0",,,,,,-3.9990234375,0.103271484375,-0.4130859375,-0.649169921875,0.945556640625,0.365234375
111,readout,,1,3,"1,0,0,0",,,,,,-0.742919921875,0.0478515625,-0.03564453125,-0.684814453125,0.945556640625,0.365234375
111,readout,,1,4,"1,0,0,0",,,,,,0.0380859375,-0.000244140625,0.0,-0.684814453125,0.945556640625,0.365234375
111,readout,,1,5,"1,0,0,0",,,,,,0.8134765625,0.17724609375,0.144287109375,-0.54052734375,0.945556640625,0.365234375
111,readout,,1,6,"1,0,0,0",,,,,,-3.424072265625,-0.113525390625,0.388671875,-0.15185546875,0.945556640625,0.365234375
111,readout,,1,7,"1,0,0,0",,,,,,-3.058349609375,-0.090576171875,0.277099609375,0.125244140625,0.945556640625,0.365234375
111,readout,,1,8,"1,0,0,0",,,,,,0.562744140625,0.736328125,0.414306640625,0.53955078125,0.945556640625,0.365234375
111,readout,,1,9,"1,0,0,0",,,,,,-0.03759765625,0.166015625,-0.00634765625,0.533203125,0.945556640625,0.365234375
111,readout,,1,10,"1,0,0,0",,,,,,1.0,-0.16796875,-0.16796875,0.365234375,0.945556640625,0.365234375
112,neuron,0,,,"1,0,0,0",-1.474853515625,-0.21142578125,0.0,-1.686279296875,0,,,,,,
112,neuron,1,,,"1,0,0,0",0.323974609375,0.04296875,0.052001953125,0.4189453125,0,,,,,,
112,neuron,2,,,"1,0,0,0",-3.4990234375,-0.554931640625,0.0,-3.9990234375,0,,,,,,
112,neuron,3,,,"1,0,0,0",-0.650146484375,-0.090576171875,0.0,-0.74072265625,0,,,,,,
112,neuron,4,,,"1,0,0,0",0.033203125,0.15283203125,0.0,0.18603515625,0,,,,,,
112,neuron,5,,,"1,0,0,0",0.7119140625,0.571533203125,-0.02685546875,0.256591796875,1,,,,,,
112,neuron,6,,,"1,0,0,0",-2.99609375,-0.427001953125,0.0,-3.423095703125,0,,,,,,
112,neuron,7,,,"1,0,0,0",-2.676025390625,-0.383056640625,0.0,-3.05908203125,0,,,,,,
112,readout,,0,0,"1,0,0,0",,,,,,-1.686279296875,-0.245849609375,0.41455078125,0.41455078125,0.80029296875,0.226806640625
112,readout,,0,1,"1,0,0,0",,,,,,0.4189453125,0.25048828125,0.10498046875,0.51953125,0.80029296875,0.226806640625
112,readout,,0,2,"1,0,0,0",,,,,,-3.9990234375,-0.015380859375,0.0615234375,0.5810546875,0.80029296875,0.226806640625
112,readout,,0,3,"1,0,0,0",,,,,,-0.74072265625,-0.057373046875,0.04248046875,0.62353515625,0.80029296875,0.226806640625
112,readout,,0,4,"1,0,0,0",,,,,,0.18603515625,0.0048828125,0.0009765625,0.62451171875,0.80029296875,0.226806640625
112,readout,,0,5,"1,0,0,0",,,,,,0.256591796875,0.10595703125,0.027099609375,0.651611328125,0.80029296875,0.226806640625
112,readout,,0,6,"1,0,0,0",,,,,,-3.423095703125,-0.00244140625,0.00830078125,0.659912109375,0.80029296875,0.226806640625
112,readout,,0,7,"1,0,0,0",,,,,,-3.05908203125,0.31591796875,-0.96630859375,-0.306396484375,0.80029296875,0.226806640625
112,readout,,0,8,"1,0,0,0",,,,,,0.53857421875,1.9990234375,1.07666015625,0.770263671875,0.80029296875,0.226806640625
112,readout,,0,9,"1,0,0,0",,,,,,-0.01220703125,-1.9990234375,0.0244140625,0.794677734375,0.80029296875,0.226806640625
112,readout,,0,10,"1,0,0,0",,,,,,1.0,0.005615234375,0.005615234375,0.80029296875,0.80029296875,0.226806640625
112,readout,,1,0,"1,0,0,0",,,,,,-1.686279296875,0.021240234375,-0.035888671875,-0.035888671875,0.80029296875,0.226806640625
112,readout,,1,1,"1,0,0,0",,,,,,0.4189453125,-0.540771484375,-0.2265625,-0.262451171875,0.80029296875,0.226806640625
112,readout,,1,2,"1,0,0,0",,,,,,-3.9990234375,0.103271484375,-0.4130859375,-0.675537109375,0.80029296875,0.226806640625
112,readout,,1,3,"1,0,0,0",,,,,,-0.74072265625,0.0478515625,-0.035400390625,-0.7109375,0.80029296875,0.226806640625
112,readout,,1,4,"1,0,0,0",,,,,,0.18603515625,-0.000244140625,0.0,-0.7109375,0.80029296875,0.226806640625
112,readout,,1,5,"1,0,0,0",,,,,,0.256591796875,0.17724609375,0.04541015625,-0.66552734375,0.80029296875,0.226806640625
112,readout,,1,6,"1,0,0,0",,,,,,-3.423095703125,-0.113525390625,0.388671875,-0.27685546875,0.80029296875,0.226806640625
112,readout,,1,7,"1,0,0,0",,,,,,-3.05908203125,-0.090576171875,0.277099609375,0.000244140625,0.80029296875,0.226806640625
112,readout,,1,8,"1,0,0,0",,,,,,0.53857421875,0.736328125,0.396484375,0.396728515625,0.80029296875,0.226806640625
112,readout,,1,9,"1,0,0,0",,,,,,-0.01220703125,0.166015625,-0.001953125,0.394775390625,0.80029296875,0.226806640625
112,readout,,1,10,"1,0,0,0",,,,,,1.0,-0.16796875,-0.16796875,0.226806640625,0.80029296875,0.226806640625
113,neuron,0,,,"1,0,0,0",-1.4755859375,-0.21142578125,0.0,-1.68701171875,0,,,,,,
113,neuron,1,,,"1,0,0,0",0.36669921875,0.04296875,0.0,0.40966796875,0,,,,,,
113,neuron,2,,,"1,0,0,0",-3.4990234375,-0.554931640625,-0.0078125,-3.9990234375,0,,,,,,
113,neuron,3,,,"1,0,0,0",-0.648193359375,-0.090576171875,0.0,-0.73876953125,0,,,,,,
113,neuron,4,,,"1,0,0,0",0.162841796875,0.15283203125,0.14111328125,0.456787109375,0,,,,,,
113,neuron,5,,,"1,0,0,0",0.224609375,0.571533203125,0.0,0.796142578125,0,,,,,,
113,neuron,6,,,"1,0,0,0",-2.9951171875,-0.427001953125,0.0,-3.422119140625,0,,,,,,
113,neuron,7,,,"1,0,0,0",-2.6767578125,-0.383056640625,0.0,-3.059814453125,0,,,,,,
113,readout,,0,0,"1,0,0,0",,,,,,-1.68701171875,-0.245849609375,0.414794921875,0.414794921875,0.8662109375,0.357666015625
113,readout,,0,1,"1,0,0,0",,,,,,0.40966796875,0.25048828125,0.1025390625,0.517333984375,0.8662109375,0.357666015625
113,readout,,0,2,"1,0,0,0",,,,,,-3.9990234375,-0.015380859375,0.0615234375,0.578857421875,0.8662109375,0.357666015625
113,readout,,0,3,"1,0,0,0",,,,,,-0.73876953125,-0.057373046875,0.04248046875,0.621337890625,0.8662109375,0.357666015625
113,readout,,0,4,"1,0,0,0",,,,,,0.456787109375,0.0048828125,0.002197265625,0.62353515625,0.8662109375,0.357666015625
113,readout,,0,5,"1,0,0,0",,,,,,0.796142578125,0.10595703125,0.08447265625,0.7080078125,0.8662109375,0.357666015625
113,readout,,0,6,"1,0,0,0",,,,,,-3.422119140625,-0.00244140625,0.00830078125,0.71630859375,0.8662109375,0.357666015625
113,readout,,0,7,"1,0,0,0",,,,,,-3.059814453125,0.31591796875,-0.966552734375,-0.250244140625,0.8662109375,0.357666015625
113,readout,,0,8,"1,0,0,0",,,,,,0.572998046875,1.9990234375,1.1455078125,0.895263671875,0.8662109375,0.357666015625
113,readout,,0,9,"1,0,0,0",,,,,,0.017333984375,-1.9990234375,-0.03466796875,0.860595703125,0.8662109375,0.357666015625
113,readout,,0,10,"1,0,0,0",,,,,,1.0,0.005615234375,0.005615234375,0.8662109375,0.8662109375,0.357666015625
113,readout,,1,0,"1,0,0,0",,,,,,-1.68701171875,0.021240234375,-0.035888671875,-0.035888671875,0.8662109375,0.357666015625
113,readout,,1,1,"1,0,0,0",,,,,,0.40966796875,-0.540771484375,-0.221435546875,-0.25732421875,0.8662109375,0.357666015625
113,readout,,1,2,"1,0,0,0",,,,,,-3.9990234375,0.103271484375,-0.4130859375,-0.67041015625,0.8662109375,0.357666015625
113,readout,,1,3,"1,0,0,0",,,,,,-0.73876953125,0.0478515625,-0.035400390625,-0.705810546875,0.8662109375,0.357666015625
113,readout,,1,4,"1,0,0,0",,,,,,0.456787109375,-0.000244140625,0.0,-0.705810546875,0.8662109375,0.357666015625
113,readout,,1,5,"1,0,0,0",,,,,,0.796142578125,0.17724609375,0.14111328125,-0.564697265625,0.8662109375,0.357666015625
113,readout,,1,6,"1,0,0,0",,,,,,-3.422119140625,-0.113525390625,0.388427734375,-0.17626953125,0.8662109375,0.357666015625
113,readout,,1,7,"1,0,0,0",,,,,,-3.059814453125,-0.090576171875,0.277099609375,0.100830078125,0.8662109375,0.357666015625
113,readout,,1,8,"1,0,0,0",,,,,,0.572998046875,0.736328125,0.421875,0.522705078125,0.8662109375,0.357666015625
113,readout,,1,9,"1,0,0,0",,,,,,0.017333984375,0.166015625,0.0029296875,0.525634765625,0.8662109375,0.357666015625
113,readout,,1,10,"1,0,0,0",,,,,,1.0,-0.16796875,-0.16796875,0.357666015625,0.8662109375,0.357666015625
114,neuron,0,,,"1,0,0,0",-1.47607421875,-0.21142578125,0.0,-1.6875,0,,,,,,
114,neuron,1,,,"1,0,0,0",0.3583984375,0.04296875,0.0,0.4013671875,0,,,,,,
114,neuron,2,,,"1,0,0,0",-3.4990234375,-0.554931640625,0.0,-3.9990234375,0,,,,,,
114,neuron,3,,,"1,0,0,0",-0.646484375,-0.090576171875,0.0,-0.737060546875,0,,,,,,
114,neuron,4,,,"1,0,0,0",0.399658203125,0.15283203125,0.0,0.552490234375,0,,,,,,
114,neuron,5,,,"1,0,0,0",0.696533203125,0.571533203125,0.0,0.26806640625,1,,,,,,
114,neuron,6,,,"1,0,0,0",-2.994384765625,-0.427001953125,0.0,-3.42138671875,0,,,,,,
114,neuron,7,,,"1,0,0,0",-2.67724609375,-0.383056640625,0.0,-3.060302734375,0,,,,,,
114,readout,,0,0,"1,0,0,0",,,,,,-1.6875,-0.245849609375,0.414794921875,0.414794921875,0.88232421875,0.29833984375
114,readout,,0,1,"1,0,0,0",,,,,,0.4013671875,0.25048828125,0.1005859375,0.515380859375,0.88232421875,0.29833984375
114,readout,,0,2,"1,0,0,0",,,,,,-3.9990234375,-0.015380859375,0.0615234375,0.576904296875,0.88232421875,0.29833984375
114,readout,,0,3,"1,0,0,0",,,,,,-0.737060546875,-0.057373046875,0.042236328125,0.619140625,0.88232421875,0.29833984375
114,readout,,0,4,"1,0,0,0",,,,,,0.552490234375,0.0048828125,0.002685546875,0.621826171875,0.88232421875,0.29833984375
114,readout,,0,5,"1,0,0,0",,,,,,0.26806640625,0.10595703125,0.0283203125,0.650146484375,0.88232421875,0.29833984375
114,readout,,0,6,"1,0,0,0",,,,,,-3.42138671875,-0.00244140625,0.00830078125,0.658447265625,0.88232421875,0.29833984375
114,readout,,0,7,"1,0,0,0",,,,,,-3.060302734375,0.31591796875,-0.966796875,-0.308349609375,0.88232421875,0.29833984375
114,readout,,0,8,"1,0,0,0",,,,,,0.61279296875,1.9990234375,1.22509765625,0.916748046875,0.88232421875,0.29833984375
114,readout,,0,9,"1,0,0,0",,,,,,0.02001953125,-1.9990234375,-0.0400390625,0.876708984375,0.88232421875,0.29833984375
114,readout,,0,10,"1,0,0,0",,,,,,1.0,0.005615234375,0.005615234375,0.88232421875,0.88232421875,0.29833984375
114,readout,,1,0,"1,0,0,0",,,,,,-1.6875,0.021240234375,-0.035888671875,-0.035888671875,0.88232421875,0.29833984375
114,readout,,1,1,"1,0,0,0",,,,,,0.4013671875,-0.540771484375,-0.217041015625,-0.2529296875,0.88232421875,0.29833984375
114,readout,,1,2,"1,0,0,0",,,,,,-3.9990234375,0.103271484375,-0.4130859375,-0.666015625,0.88232421875,0.29833984375
114,readout,,1,3,"1,0,0,0",,,,,,-0.737060546875,0.0478515625,-0.03515625,-0.701171875,0.88232421875,0.29833984375
114,readout,,1,4,"1,0,0,0",,,,,,0.552490234375,-0.000244140625,-0.000244140625,-0.701416015625,0.88232421875,0.29833984375
114,readout,,1,5,"1,0,0,0",,,,,,0.26806640625,0.17724609375,0.047607421875,-0.65380859375,0.88232421875,0.29833984375
114,readout,,1,6,"1,0,0,0",,,,,,-3.42138671875,-0.113525390625,0.388427734375,-0.265380859375,0.88232421875,0.29833984375
114,readout,,1,7,"1,0,0,0",,,,,,-3.060302734375,-0.090576171875,0.277099609375,0.01171875,0.88232421875,0.29833984375
114,readout,,1,8,"1,0,0,0",,,,,,0.61279296875,0.736328125,0.451171875,0.462890625,0.88232421875,0.29833984375
114,readout,,1,9,"1,0,0,0",,,,,,0.02001953125,0.166015625,0.00341796875,0.46630859375,0.88232421875,0.29833984375
114,readout,,1,10,"1,0,0,0",,,,,,1.0,-0.16796875,-0.16796875,0.29833984375,0.88232421875,0.29833984375
115,neuron,0,,,"1,0,0,0",-1.4765625,-0.21142578125,0.0,-1.68798828125,0,,,,,,
115,neuron,1,,,"1,0,0,0",0.35107421875,0.04296875,0.0,0.39404296875,0,,,,,,
115,neuron,2,,,"1,0,0,0",-3.4990234375,-0.554931640625,-0.0078125,-3.9990234375,0,,,,,,
115,neuron,3,,,"1,0,0,0",-0.64501953125,-0.090576171875,0.0,-0.735595703125,0,,,,,,
115,neuron,4,,,"1,0,0,0",0.4833984375,0.15283203125,0.14111328125,0.77734375,0,,,,,,
115,neuron,5,,,"1,0,0,0",0.234619140625,0.571533203125,0.0,0.80615234375,0,,,,,,
115,neuron,6,,,"1,0,0,0",-2.99365234375,-0.427001953125,0.0,-3.420654296875,0,,,,,,
115,neuron,7,,,"1,0,0,0",-2.677734375,-0.383056640625,0.0,-3.060791015625,0,,,,,,
115,readout,,0,0,"1,0,0,0",,,,,,-1.68798828125,-0.245849609375,0.4150390625,0.4150390625,0.951416015625,0.3720703125
115,readout,,0,1,"1,0,0,0",,,,,,0.39404296875,0.25048828125,0.0986328125,0.513671875,0.951416015625,0.3720703125
115,readout,,0,2,"1,0,0,0",,,,,,-3.9990234375,-0.015380859375,0.0615234375,0.5751953125,0.951416015625,0.3720703125
115,readout,,0,3,"1,0,0,0",,,,,,-0.735595703125,-0.057373046875,0.042236328125,0.617431640625,0.951416015625,0.3720703125
115,readout,,0,4,"1,0,0,0",,,,,,0.77734375,0.0048828125,0.00390625,0.621337890625,0.951416015625,0.3720703125
115,readout,,0,5,"1,0,0,0",,,,,,0.80615234375,0.10595703125,0.08544921875,0.706787109375,0.951416015625,0.3720703125
115,readout,,0,6,"1,0,0,0",,,,,,-3.420654296875,-0.00244140625,0.00830078125,0.715087890625,0.951416015625,0.3720703125
115,readout,,0,7,"1,0,0,0",,,,,,-3.060791015625,0.31591796875,-0.967041015625,-0.251953125,0.951416015625,0.3720703125
115,readout,,0,8,"1,0,0,0",,,,,,0.58544921875,1.9990234375,1.17041015625,0.91845703125,0.951416015625,0.3720703125
115,readout,,0,9,"1,0,0,0",,,,,,-0.013671875,-1.9990234375,0.02734375,0.94580078125,0.951416015625,0.3720703125
115,readout,,0,10,"1,0,0,0",,,,,,1.0,0.005615234375,0.005615234375,0.951416015625,0.951416015625,0.3720703125
115,readout,,1,0,"1,0,0,0",,,,,,-1.68798828125,0.021240234375,-0.035888671875,-0.035888671875,0.951416015625,0.3720703125
115,readout,,1,1,"1,0,0,0",,,,,,0.39404296875,-0.540771484375,-0.213134765625,-0.2490234375,0.951416015625,0.3720703125
115,readout,,1,2,"1,0,0,0",,,,,,-3.9990234375,0.103271484375,-0.4130859375,-0.662109375,0.951416015625,0.3720703125
115,readout,,1,3,"1,0,0,0",,,,,,-0.735595703125,0.0478515625,-0.03515625,-0.697265625,0.951416015625,0.3720703125
115,readout,,1,4,"1,0,0,0",,,,,,0.77734375,-0.000244140625,-0.000244140625,-0.697509765625,0.951416015625,0.3720703125
115,readout,,1,5,"1,0,0,0",,,,,,0.80615234375,0.17724609375,0.142822265625,-0.5546875,0.951416015625,0.3720703125
115,readout,,1,6,"1,0,0,0",,,,,,-3.420654296875,-0.113525390625,0.388427734375,-0.166259765625,0.951416015625,0.3720703125
115,readout,,1,7,"1,0,0,0",,,,,,-3.060791015625,-0.090576171875,0.27734375,0.111083984375,0.951416015625,0.3720703125
115,readout,,1,8,"1,0,0,0",,,,,,0.58544921875,0.736328125,0.43115234375,0.542236328125,0.951416015625,0.3720703125
115,readout,,1,9,"1,0,0,0",,,,,,-0.013671875,0.166015625,-0.002197265625,0.5400390625,0.951416015625,0.3720703125
115,readout,,1,10,"1,0,0,0",,,,,,1.0,-0.16796875,-0.16796875,0.3720703125,0.951416015625,0.3720703125
116,neuron,0,,,"1,0,1,0",-1.47705078125,-0.0302734375,0.0,-1.50732421875,0,,,,,,
116,neuron,1,,,"1,0,1,0",0.3447265625,-0.487548828125,0.0,-0.142822265625,0,,,,,,
116,neuron,2,,,"1,0,1,0",-3.4990234375,-1.071044921875,0.0,-3.9990234375,0,,,,,,
116,neuron,3,,,"1,0,1,0",-0.6435546875,-0.5419921875,0.0,-1.185546875,0,,,,,,
116,neuron,4,,,"1,0,1,0",0.68017578125,0.245361328125,0.0,0.925537109375,0,,,,,,
116,neuron,5,,,"1,0,1,0",0.705322265625,1.001708984375,0.0,0.70703125,1,,,,,,
116,neuron,6,,,"1,0,1,0",-2.9931640625,-0.65673828125,0.0,-3.64990234375,0,,,,,,
116,neuron,7,,,"1,0,1,0",-2.67822265625,-0.21630859375,0.0,-2.89453125,0,,,,,,
116,readout,,0,0,"1,0,1,0",,,,,,-1.50732421875,-0.245849609375,0.37060546875,0.37060546875,0.9365234375,0.740478515625
116,readout,,0,1,"1,0,1,0",,,,,,-0.142822265625,0.25048828125,-0.035888671875,0.334716796875,0.9365234375,0.740478515625
116,readout,,0,2,"1,0,1,0",,,,,,-3.9990234375,-0.015380859375,0.0615234375,0.396240234375,0.9365234375,0.740478515625
116,readout,,0,3,"1,0,1,0",,,,,,-1.185546875,-0.057373046875,0.068115234375,0.46435546875,0.9365234375,0.740478515625
116,readout,,0,4,"1,0,1,0",,,,,,0.925537109375,0.0048828125,0.004638671875,0.468994140625,0.9365234375,0.740478515625
116,readout,,0,5,"1,0,1,0",,,,,,0.70703125,0.10595703125,0.074951171875,0.5439453125,0.9365234375,0.740478515625
116,readout,,0,6,"1,0,1,0",,,,,,-3.64990234375,-0.00244140625,0.0087890625,0.552734375,0.9365234375,0.740478515625
116,readout,,0,7,"1,0,1,0",,,,,,-2.89453125,0.31591796875,-0.91455078125,-0.36181640625,0.9365234375,0.740478515625
116,readout,,0,8,"1,0,1,0",,,,,,0.7080078125,1.9990234375,1.415283203125,1.053466796875,0.9365234375,0.740478515625
116,readout,,0,9,"1,0,1,0",,,,,,0.061279296875,-1.9990234375,-0.12255859375,0.930908203125,0.9365234375,0.740478515625
116,readout,,0,10,"1,0,1,0",,,,,,1.0,0.005615234375,0.005615234375,0.9365234375,0.9365234375,0.740478515625
116,readout,,1,0,"1,0,1,0",,,,,,-1.50732421875,0.021240234375,-0.031982421875,-0.031982421875,0.9365234375,0.740478515625
116,readout,,1,1,"1,0,1,0",,,,,,-0.142822265625,-0.540771484375,0.0771484375,0.045166015625,0.9365234375,0.740478515625
116,readout,,1,2,"1,0,1,0",,,,,,-3.9990234375,0.103271484375,-0.4130859375,-0.367919921875,0.9365234375,0.740478515625
116,readout,,1,3,"1,0,1,0",,,,,,-1.185546875,0.0478515625,-0.056640625,-0.424560546875,0.9365234375,0.740478515625
116,readout,,1,4,"1,0,1,0",,,,,,0.925537109375,-0.000244140625,-0.000244140625,-0.4248046875,0.9365234375,0.740478515625
116,readout,,1,5,"1,0,1,0",,,,,,0.70703125,0.17724609375,0.125244140625,-0.299560546875,0.9365234375,0.740478515625
116,readout,,1,6,"1,0,1,0",,,,,,-3.64990234375,-0.113525390625,0.414306640625,0.11474609375,0.9365234375,0.740478515625
116,readout,,1,7,"1,0,1,0",,,,,,-2.89453125,-0.090576171875,0.26220703125,0.376953125,0.9365234375,0.740478515625
116,readout,,1,8,"1,0,1,0",,,,,,0.7080078125,0.736328125,0.521240234375,0.898193359375,0.9365234375,0.740478515625
116,readout,,1,9,"1,0,1,0",,,,,,0.061279296875,0.166015625,0.01025390625,0.908447265625,0.9365234375,0.740478515625
116,readout,,1,10,"1,0,1,0",,,,,,1.0,-0.16796875,-0.16796875,0.740478515625,0.9365234375,0.740478515625
117,neuron,0,,,"1,0,0,0",-1.31884765625,-0.21142578125,0.0,-1.5302734375,0,,,,,,
117,neuron,1,,,"1,0,0,0",-0.125,0.04296875,0.0,-0.08203125,0,,,,,,
117,neuron,2,,,"1,0,0,0",-3.4990234375,-0.554931640625,-0.0078125,-3.9990234375,0,,,,,,
117,neuron,3,,,"1,0,0,0",-1.037353515625,-0.090576171875,0.0,-1.1279296875,0,,,,,,
117,neuron,4,,,"1,0,0,0",0.809814453125,0.15283203125,0.14111328125,0.103759765625,1,,,,,,
117,neuron,5,,,"1,0,0,0",0.61865234375,0.571533203125,0.0,0.190185546875,1,,,,,,
117,neuron,6,,,"1,0,0,0",-3.193603515625,-0.427001953125,0.0,-3.62060546875,0,,,,,,
117,neuron,7,,,"1,0,0,0",-2.53271484375,-0.383056640625,0.0,-2.915771484375,0,,,,,,
117,readout,,0,0,"1,0,0,0",,,,,,-1.5302734375,-0.245849609375,0.376220703125,0.376220703125,0.9990234375,0.597412109375
117,readout,,0,1,"1,0,0,0",,,,,,-0.08203125,0.25048828125,-0.0205078125,0.355712890625,0.9990234375,0.597412109375
117,readout,,0,2,"1,0,0,0",,,,,,-3.9990234375,-0.015380859375,0.0615234375,0.417236328125,0.9990234375,0.597412109375
117,readout,,0,3,"1,0,0,0",,,,,,-1.1279296875,-0.057373046875,0.064697265625,0.48193359375,0.9990234375,0.597412109375
117,readout,,0,4,"1,0,0,0",,,,,,0.103759765625,0.0048828125,0.00048828125,0.482421875,0.9990234375,0.597412109375
117,readout,,0,5,"1,0,0,0",,,,,,0.190185546875,0.10595703125,0.020263671875,0.502685546875,0.9990234375,0.597412109375
117,readout,,0,6,"1,0,0,0",,,,,,-3.62060546875,-0.00244140625,0.0087890625,0.511474609375,0.9990234375,0.597412109375
117,readout,,0,7,"1,0,0,0",,,,,,-2.915771484375,0.31591796875,-0.921142578125,-0.40966796875,0.9990234375,0.597412109375
117,readout,,0,8,"1,0,0,0",,,,,,0.69580078125,1.9990234375,1.390869140625,0.981201171875,0.9990234375,0.597412109375
117,readout,,0,9,"1,0,0,0",,,,,,-0.006103515625,-1.9990234375,0.01220703125,0.993408203125,0.9990234375,0.597412109375
117,readout,,0,10,"1,0,0,0",,,,,,1.0,0.005615234375,0.005615234375,0.9990234375,0.9990234375,0.597412109375
117,readout,,1,0,"1,0,0,0",,,,,,-1.5302734375,0.021240234375,-0.032470703125,-0.032470703125,0.9990234375,0.597412109375
117,readout,,1,1,"1,0,0,0",,,,,,-0.08203125,-0.540771484375,0.04443359375,0.011962890625,0.9990234375,0.597412109375
117,readout,,1,2,"1,0,0,0",,,,,,-3.9990234375,0.103271484375,-0.4130859375,-0.401123046875,0.9990234375,0.597412109375
117,readout,,1,3,"1,0,0,0",,,,,,-1.1279296875,0.0478515625,-0.053955078125,-0.455078125,0.9990234375,0.597412109375
117,readout,,1,4,"1,0,0,0",,,,,,0.103759765625,-0.000244140625,0.0,-0.455078125,0.9990234375,0.597412109375
117,readout,,1,5,"1,0,0,0",,,,,,0.190185546875,0.17724609375,0.03369140625,-0.42138671875,0.9990234375,0.597412109375
117,readout,,1,6,"1,0,0,0",,,,,,-3.62060546875,-0.113525390625,0.4111328125,-0.01025390625,0.9990234375,0.597412109375
117,readout,,1,7,"1,0,0,0",,,,,,-2.915771484375,-0.090576171875,0.26416015625,0.25390625,0.9990234375,0.597412109375
117,readout,,1,8,"1,0,0,0",,,,,,0.69580078125,0.736328125,0.512451171875,0.766357421875,0.9990234375,0.597412109375
117,readout,,1,9,"1,0,0,0",,,,,,-0.006103515625,0.166015625,-0.0009765625,0.765380859375,0.9990234375,0.597412109375
117,readout,,1,10,"1,0,0,0",,,,,,1.0,-0.16796875,-0.16796875,0.597412109375,0.9990234375,0.597412109375
118,neuron,0,,,"1,0,0,0",-1.3388671875,-0.21142578125,0.0,-1.55029296875,0,,,,,,
118,neuron,1,,,"1,0,0,0",-0.07177734375,0.04296875,0.052001953125,0.023193359375,0,,,,,,
118,neuron,2,,,"1,0,0,0",-3.4990234375,-0.554931640625,-0.0078125,-3.9990234375,0,,,,,,
118,neuron,3,,,"1,0,0,0",-0.98681640625,-0.090576171875,0.0,-1.077392578125,0,,,,,,
118,neuron,4,,,"1,0,0,0",0.0908203125,0.15283203125,0.14111328125,0.384765625,0,,,,,,
118,neuron,5,,,"1,0,0,0",0.16650390625,0.571533203125,-0.02685546875,0.711181640625,0,,,,,,
118,neuron,6,,,"1,0,0,0",-3.16796875,-0.427001953125,0.0,-3.594970703125,0,,,,,,
118,neuron,7,,,"1,0,0,0",-2.55126953125,-0.383056640625,0.0,-2.934326171875,0,,,,,,
118,readout,,0,0,"1,0,0,0",,,,,,-1.55029296875,-0.245849609375,0.381103515625,0.381103515625,1.0458984375,0.6181640625
118,readout,,0,1,"1,0,0,0",,,,,,0.023193359375,0.25048828125,0.005859375,0.386962890625,1.0458984375,0.6181640625
118,readout,,0,2,"1,0,0,0",,,,,,-3.9990234375,-0.015380859375,0.0615234375,0.448486328125,1.0458984375,0.6181640625
118,readout,,0,3,"1,0,0,0",,,,,,-1.077392578125,-0.057373046875,0.061767578125,0.51025390625,1.0458984375,0.6181640625
118,readout,,0,4,"1,0,0,0",,,,,,0.384765625,0.0048828125,0.001953125,0.51220703125,1.0458984375,0.6181640625
118,readout,,0,5,"1,0,0,0",,,,,,0.711181640625,0.10595703125,0.075439453125,0.587646484375,1.0458984375,0.6181640625
118,readout,,0,6,"1,0,0,0",,,,,,-3.594970703125,-0.00244140625,0.0087890625,0.596435546875,1.0458984375,0.6181640625
118,readout,,0,7,"1,0,0,0",,,,,,-2.934326171875,0.31591796875,-0.927001953125,-0.33056640625,1.0458984375,0.6181640625
118,readout,,0,8,"1,0,0,0",,,,,,0.676025390625,1.9990234375,1.351318359375,1.020751953125,1.0458984375,0.6181640625
118,readout,,0,9,"1,0,0,0",,,,,,-0.009765625,-1.9990234375,0.01953125,1.040283203125,1.0458984375,0.6181640625
118,readout,,0,10,"1,0,0,0",,,,,,1.0,0.005615234375,0.005615234375,1.0458984375,1.0458984375,0.6181640625
118,readout,,1,0,"1,0,0,0",,,,,,-1.55029296875,0.021240234375,-0.032958984375,-0.032958984375,1.0458984375,0.6181640625
118,readout,,1,1,"1,0,0,0",,,,,,0.023193359375,-0.540771484375,-0.012451171875,-0.04541015625,1.0458984375,0.6181640625
118,readout,,1,2,"1,0,0,0",,,,,,-3.9990234375,0.103271484375,-0.4130859375,-0.45849609375,1.0458984375,0.6181640625
118,readout,,1,3,"1,0,0,0",,,,,,-1.077392578125,0.0478515625,-0.051513671875,-0.510009765625,1.0458984375,0.6181640625
118,readout,,1,4,"1,0,0,0",,,,,,0.384765625,-0.000244140625,0.0,-0.510009765625,1.0458984375,0.6181640625
118,readout,,1,5,"1,0,0,0",,,,,,0.711181640625,0.17724609375,0.1259765625,-0.384033203125,1.0458984375,0.6181640625
118,readout,,1,6,"1,0,0,0",,,,,,-3.594970703125,-0.113525390625,0.408203125,0.024169921875,1.0458984375,0.6181640625
118,readout,,1,7,"1,0,0,0",,,,,,-2.934326171875,-0.090576171875,0.265869140625,0.2900390625,1.0458984375,0.6181640625
118,readout,,1,8,"1,0,0,0",,,,,,0.676025390625,0.736328125,0.497802734375,0.787841796875,1.0458984375,0.6181640625
118,readout,,1,9,"1,0,0,0",,,,,,-0.009765625,0.166015625,-0.001708984375,0.7861328125,1.0458984375,0.6181640625
118,readout,,1,10,"1,0,0,0",,,,,,1.0,-0.16796875,-0.16796875,0.6181640625,1.0458984375,0.6181640625
119,neuron,0,,,"1,0,0,0",-1.3564453125,-0.21142578125,0.0,-1.56787109375,0,,,,,,
119,neuron,1,,,"1,0,0,0",0.020263671875,0.04296875,0.0,0.063232421875,0,,,,,,
119,neuron,2,,,"1,0,0,0",-3.4990234375,-0.554931640625,0.0,-3.9990234375,0,,,,,,
119,neuron,3,,,"1,0,0,0",-0.942626953125,-0.090576171875,0.0,-1.033203125,0,,,,,,
119,neuron,4,,,"1,0,0,0",0.336669921875,0.15283203125,0.0,0.489501953125,0,,,,,,
119,neuron,5,,,"1,0,0,0",0.622314453125,0.571533203125,0.0,0.19384765625,1,,,,,,
119,neuron,6,,,"1,0,0,0",-3.1455078125,-0.427001953125,0.0,-3.572509765625,0,,,,,,
119,neuron,7,,,"1,0,0,0",-2.567626953125,-0.383056640625,0.0,-2.95068359375,0,,,,,,
119,readout,,0,0,"1,0,0,0",,,,,,-1.56787109375,-0.245849609375,0.385498046875,0.385498046875,0.984619140625,0.51171875
119,readout,,0,1,"1,0,0,0",,,,,,0.063232421875,0.25048828125,0.015869140625,0.4013671875,0.984619140625,0.51171875
119,readout,,0,2,"1,0,0,0",,,,,,-3.9990234375,-0.015380859375,0.0615234375,0.462890625,0.984619140625,0.51171875
119,readout,,0,3,"1,0,0,0",,,,,,-1.033203125,-0.057373046875,0.059326171875,0.522216796875,0.984619140625,0.51171875
119,readout,,0,4,"1,0,0,0",,,,,,0.489501953125,0.0048828125,0.00244140625,0.524658203125,0.984619140625,0.51171875
119,readout,,0,5,"1,0,0,0",,,,,,0.19384765625,0.10595703125,0.0205078125,0.545166015625,0.984619140625,0.51171875
119,readout,,0,6,"1,0,0,0",,,,,,-3.572509765625,-0.00244140625,0.0087890625,0.553955078125,0.984619140625,0.51171875
119,readout,,0,7,"1,0,0,0",,,,,,-2.95068359375,0.31591796875,-0.93212890625,-0.378173828125,0.984619140625,0.51171875
119,readout,,0,8,"1,0,0,0",,,,,,0.681640625,1.9990234375,1.362548828125,0.984375,0.984619140625,0.51171875
119,readout,,0,9,"1,0,0,0",,,,,,0.002685546875,-1.9990234375,-0.00537109375,0.97900390625,0.984619140625,0.51171875
119,readout,,0,10,"1,0,0,0",,,,,,1.0,0.005615234375,0.005615234375,0.984619140625,0.984619140625,0.51171875
119,readout,,1,0,"1,0,0,0",,,,,,-1.56787109375,0.021240234375,-0.033203125,-0.033203125,0.984619140625,0.51171875
119,readout,,1,1,"1,0,0,0",,,,,,0.063232421875,-0.540771484375,-0.0341796875,-0.0673828125,0.984619140625,0.51171875
119,readout,,1,2,"1,0,0,0",,,,,,-3.9990234375,0.103271484375,-0.4130859375,-0.48046875,0.984619140625,0.51171875
119,readout,,1,3,"1,0,0,0",,,,,,-1.033203125,0.0478515625,-0.049560546875,-0.530029296875,0.984619140625,0.51171875
119,readout,,1,4,"1,0,0,0",,,,,,0.489501953125,-0.000244140625,0.0,-0.530029296875,0.984619140625,0.51171875
119,readout,,1,5,"1,0,0,0",,,,,,0.19384765625,0.17724609375,0.034423828125,-0.49560546875,0.984619140625,0.51171875
119,readout,,1,6,"1,0,0,0",,,,,,-3.572509765625,-0.113525390625,0.405517578125,-0.090087890625,0.984619140625,0.51171875
119,readout,,1,7,"1,0,0,0",,,,,,-2.95068359375,-0.090576171875,0.267333984375,0.17724609375,0.984619140625,0.51171875
119,readout,,1,8,"1,0,0,0",,,,,,0.681640625,0.736328125,0.501953125,0.67919921875,0.984619140625,0.51171875
119,readout,,1,9,"1,0,0,0",,,,,,0.002685546875,0.166015625,0.00048828125,0.6796875,0.984619140625,0.51171875
119,readout,,1,10,"1,0,0,0",,,,,,1.0,-0.16796875,-0.16796875,0.51171875,0.984619140625,0.51171875
120,neuron,0,,,"1,0,0,0",-1.371826171875,-0.21142578125,0.0,-1.583251953125,0,,,,,,
120,neuron,1,,,"1,0,0,0",0.055419921875,0.04296875,0.0,0.098388671875,0,,,,,,
120,neuron,2,,,"1,0,0,0",-3.4990234375,-0.554931640625,-0.0078125,-3.9990234375,0,,,,,,
120,neuron,3,,,"1,0,0,0",-0.904052734375,-0.090576171875,0.0,-0.99462890625,0,,,,,,
120,neuron,4,,,"1,0,0,0",0.42822265625,0.15283203125,0.14111328125,0.72216796875,0,,,,,,
120,neuron,5,,,"1,0,0,0",0.169677734375,0.571533203125,0.0,0.7412109375,0,,,,,,
120,neuron,6,,,"1,0,0,0",-3.1259765625,-0.427001953125,0.0,-3.552978515625,0,,,,,,
120,neuron,7,,,"1,0,0,0",-2.581787109375,-0.383056640625,0.0,-2.96484375,0,,,,,,
120,readout,,0,0,"1,0,0,0",,,,,,-1.583251953125,-0.245849609375,0.38916015625,0.38916015625,1.02490234375,0.56494140625
120,readout,,0,1,"1,0,0,0",,,,,,0.098388671875,0.25048828125,0.024658203125,0.413818359375,1.02490234375,0.56494140625
120,readout,,0,2,"1,0,0,0",,,,,,-3.9990234375,-0.015380859375,0.0615234375,0.475341796875,1.02490234375,0.56494140625
120,readout,,0,3,"1,0,0,0",,,,,,-0.99462890625,-0.057373046875,0.05712890625,0.532470703125,1.02490234375,0.56494140625
120,readout,,0,4,"1,0,0,0",,,,,,0.72216796875,0.0048828125,0.00341796875,0.535888671875,1.02490234375,0.56494140625
120,readout,,0,5,"1,0,0,0",,,,,,0.7412109375,0.10595703125,0.07861328125,0.614501953125,1.02490234375,0.56494140625
120,readout,,0,6,"1,0,0,0",,,,,,-3.552978515625,-0.00244140625,0.0087890625,0.623291015625,1.02490234375,0.56494140625
120,readout,,0,7,"1,0,0,0",,,,,,-2.96484375,0.31591796875,-0.936767578125,-0.3134765625,1.02490234375,0.56494140625
120,readout,,0,8,"1,0,0,0",,,,,,0.65185546875,1.9990234375,1.302978515625,0.989501953125,1.02490234375,0.56494140625
120,readout,,0,9,"1,0,0,0",,,,,,-0.014892578125,-1.9990234375,0.02978515625,1.019287109375,1.02490234375,0.56494140625
120,readout,,0,10,"1,0,0,0",,,,,,1.0,0.005615234375,0.005615234375,1.02490234375,1.02490234375,0.56494140625
120,readout,,1,0,"1,0,0,0",,,,,,-1.583251953125,0.021240234375,-0.03369140625,-0.03369140625,1.02490234375,0.56494140625
120,readout,,1,1,"1,0,0,0",,,,,,0.098388671875,-0.540771484375,-0.05322265625,-0.0869140625,1.02490234375,0.56494140625
120,readout,,1,2,"1,0,0,0",,,,,,-3.9990234375,0.103271484375,-0.4130859375,-0.5,1.02490234375,0.56494140625
120,readout,,1,3,"1,0,0,0",,,,,,-0.99462890625,0.0478515625,-0.047607421875,-0.547607421875,1.02490234375,0.56494140625
120,readout,,1,4,"1,0,0,0",,,,,,0.72216796875,-0.000244140625,-0.000244140625,-0.5478515625,1.02490234375,0.56494140625
120,readout,,1,5,"1,0,0,0",,,,,,0.7412109375,0.17724609375,0.13134765625,-0.41650390625,1.02490234375,0.56494140625
120,readout,,1,6,"1,0,0,0",,,,,,-3.552978515625,-0.113525390625,0.4033203125,-0.01318359375,1.02490234375,0.56494140625
120,readout,,1,7,"1,0,0,0",,,,,,-2.96484375,-0.090576171875,0.2685546875,0.25537109375,1.02490234375,0.56494140625
120,readout,,1,8,"1,0,0,0",,,,,,0.65185546875,0.736328125,0.47998046875,0.7353515625,1.02490234375,0.56494140625
120,readout,,1,9,"1,0,0,0",,,,,,-0.014892578125,0.166015625,-0.00244140625,0.73291015625,1.02490234375,0.56494140625
120,readout,,1,10,"1,0,0,0",,,,,,1.0,-0.16796875,-0.16796875,0.56494140625,1.02490234375,0.56494140625
121,neuron,0,,,"1,0,0,0",-1.38525390625,-0.21142578125,0.0,-1.5966796875,0,,,,,,
121,neuron,1,,,"1,0,0,0",0.086181640625,0.04296875,0.0,0.129150390625,0,,,,,,
121,neuron,2,,,"1,0,0,0",-3.4990234375,-0.554931640625,0.0,-3.9990234375,0,,,,,,
121,neuron,3,,,"1,0,0,0",-0.870361328125,-0.090576171875,0.0,-0.9609375,0,,,,,,
121,neuron,4,,,"1,0,0,0",0.6318359375,0.15283203125,0.0,0.78466796875,0,,,,,,
121,neuron,5,,,"1,0,0,0",0.6484375,0.571533203125,0.0,0.219970703125,1,,,,,,
121,neuron,6,,,"1,0,0,0",-3.10888671875,-0.427001953125,0.0,-3.535888671875,0,,,,,,
121,neuron,7,,,"1,0,0,0",-2.59423828125,-0.383056640625,0.0,-2.977294921875,0,,,,,,
121,readout,,0,0,"1,0,0,0",,,,,,-1.5966796875,-0.245849609375,0.392578125,0.392578125,0.98095703125,0.488525390625
121,readout,,0,1,"1,0,0,0",,,,,,0.129150390625,0.25048828125,0.032470703125,0.425048828125,0.98095703125,0.488525390625
121,readout,,0,2,"1,0,0,0",,,,,,-3.9990234375,-0.015380859375,0.0615234375,0.486572265625,0.98095703125,0.488525390625
121,readout,,0,3,"1,0,0,0",,,,,,-0.9609375,-0.057373046875,0.05517578125,0.541748046875,0.98095703125,0.488525390625
121,readout,,0,4,"1,0,0,0",,,,,,0.78466796875,0.0048828125,0.00390625,0.545654296875,0.98095703125,0.488525390625
121,readout,,0,5,"1,0,0,0",,,,,,0.219970703125,0.10595703125,0.023193359375,0.56884765625,0.98095703125,0.488525390625
121,readout,,0,6,"1,0,0,0",,,,,,-3.535888671875,-0.00244140625,0.008544921875,0.577392578125,0.98095703125,0.488525390625
121,readout,,0,7,"1,0,0,0",,,,,,-2.977294921875,0.31591796875,-0.940673828125,-0.36328125,0.98095703125,0.488525390625
121,readout,,0,8,"1,0,0,0",,,,,,0.687744140625,1.9990234375,1.374755859375,1.011474609375,0.98095703125,0.488525390625
121,readout,,0,9,"1,0,0,0",,,,,,0.01806640625,-1.9990234375,-0.0361328125,0.975341796875,0.98095703125,0.488525390625
121,readout,,0,10,"1,0,0,0",,,,,,1.0,0.005615234375,0.005615234375,0.98095703125,0.98095703125,0.488525390625
121,readout,,1,0,"1,0,0,0",,,,,,-1.5966796875,0.021240234375,-0.033935546875,-0.033935546875,0.98095703125,0.488525390625
121,readout,,1,1,"1,0,0,0",,,,,,0.129150390625,-0.540771484375,-0.06982421875,-0.103759765625,0.98095703125,0.488525390625
121,readout,,1,2,"1,0,0,0",,,,,,-3.9990234375,0.103271484375,-0.4130859375,-0.516845703125,0.98095703125,0.488525390625
121,readout,,1,3,"1,0,0,0",,,,,,-0.9609375,0.0478515625,-0.0458984375,-0.562744140625,0.98095703125,0.488525390625
121,readout,,1,4,"1,0,0,0",,,,,,0.78466796875,-0.000244140625,-0.000244140625,-0.56298828125,0.98095703125,0.488525390625
121,readout,,1,5,"1,0,0,0",,,,,,0.219970703125,0.17724609375,0.0390625,-0.52392578125,0.98095703125,0.488525390625
121,readout,,1,6,"1,0,0,0",,,,,,-3.535888671875,-0.113525390625,0.4013671875,-0.12255859375,0.98095703125,0.488525390625
121,readout,,1,7,"1,0,0,0",,,,,,-2.977294921875,-0.090576171875,0.269775390625,0.147216796875,0.98095703125,0.488525390625
121,readout,,1,8,"1,0,0,0",,,,,,0.687744140625,0.736328125,0.50634765625,0.653564453125,0.98095703125,0.488525390625
121,readout,,1,9,"1,0,0,0",,,,,,0.01806640625,0.166015625,0.0029296875,0.656494140625,0.98095703125,0.488525390625
121,readout,,1,10,"1,0,0,0",,,,,,1.0,-0.16796875,-0.16796875,0.488525390625,0.98095703125,0.488525390625
122,neuron,0,,,"1,0,0,0",-1.39697265625,-0.21142578125,0.0,-1.6083984375,0,,,,,,
122,neuron,1,,,"1,0,0,0",0.113037109375,0.04296875,0.0,0.156005859375,0,,,,,,
122,neuron,2,,,"1,0,0,0",-3.4990234375,-0.554931640625,-0.0078125,-3.9990234375,0,,,,,,
122,neuron,3,,,"1,0,0,0",-0.8408203125,-0.090576171875,0.0,-0.931396484375,0,,,,,,
122,neuron,4,,,"1,0,0,0",0.6865234375,0.15283203125,0.14111328125,0.98046875,0,,,,,,
122,neuron,5,,,"1,0,0,0",0.1923828125,0.571533203125,0.0,0.763916015625,0,,,,,,
122,neuron,6,,,"1,0,0,0",-3.093994140625,-0.427001953125,0.0,-3.52099609375,0,,,,,,
122,neuron,7,,,"1,0,0,0",-2.605224609375,-0.383056640625,0.0,-2.98828125,0,,,,,,
122,readout,,0,0,"1,0,0,0",,,,,,-1.6083984375,-0.245849609375,0.3955078125,0.3955078125,1.110595703125,0.592529296875
122,readout,,0,1,"1,0,0,0",,,,,,0.156005859375,0.25048828125,0.0390625,0.4345703125,1.110595703125,0.592529296875
122,readout,,0,2,"1,0,0,0",,,,,,-3.9990234375,-0.015380859375,0.0615234375,0.49609375,1.110595703125,0.592529296875
122,readout,,0,3,"1,0,0,0",,,,,,-0.931396484375,-0.057373046875,0.053466796875,0.549560546875,1.110595703125,0.592529296875
122,readout,,0,4,"1,0,0,0",,,,,,0.98046875,0.0048828125,0.0048828125,0.554443359375,1.110595703125,0.592529296875
122,readout,,0,5,"1,0,0,0",,,,,,0.763916015625,0.10595703125,0.0810546875,0.635498046875,1.110595703125,0.592529296875
122,readout,,0,6,"1,0,0,0",,,,,,-3.52099609375,-0.00244140625,0.008544921875,0.64404296875,1.110595703125,0.592529296875
122,readout,,0,7,"1,0,0,0",,,,,,-2.98828125,0.31591796875,-0.944091796875,-0.300048828125,1.110595703125,0.592529296875
122,readout,,0,8,"1,0,0,0",,,,,,0.718017578125,1.9990234375,1.435302734375,1.13525390625,1.110595703125,0.592529296875
122,readout,,0,9,"1,0,0,0",,,,,,0.01513671875,-1.9990234375,-0.0302734375,1.10498046875,1.110595703125,0.592529296875
122,readout,,0,10,"1,0,0,0",,,,,,1.0,0.005615234375,0.005615234375,1.110595703125,1.110595703125,0.592529296875
122,readout,,1,0,"1,0,0,0",,,,,,-1.6083984375,0.021240234375,-0.0341796875,-0.0341796875,1.110595703125,0.592529296875
122,readout,,1,1,"1,0,0,0",,,,,,0.156005859375,-0.540771484375,-0.08447265625,-0.11865234375,1.110595703125,0.592529296875
122,readout,,1,2,"1,0,0,0",,,,,,-3.9990234375,0.103271484375,-0.4130859375,-0.53173828125,1.110595703125,0.592529296875
122,readout,,1,3,"1,0,0,0",,,,,,-0.931396484375,0.0478515625,-0.044677734375,-0.576416015625,1.110595703125,0.592529296875
122,readout,,1,4,"1,0,0,0",,,,,,0.98046875,-0.000244140625,-0.000244140625,-0.57666015625,1.110595703125,0.592529296875
122,readout,,1,5,"1,0,0,0",,,,,,0.763916015625,0.17724609375,0.135498046875,-0.441162109375,1.110595703125,0.592529296875
122,readout,,1,6,"1,0,0,0",,,,,,-3.52099609375,-0.113525390625,0.399658203125,-0.04150390625,1.110595703125,0.592529296875
122,readout,,1,7,"1,0,0,0",,,,,,-2.98828125,-0.090576171875,0.270751953125,0.229248046875,1.110595703125,0.592529296875
122,readout,,1,8,"1,0,0,0",,,,,,0.718017578125,0.736328125,0.52880859375,0.758056640625,1.110595703125,0.592529296875
122,readout,,1,9,"1,0,0,0",,,,,,0.01513671875,0.166015625,0.00244140625,0.760498046875,1.110595703125,0.592529296875
122,readout,,1,10,"1,0,0,0",,,,,,1.0,-0.16796875,-0.16796875,0.592529296875,1.110595703125,0.592529296875
123,neuron,0,,,"1,0,0,0",-1.4072265625,-0.21142578125,0.0,-1.61865234375,0,,,,,,
123,neuron,1,,,"1,0,0,0",0.136474609375,0.04296875,0.0,0.179443359375,0,,,,,,
123,neuron,2,,,"1,0,0,0",-3.4990234375,-0.554931640625,0.0,-3.9990234375,0,,,,,,
123,neuron,3,,,"1,0,0,0",-0.81494140625,-0.090576171875,0.0,-0.905517578125,0,,,,,,
123,neuron,4,,,"1,0,0,0",0.85791015625,0.15283203125,0.0,0.0107421875,1,,,,,,
123,neuron,5,,,"1,0,0,0",0.66845703125,0.571533203125,0.0,0.239990234375,1,,,,,,
123,neuron,6,,,"1,0,0,0",-3.080810546875,-0.427001953125,0.0,-3.5078125,0,,,,,,
123,neuron,7,,,"1,0,0,0",-2.61474609375,-0.383056640625,0.0,-2.997802734375,0,,,,,,
123,readout,,0,0,"1,0,0,0",,,,,,-1.61865234375,-0.245849609375,0.39794921875,0.39794921875,1.063232421875,0.468017578125
123,readout,,0,1,"1,0,0,0",,,,,,0.179443359375,0.25048828125,0.044921875,0.44287109375,1.063232421875,0.468017578125
123,readout,,0,2,"1,0,0,0",,,,,,-3.9990234375,-0.015380859375,0.0615234375,0.50439453125,1.063232421875,0.468017578125
123,readout,,0,3,"1,0,0,0",,,,,,-0.905517578125,-0.057373046875,0.052001953125,0.556396484375,1.063232421875,0.468017578125
123,readout,,0,4,"1,0,0,0",,,,,,0.0107421875,0.0048828125,0.0,0.556396484375,1.063232421875,0.468017578125
123,readout,,0,5,"1,0,0,0",,,,,,0.239990234375,0.10595703125,0.025390625,0.581787109375,1.063232421875,0.468017578125
123,readout,,0,6,"1,0,0,0",,,,,,-3.5078125,-0.00244140625,0.008544921875,0.59033203125,1.063232421875,0.468017578125
123,readout,,0,7,"1,0,0,0",,,,,,-2.997802734375,0.31591796875,-0.947021484375,-0.356689453125,1.063232421875,0.468017578125
123,readout,,0,8,"1,0,0,0",,,,,,0.697021484375,1.9990234375,1.393310546875,1.03662109375,1.063232421875,0.468017578125
123,readout,,0,9,"1,0,0,0",,,,,,-0.010498046875,-1.9990234375,0.02099609375,1.0576171875,1.063232421875,0.468017578125
123,readout,,0,10,"1,0,0,0",,,,,,1.0,0.005615234375,0.005615234375,1.063232421875,1.063232421875,0.468017578125
123,readout,,1,0,"1,0,0,0",,,,,,-1.61865234375,0.021240234375,-0.034423828125,-0.034423828125,1.063232421875,0.468017578125
123,readout,,1,1,"1,0,0,0",,,,,,0.179443359375,-0.540771484375,-0.096923828125,-0.13134765625,1.063232421875,0.468017578125
123,readout,,1,2,"1,0,0,0",,,,,,-3.9990234375,0.103271484375,-0.4130859375,-0.54443359375,1.063232421875,0.468017578125
123,readout,,1,3,"1,0,0,0",,,,,,-0.905517578125,0.0478515625,-0.043212890625,-0.587646484375,1.063232421875,0.468017578125
123,readout,,1,4,"1,0,0,0",,,,,,0.0107421875,-0.000244140625,0.0,-0.587646484375,1.063232421875,0.468017578125
123,readout,,1,5,"1,0,0,0",,,,,,0.239990234375,0.17724609375,0.04248046875,-0.545166015625,1.063232421875,0.468017578125
123,readout,,1,6,"1,0,0,0",,,,,,-3.5078125,-0.113525390625,0.398193359375,-0.14697265625,1.063232421875,0.468017578125
123,readout,,1,7,"1,0,0,0",,,,,,-2.997802734375,-0.090576171875,0.271484375,0.12451171875,1.063232421875,0.468017578125
123,readout,,1,8,"1,0,0,0",,,,,,0.697021484375,0.736328125,0.51318359375,0.6376953125,1.063232421875,0.468017578125
123,readout,,1,9,"1,0,0,0",,,,,,-0.010498046875,0.166015625,-0.001708984375,0.635986328125,1.063232421875,0.468017578125
123,readout,,1,10,"1,0,0,0",,,,,,1.0,-0.16796875,-0.16796875,0.468017578125,1.063232421875,0.468017578125
124,neuron,0,,,"1,0,0,0",-1.416259765625,-0.21142578125,0.0,-1.627685546875,0,,,,,,
124,neuron,1,,,"1,0,0,0",0.156982421875,0.04296875,0.052001953125,0.251953125,0,,,,,,
124,neuron,2,,,"1,0,0,0",-3.4990234375,-0.554931640625,-0.0078125,-3.9990234375,0,,,,,,
124,neuron,3,,,"1,0,0,0",-0.792236328125,-0.090576171875,0.0,-0.8828125,0,,,,,,
124,neuron,4,,,"1,0,0,0",0.00927734375,0.15283203125,0.14111328125,0.30322265625,0,,,,,,
124,neuron,5,,,"1,0,0,0",0.2099609375,0.571533203125,-0.02685546875,0.754638671875,0,,,,,,
124,neuron,6,,,"1,0,0,0",-3.0693359375,-0.427001953125,0.0,-3.496337890625,0,,,,,,
124,neuron,7,,,"1,0,0,0",-2.623046875,-0.383056640625,0.0,-3.006103515625,0,,,,,,
124,readout,,0,0,"1,0,0,0",,,,,,-1.627685546875,-0.245849609375,0.400146484375,0.400146484375,1.14892578125,0.55029296875
124,readout,,0,1,"1,0,0,0",,,,,,0.251953125,0.25048828125,0.063232421875,0.46337890625,1.14892578125,0.55029296875
124,readout,,0,2,"1,0,0,0",,,,,,-3.9990234375,-0.015380859375,0.0615234375,0.52490234375,1.14892578125,0.55029296875
124,readout,,0,3,"1,0,0,0",,,,,,-0.8828125,-0.057373046875,0.050537109375,0.575439453125,1.14892578125,0.55029296875
124,readout,,0,4,"1,0,0,0",,,,,,0.30322265625,0.0048828125,0.00146484375,0.576904296875,1.14892578125,0.55029296875
124,readout,,0,5,"1,0,0,0",,,,,,0.754638671875,0.10595703125,0.080078125,0.656982421875,1.14892578125,0.55029296875
124,readout,,0,6,"1,0,0,0",,,,,,-3.496337890625,-0.00244140625,0.008544921875,0.66552734375,1.14892578125,0.55029296875
124,readout,,0,7,"1,0,0,0",,,,,,-3.006103515625,0.31591796875,-0.94970703125,-0.2841796875,1.14892578125,0.55029296875
124,readout,,0,8,"1,0,0,0",,,,,,0.7314453125,1.9990234375,1.462158203125,1.177978515625,1.14892578125,0.55029296875
124,readout,,0,9,"1,0,0,0",,,,,,0.017333984375,-1.9990234375,-0.03466796875,1.143310546875,1.14892578125,0.55029296875
124,readout,,0,10,"1,0,0,0",,,,,,1.0,0.005615234375,0.005615234375,1.14892578125,1.14892578125,0.55029296875
124,readout,,1,0,"1,0,0,0",,,,,,-1.627685546875,0.021240234375,-0.03466796875,-0.03466796875,1.14892578125,0.55029296875
124,readout,,1,1,"1,0,0,0",,,,,,0.251953125,-0.540771484375,-0.13623046875,-0.1708984375,1.14892578125,0.55029296875
124,readout,,1,2,"1,0,0,0",,,,,,-3.9990234375,0.103271484375,-0.4130859375,-0.583984375,1.14892578125,0.55029296875
124,readout,,1,3,"1,0,0,0",,,,,,-0.8828125,0.0478515625,-0.042236328125,-0.626220703125,1.14892578125,0.55029296875
124,readout,,1,4,"1,0,0,0",,,,,,0.30322265625,-0.000244140625,0.0,-0.626220703125,1.14892578125,0.55029296875
124,readout,,1,5,"1,0,0,0",,,,,,0.754638671875,0.17724609375,0.1337890625,-0.492431640625,1.14892578125,0.55029296875
124,readout,,1,6,"1,0,0,0",,,,,,-3.496337890625,-0.113525390625,0.39697265625,-0.095458984375,1.14892578125,0.55029296875
124,readout,,1,7,"1,0,0,0",,,,,,-3.006103515625,-0.090576171875,0.272216796875,0.1767578125,1.14892578125,0.55029296875
124,readout,,1,8,"1,0,0,0",,,,,,0.7314453125,0.736328125,0.53857421875,0.71533203125,1.14892578125,0.55029296875
124,readout,,1,9,"1,0,0,0",,,,,,0.017333984375,0.166015625,0.0029296875,0.71826171875,1.14892578125,0.55029296875
124,readout,,1,10,"1,0,0,0",,,,,,1.0,-0.16796875,-0.16796875,0.55029296875,1.14892578125,0.55029296875
125,neuron,0,,,"1,0,0,0",-1.42431640625,-0.21142578125,0.0,-1.6357421875,0,,,,,,
125,neuron,1,,,"1,0,0,0",0.220458984375,0.04296875,0.0,0.263427734375,0,,,,,,
125,neuron,2,,,"1,0,0,0",-3.4990234375,-0.554931640625,0.0,-3.9990234375,0,,,,,,
125,neuron,3,,,"1,0,0,0",-0.7724609375,-0.090576171875,0.0,-0.863037109375,0,,,,,,
125,neuron,4,,,"1,0,0,0",0.265380859375,0.15283203125,0.0,0.418212890625,0,,,,,,
125,neuron,5,,,"1,0,0,0",0.660400390625,0.571533203125,0.0,0.23193359375,1,,,,,,
125,neuron,6,,,"1,0,0,0",-3.059326171875,-0.427001953125,0.0,-3.486328125,0,,,,,,
125,neuron,7,,,"1,0,0,0",-2.63037109375,-0.383056640625,0.0,-3.013427734375,0,,,,,,
125,readout,,0,0,"1,0,0,0",,,,,,-1.6357421875,-0.245849609375,0.402099609375,0.402099609375,1.054443359375,0.38720703125
125,readout,,0,1,"1,0,0,0",,,,,,0.263427734375,0.25048828125,0.06591796875,0.468017578125,1.054443359375,0.38720703125
125,readout,,0,2,"1,0,0,0",,,,,,-3.9990234375,-0.015380859375,0.0615234375,0.529541015625,1.054443359375,0.38720703125
125,readout,,0,3,"1,0,0,0",,,,,,-0.863037109375,-0.057373046875,0.049560546875,0.5791015625,1.054443359375,0.38720703125
125,readout,,0,4,"1,0,0,0",,,,,,0.418212890625,0.0048828125,0.001953125,0.5810546875,1.054443359375,0.38720703125
125,readout,,0,5,"1,0,0,0",,,,,,0.23193359375,0.10595703125,0.024658203125,0.605712890625,1.054443359375,0.38720703125
125,readout,,0,6,"1,0,0,0",,,,,,-3.486328125,-0.00244140625,0.008544921875,0.6142578125,1.054443359375,0.38720703125
125,readout,,0,7,"1,0,0,0",,,,,,-3.013427734375,0.31591796875,-0.951904296875,-0.337646484375,1.054443359375,0.38720703125
125,readout,,0,8,"1,0,0,0",,,,,,0.656005859375,1.9990234375,1.311279296875,0.9736328125,1.054443359375,0.38720703125
125,readout,,0,9,"1,0,0,0",,,,,,-0.03759765625,-1.9990234375,0.0751953125,1.048828125,1.054443359375,0.38720703125
125,readout,,0,10,"1,0,0,0",,,,,,1.0,0.005615234375,0.005615234375,1.054443359375,1.054443359375,0.38720703125
125,readout,,1,0,"1,0,0,0",,,,,,-1.6357421875,0.021240234375,-0.03466796875,-0.03466796875,1.054443359375,0.38720703125
125,readout,,1,1,"1,0,0,0",,,,,,0.263427734375,-0.540771484375,-0.142333984375,-0.177001953125,1.054443359375,0.38720703125
125,readout,,1,2,"1,0,0,0",,,,,,-3.9990234375,0.103271484375,-0.4130859375,-0.590087890625,1.054443359375,0.38720703125
125,readout,,1,3,"1,0,0,0",,,,,,-0.863037109375,0.0478515625,-0.041259765625,-0.63134765625,1.054443359375,0.38720703125
125,readout,,1,4,"1,0,0,0",,,,,,0.418212890625,-0.000244140625,0.0,-0.63134765625,1.054443359375,0.38720703125
125,readout,,1,5,"1,0,0,0",,,,,,0.23193359375,0.17724609375,0.041015625,-0.59033203125,1.054443359375,0.38720703125
125,readout,,1,6,"1,0,0,0",,,,,,-3.486328125,-0.113525390625,0.395751953125,-0.194580078125,1.054443359375,0.38720703125
125,readout,,1,7,"1,0,0,0",,,,,,-3.013427734375,-0.090576171875,0.27294921875,0.078369140625,1.054443359375,0.38720703125
125,readout,,1,8,"1,0,0,0",,,,,,0.656005859375,0.736328125,0.483154296875,0.5615234375,1.054443359375,0.38720703125
125,readout,,1,9,"1,0,0,0",,,,,,-0.03759765625,0.166015625,-0.00634765625,0.55517578125,1.054443359375,0.38720703125
125,readout,,1,10,"1,0,0,0",,,,,,1.0,-0.16796875,-0.16796875,0.38720703125,1.054443359375,0.38720703125
126,neuron,0,,,"1,0,1,0",-1.43115234375,-0.0302734375,0.0,-1.46142578125,0,,,,,,
126,neuron,1,,,"1,0,1,0",0.23046875,-0.487548828125,0.0,-0.257080078125,0,,,,,,
126,neuron,2,,,"1,0,1,0",-3.4990234375,-1.071044921875,-0.0078125,-3.9990234375,0,,,,,,
126,neuron,3,,,"1,0,1,0",-0.755126953125,-0.5419921875,0.0,-1.297119140625,0,,,,,,
126,neuron,4,,,"1,0,1,0",0.365966796875,0.245361328125,0.14111328125,0.75244140625,0,,,,,,
126,neuron,5,,,"1,0,1,0",0.202880859375,1.001708984375,0.0,0.20458984375,1,,,,,,
126,neuron,6,,,"1,0,1,0",-3.050537109375,-0.65673828125,0.0,-3.707275390625,0,,,,,,
126,neuron,7,,,"1,0,1,0",-2.63671875,-0.21630859375,0.0,-2.85302734375,0,,,,,,
126,readout,,0,0,"1,0,1,0",,,,,,-1.46142578125,-0.245849609375,0.359375,0.359375,0.9658203125,0.73291015625
126,readout,,0,1,"1,0,1,0",,,,,,-0.257080078125,0.25048828125,-0.064453125,0.294921875,0.9658203125,0.73291015625
126,readout,,0,2,"1,0,1,0",,,,,,-3.9990234375,-0.015380859375,0.0615234375,0.3564453125,0.9658203125,0.73291015625
126,readout,,0,3,"1,0,1,0",,,,,,-1.297119140625,-0.057373046875,0.074462890625,0.430908203125,0.9658203125,0.73291015625
126,readout,,0,4,"1,0,1,0",,,,,,0.75244140625,0.0048828125,0.003662109375,0.4345703125,0.9658203125,0.73291015625
126,readout,,0,5,"1,0,1,0",,,,,,0.20458984375,0.10595703125,0.021728515625,0.456298828125,0.9658203125,0.73291015625
126,readout,,0,6,"1,0,1,0",,,,,,-3.707275390625,-0.00244140625,0.009033203125,0.46533203125,0.9658203125,0.73291015625
126,readout,,0,7,"1,0,1,0",,,,,,-2.85302734375,0.31591796875,-0.9013671875,-0.43603515625,0.9658203125,0.73291015625
126,readout,,0,8,"1,0,1,0",,,,,,0.740966796875,1.9990234375,1.481201171875,1.045166015625,0.9658203125,0.73291015625
126,readout,,0,9,"1,0,1,0",,,,,,0.04248046875,-1.9990234375,-0.0849609375,0.960205078125,0.9658203125,0.73291015625
126,readout,,0,10,"1,0,1,0",,,,,,1.0,0.005615234375,0.005615234375,0.9658203125,0.9658203125,0.73291015625
126,readout,,1,0,"1,0,1,0",,,,,,-1.46142578125,0.021240234375,-0.031005859375,-0.031005859375,0.9658203125,0.73291015625
126,readout,,1,1,"1,0,1,0",,,,,,-0.257080078125,-0.540771484375,0.138916015625,0.10791015625,0.9658203125,0.73291015625
126,readout,,1,2,"1,0,1,0",,,,,,-3.9990234375,0.103271484375,-0.4130859375,-0.30517578125,0.9658203125,0.73291015625
126,readout,,1,3,"1,0,1,0",,,,,,-1.297119140625,0.0478515625,-0.06201171875,-0.3671875,0.9658203125,0.73291015625
126,readout,,1,4,"1,0,1,0",,,,,,0.75244140625,-0.000244140625,-0.000244140625,-0.367431640625,0.9658203125,0.73291015625
126,readout,,1,5,"1,0,1,0",,,,,,0.20458984375,0.17724609375,0.036376953125,-0.3310546875,0.9658203125,0.73291015625
126,readout,,1,6,"1,0,1,0",,,,,,-3.707275390625,-0.113525390625,0.4208984375,0.08984375,0.9658203125,0.73291015625
126,readout,,1,7,"1,0,1,0",,,,,,-2.85302734375,-0.090576171875,0.25830078125,0.34814453125,0.9658203125,0.73291015625
126,readout,,1,8,"1,0,1,0",,,,,,0.740966796875,0.736328125,0.545654296875,0.893798828125,0.9658203125,0.73291015625
126,readout,,1,9,"1,0,1,0",,,,,,0.04248046875,0.166015625,0.007080078125,0.90087890625,0.9658203125,0.73291015625
126,readout,,1,10,"1,0,1,0",,,,,,1.0,-0.16796875,-0.16796875,0.73291015625,0.9658203125,0.73291015625
127,neuron,0,,,"1,0,0,1",-1.27880859375,-0.724609375,0.0,-2.00341796875,0,,,,,,
127,neuron,1,,,"1,0,0,1",-0.224853515625,0.052001953125,0.0,-0.1728515625,0,,,,,,
127,neuron,2,,,"1,0,0,1",-3.4990234375,-1.046142578125,-0.0078125,-3.9990234375,0,,,,,,
127,neuron,3,,,"1,0,0,1",-1.135009765625,-0.422607421875,0.0,-1.5576171875,0,,,,,,
127,neuron,4,,,"1,0,0,1",0.658447265625,0.02880859375,0.14111328125,0.828369140625,0,,,,,,
127,neuron,5,,,"1,0,0,1",0.178955078125,0.319091796875,0.0,0.498046875,0,,,,,,
127,neuron,6,,,"1,0,0,1",-3.243896484375,-0.047607421875,0.0,-3.29150390625,0,,,,,,
127,neuron,7,,,"1,0,0,1",-2.496337890625,-0.5361328125,0.0,-3.032470703125,0,,,,,,
127,readout,,0,0,"1,0,0,1",,,,,,-2.00341796875,-0.245849609375,0.492431640625,0.492431640625,1.1015625,0.601806640625
127,readout,,0,1,"1,0,0,1",,,,,,-0.1728515625,0.25048828125,-0.043212890625,0.44921875,1.1015625,0.601806640625
127,readout,,0,2,"1,0,0,1",,,,,,-3.9990234375,-0.015380859375,0.0615234375,0.5107421875,1.1015625,0.601806640625
127,readout,,0,3,"1,0,0,1",,,,,,-1.5576171875,-0.057373046875,0.08935546875,0.60009765625,1.1015625,0.601806640625
127,readout,,0,4,"1,0,0,1",,,,,,0.828369140625,0.0048828125,0.004150390625,0.604248046875,1.1015625,0.601806640625
127,readout,,0,5,"1,0,0,1",,,,,,0.498046875,0.10595703125,0.052734375,0.656982421875,1.1015625,0.601806640625
127,readout,,0,6,"1,0,0,1",,,,,,-3.29150390625,-0.00244140625,0.008056640625,0.6650390625,1.1015625,0.601806640625
127,readout,,0,7,"1,0,0,1",,,,,,-3.032470703125,0.31591796875,-0.9580078125,-0.29296875,1.1015625,0.601806640625
127,readout,,0,8,"1,0,0,1",,,,,,0.6484375,1.9990234375,1.296142578125,1.003173828125,1.1015625,0.601806640625
127,readout,,0,9,"1,0,0,1",,,,,,-0.04638671875,-1.9990234375,0.0927734375,1.095947265625,1.1015625,0.601806640625
127,readout,,0,10,"1,0,0,1",,,,,,1.0,0.005615234375,0.005615234375,1.1015625,1.1015625,0.601806640625
127,readout,,1,0,"1,0,0,1",,,,,,-2.00341796875,0.021240234375,-0.04248046875,-0.04248046875,1.1015625,0.601806640625
127,readout,,1,1,"1,0,0,1",,,,,,-0.1728515625,-0.540771484375,0.093505859375,0.051025390625,1.1015625,0.601806640625
127,readout,,1,2,"1,0,0,1",,,,,,-3.9990234375,0.103271484375,-0.4130859375,-0.362060546875,1.1015625,0.601806640625
127,readout,,1,3,"1,0,0,1",,,,,,-1.5576171875,0.0478515625,-0.074462890625,-0.4365234375,1.1015625,0.601806640625
127,readout,,1,4,"1,0,0,1",,,,,,0.828369140625,-0.000244140625,-0.000244140625,-0.436767578125,1.1015625,0.601806640625
127,readout,,1,5,"1,0,0,1",,,,,,0.498046875,0.17724609375,0.08837890625,-0.348388671875,1.1015625,0.601806640625
127,readout,,1,6,"1,0,0,1",,,,,,-3.29150390625,-0.113525390625,0.373779296875,0.025390625,1.1015625,0.601806640625
127,readout,,1,7,"1,0,0,1",,,,,,-3.032470703125,-0.090576171875,0.274658203125,0.300048828125,1.1015625,0.601806640625
127,readout,,1,8,"1,0,0,1",,,,,,0.6484375,0.736328125,0.4775390625,0.777587890625,1.1015625,0.601806640625
127,readout,,1,9,"1,0,0,1",,,,,,-0.04638671875,0.166015625,-0.0078125,0.769775390625,1.1015625,0.601806640625
127,readout,,1,10,"1,0,0,1",,,,,,1.0,-0.16796875,-0.16796875,0.601806640625,1.1015625,0.601806640625
128,neuron,0,,,"1,0,0,0",-1.7529296875,-0.21142578125,0.0,-1.96435546875,0,,,,,,
128,neuron,1,,,"1,0,0,0",-0.1513671875,0.04296875,0.0,-0.1083984375,0,,,,,,
128,neuron,2,,,"1,0,0,0",-3.4990234375,-0.554931640625,0.0,-3.9990234375,0,,,,,,
128,neuron,3,,,"1,0,0,0",-1.36279296875,-0.090576171875,0.0,-1.453369140625,0,,,,,,
128,neuron,4,,,"1,0,0,0",0.724853515625,0.15283203125,0.0,0.877685546875,0,,,,,,
128,neuron,5,,,"1,0,0,0",0.435791015625,0.571533203125,0.0,0.00732421875,1,,,,,,
128,neuron,6,,,"1,0,0,0",-2.880126953125,-0.427001953125,0.0,-3.30712890625,0,,,,,,
128,neuron,7,,,"1,0,0,0",-2.6533203125,-0.383056640625,0.0,-3.036376953125,0,,,,,,
128,readout,,0,0,"1,0,0,0",,,,,,-1.96435546875,-0.245849609375,0.48291015625,0.48291015625,0.9814453125,0.515380859375
128,readout,,0,1,"1,0,0,0",,,,,,-0.1083984375,0.25048828125,-0.027099609375,0.455810546875,0.9814453125,0.515380859375
128,readout,,0,2,"1,0,0,0",,,,,,-3.9990234375,-0.015380859375,0.0615234375,0.517333984375,0.9814453125,0.515380859375
128,readout,,0,3,"1,0,0,0",,,,,,-1.453369140625,-0.057373046875,0.08349609375,0.600830078125,0.9814453125,0.515380859375
128,readout,,0,4,"1,0,0,0",,,,,,0.877685546875,0.0048828125,0.00439453125,0.605224609375,0.9814453125,0.515380859375
128,readout,,0,5,"1,0,0,0",,,,,,0.00732421875,0.10595703125,0.000732421875,0.60595703125,0.9814453125,0.515380859375
128,readout,,0,6,"1,0,0,0",,,,,,-3.30712890625,-0.00244140625,0.008056640625,0.614013671875,0.9814453125,0.515380859375
128,readout,,0,7,"1,0,0,0",,,,,,-3.036376953125,0.31591796875,-0.959228515625,-0.34521484375,0.9814453125,0.515380859375
128,readout,,0,8,"1,0,0,0",,,,,,0.67333984375,1.9990234375,1.345947265625,1.000732421875,0.9814453125,0.515380859375
128,readout,,0,9,"1,0,0,0",,,,,,0.012451171875,-1.9990234375,-0.02490234375,0.975830078125,0.9814453125,0.515380859375
128,readout,,0,10,"1,0,0,0",,,,,,1.0,0.005615234375,0.005615234375,0.9814453125,0.9814453125,0.515380859375
128,readout,,1,0,"1,0,0,0",,,,,,-1.96435546875,0.021240234375,-0.041748046875,-0.041748046875,0.9814453125,0.515380859375
128,readout,,1,1,"1,0,0,0",,,,,,-0.1083984375,-0.540771484375,0.05859375,0.016845703125,0.9814453125,0.515380859375
128,readout,,1,2,"1,0,0,0",,,,,,-3.9990234375,0.103271484375,-0.4130859375,-0.396240234375,0.9814453125,0.515380859375
128,readout,,1,3,"1,0,0,0",,,,,,-1.453369140625,0.0478515625,-0.069580078125,-0.4658203125,0.9814453125,0.515380859375
128,readout,,1,4,"1,0,0,0",,,,,,0.877685546875,-0.000244140625,-0.000244140625,-0.466064453125,0.9814453125,0.515380859375
128,readout,,1,5,"1,0,0,0",,,,,,0.00732421875,0.17724609375,0.001220703125,-0.46484375,0.9814453125,0.515380859375
128,readout,,1,6,"1,0,0,0",,,,,,-3.30712890625,-0.113525390625,0.37548828125,-0.08935546875,0.9814453125,0.515380859375
128,readout,,1,7,"1,0,0,0",,,,,,-3.036376953125,-0.090576171875,0.27490234375,0.185546875,0.9814453125,0.515380859375
128,readout,,1,8,"1,0,0,0",,,,,,0.67333984375,0.736328125,0.495849609375,0.681396484375,0.9814453125,0.515380859375
128,readout,,1,9,"1,0,0,0",,,,,,0.012451171875,0.166015625,0.001953125,0.683349609375,0.9814453125,0.515380859375
128,readout,,1,10,"1,0,0,0",,,,,,1.0,-0.16796875,-0.16796875,0.515380859375,0.9814453125,0.515380859375
129,neuron,0,,,"1,0,1,0",-1.71875,-0.0302734375,0.0,-1.7490234375,0,,,,,,
129,neuron,1,,,"1,0,1,0",-0.0947265625,-0.487548828125,0.0,-0.582275390625,0,,,,,,
129,neuron,2,,,"1,0,1,0",-3.4990234375,-1.071044921875,-0.0078125,-3.9990234375,0,,,,,,
129,neuron,3,,,"1,0,1,0",-1.271728515625,-0.5419921875,0.0,-1.813720703125,0,,,,,,
129,neuron,4,,,"1,0,1,0",0.76806640625,0.245361328125,0.14111328125,0.154541015625,1,,,,,,
129,neuron,5,,,"1,0,1,0",0.00634765625,1.001708984375,0.0,0.008056640625,1,,,,,,
129,neuron,6,,,"1,0,1,0",-2.893798828125,-0.65673828125,0.0,-3.550537109375,0,,,,,,
129,neuron,7,,,"1,0,1,0",-2.65673828125,-0.21630859375,0.0,-2.873046875,0,,,,,,
129,readout,,0,0,"1,0,1,0",,,,,,-1.7490234375,-0.245849609375,0.429931640625,0.429931640625,1.02783203125,0.872314453125
129,readout,,0,1,"1,0,1,0",,,,,,-0.582275390625,0.25048828125,-0.145751953125,0.2841796875,1.02783203125,0.872314453125
129,readout,,0,2,"1,0,1,0",,,,,,-3.9990234375,-0.015380859375,0.0615234375,0.345703125,1.02783203125,0.872314453125
129,readout,,0,3,"1,0,1,0",,,,,,-1.813720703125,-0.057373046875,0.10400390625,0.44970703125,1.02783203125,0.872314453125
129,readout,,0,4,"1,0,1,0",,,,,,0.154541015625,0.0048828125,0.000732421875,0.450439453125,1.02783203125,0.872314453125
129,readout,,0,5,"1,0,1,0",,,,,,0.008056640625,0.10595703125,0.000732421875,0.451171875,1.02783203125,0.872314453125
129,readout,,0,6,"1,0,1,0",,,,,,-3.550537109375,-0.00244140625,0.0087890625,0.4599609375,1.02783203125,0.872314453125
129,readout,,0,7,"1,0,1,0",,,,,,-2.873046875,0.31591796875,-0.90771484375,-0.44775390625,1.02783203125,0.872314453125
129,readout,,0,8,"1,0,1,0",,,,,,0.79736328125,1.9990234375,1.593994140625,1.146240234375,1.02783203125,0.872314453125
129,readout,,0,9,"1,0,1,0",,,,,,0.06201171875,-1.9990234375,-0.1240234375,1.022216796875,1.02783203125,0.872314453125
129,readout,,0,10,"1,0,1,0",,,,,,1.0,0.005615234375,0.005615234375,1.02783203125,1.02783203125,0.872314453125
129,readout,,1,0,"1,0,1,0",,,,,,-1.7490234375,0.021240234375,-0.037109375,-0.037109375,1.02783203125,0.872314453125
129,readout,,1,1,"1,0,1,0",,,,,,-0.582275390625,-0.540771484375,0.31494140625,0.27783203125,1.02783203125,0.872314453125
129,readout,,1,2,"1,0,1,0",,,,,,-3.9990234375,0.103271484375,-0.4130859375,-0.13525390625,1.02783203125,0.872314453125
129,readout,,1,3,"1,0,1,0",,,,,,-1.813720703125,0.0478515625,-0.086669921875,-0.221923828125,1.02783203125,0.872314453125
129,readout,,1,4,"1,0,1,0",,,,,,0.154541015625,-0.000244140625,0.0,-0.221923828125,1.02783203125,0.872314453125
129,readout,,1,5,"1,0,1,0",,,,,,0.008056640625,0.17724609375,0.00146484375,-0.220458984375,1.02783203125,0.872314453125
129,readout,,1,6,"1,0,1,0",,,,,,-3.550537109375,-0.113525390625,0.403076171875,0.1826171875,1.02783203125,0.872314453125
129,readout,,1,7,"1,0,1,0",,,,,,-2.873046875,-0.090576171875,0.26025390625,0.44287109375,1.02783203125,0.872314453125
129,readout,,1,8,"1,0,1,0",,,,,,0.79736328125,0.736328125,0.587158203125,1.030029296875,1.02783203125,0.872314453125
129,readout,,1,9,"1,0,1,0",,,,,,0.06201171875,0.166015625,0.01025390625,1.040283203125,1.02783203125,0.872314453125
129,readout,,1,10,"1,0,1,0",,,,,,1.0,-0.16796875,-0.16796875,0.872314453125,1.02783203125,0.872314453125
130,neuron,0,,,"1,0,0,0",-1.5302734375,-0.21142578125,0.0,-1.74169921875,0,,,,,,
130,neuron,1,,,"1,0,0,0",-0.509521484375,0.04296875,0.052001953125,-0.41455078125,0,,,,,,
130,neuron,2,,,"1,0,0,0",-3.4990234375,-0.554931640625,-0.0078125,-3.9990234375,0,,,,,,
130,neuron,3,,,"1,0,0,0",-1.5869140625,-0.090576171875,0.0,-1.677490234375,0,,,,,,
130,neuron,4,,,"1,0,0,0",0.13525390625,0.15283203125,0.14111328125,0.42919921875,0,,,,,,
130,neuron,5,,,"1,0,0,0",0.007080078125,0.571533203125,-0.02685546875,0.5517578125,0,,,,,,
130,neuron,6,,,"1,0,0,0",-3.106689453125,-0.427001953125,0.0,-3.53369140625,0,,,,,,
130,neuron,7,,,"1,0,0,0",-2.513916015625,-0.383056640625,0.0,-2.89697265625,0,,,,,,
130,readout,,0,0,"1,0,0,0",,,,,,-1.74169921875,-0.245849609375,0.42822265625,0.42822265625,1.223388671875,0.864013671875
130,readout,,0,1,"1,0,0,0",,,,,,-0.41455078125,0.25048828125,-0.103759765625,0.324462890625,1.223388671875,0.864013671875
130,readout,,0,2,"1,0,0,0",,,,,,-3.9990234375,-0.015380859375,0.0615234375,0.385986328125,1.223388671875,0.864013671875
130,readout,,0,3,"1,0,0,0",,,,,,-1.677490234375,-0.057373046875,0.09619140625,0.482177734375,1.223388671875,0.864013671875
130,readout,,0,4,"1,0,0,0",,,,,,0.42919921875,0.0048828125,0.002197265625,0.484375,1.223388671875,0.864013671875
130,readout,,0,5,"1,0,0,0",,,,,,0.5517578125,0.10595703125,0.058349609375,0.542724609375,1.223388671875,0.864013671875
130,readout,,0,6,"1,0,0,0",,,,,,-3.53369140625,-0.00244140625,0.008544921875,0.55126953125,1.223388671875,0.864013671875
130,readout,,0,7,"1,0,0,0",,,,,,-2.89697265625,0.31591796875,-0.915283203125,-0.364013671875,1.223388671875,0.864013671875
130,readout,,0,8,"1,0,0,0",,,,,,0.784912109375,1.9990234375,1.569091796875,1.205078125,1.223388671875,0.864013671875
130,readout,,0,9,"1,0,0,0",,,,,,-0.00634765625,-1.9990234375,0.0126953125,1.2177734375,1.223388671875,0.864013671875
130,readout,,0,10,"1,0,0,0",,,,,,1.0,0.005615234375,0.005615234375,1.223388671875,1.223388671875,0.864013671875
130,readout,,1,0,"1,0,0,0",,,,,,-1.74169921875,0.021240234375,-0.037109375,-0.037109375,1.223388671875,0.864013671875
130,readout,,1,1,"1,0,0,0",,,,,,-0.41455078125,-0.540771484375,0.22412109375,0.18701171875,1.223388671875,0.864013671875
130,readout,,1,2,"1,0,0,0",,,,,,-3.9990234375,0.103271484375,-0.4130859375,-0.22607421875,1.223388671875,0.864013671875
130,readout,,1,3,"1,0,0,0",,,,,,-1.677490234375,0.0478515625,-0.080322265625,-0.306396484375,1.223388671875,0.864013671875
130,readout,,1,4,"1,0,0,0",,,,,,0.42919921875,-0.000244140625,0.0,-0.306396484375,1.223388671875,0.864013671875
130,readout,,1,5,"1,0,0,0",,,,,,0.5517578125,0.17724609375,0.097900390625,-0.20849609375,1.223388671875,0.864013671875
130,readout,,1,6,"1,0,0,0",,,,,,-3.53369140625,-0.113525390625,0.401123046875,0.192626953125,1.223388671875,0.864013671875
130,readout,,1,7,"1,0,0,0",,,,,,-2.89697265625,-0.090576171875,0.262451171875,0.455078125,1.223388671875,0.864013671875
130,readout,,1,8,"1,0,0,0",,,,,,0.784912109375,0.736328125,0.577880859375,1.032958984375,1.223388671875,0.864013671875
130,readout,,1,9,"1,0,0,0",,,,,,-0.00634765625,0.166015625,-0.0009765625,1.031982421875,1.223388671875,0.864013671875
130,readout,,1,10,"1,0,0,0",,,,,,1.0,-0.16796875,-0.16796875,0.864013671875,1.223388671875,0.864013671875
131,neuron,0,,,"1,0,0,0",-1.52392578125,-0.21142578125,0.0,-1.7353515625,0,,,,,,
131,neuron,1,,,"1,0,0,0",-0.36279296875,0.04296875,0.0,-0.31982421875,0,,,,,,
131,neuron,2,,,"1,0,0,0",-3.4990234375,-0.554931640625,0.0,-3.9990234375,0,,,,,,
131,neuron,3,,,"1,0,0,0",-1.4677734375,-0.090576171875,0.0,-1.558349609375,0,,,,,,
131,neuron,4,,,"1,0,0,0",0.37548828125,0.15283203125,0.0,0.5283203125,0,,,,,,
131,neuron,5,,,"1,0,0,0",0.48291015625,0.571533203125,0.0,0.054443359375,1,,,,,,
131,neuron,6,,,"1,0,0,0",-3.092041015625,-0.427001953125,0.0,-3.51904296875,0,,,,,,
131,neuron,7,,,"1,0,0,0",-2.534912109375,-0.383056640625,0.0,-2.91796875,0,,,,,,
131,readout,,0,0,"1,0,0,0",,,,,,-1.7353515625,-0.245849609375,0.426513671875,0.426513671875,1.103271484375,0.679443359375
131,readout,,0,1,"1,0,0,0",,,,,,-0.31982421875,0.25048828125,-0.080078125,0.346435546875,1.103271484375,0.679443359375
131,readout,,0,2,"1,0,0,0",,,,,,-3.9990234375,-0.015380859375,0.0615234375,0.407958984375,1.103271484375,0.679443359375
131,readout,,0,3,"1,0,0,0",,,,,,-1.558349609375,-0.057373046875,0.08935546875,0.497314453125,1.103271484375,0.679443359375
131,readout,,0,4,"1,0,0,0",,,,,,0.5283203125,0.0048828125,0.002685546875,0.5,1.103271484375,0.679443359375
131,readout,,0,5,"1,0,0,0",,,,,,0.054443359375,0.10595703125,0.005859375,0.505859375,1.103271484375,0.679443359375
131,readout,,0,6,"1,0,0,0",,,,,,-3.51904296875,-0.00244140625,0.008544921875,0.514404296875,1.103271484375,0.679443359375
131,readout,,0,7,"1,0,0,0",,,,,,-2.91796875,0.31591796875,-0.921875,-0.407470703125,1.103271484375,0.679443359375
131,readout,,0,8,"1,0,0,0",,,,,,0.72119140625,1.9990234375,1.441650390625,1.0341796875,1.103271484375,0.679443359375
131,readout,,0,9,"1,0,0,0",,,,,,-0.03173828125,-1.9990234375,0.0634765625,1.09765625,1.103271484375,0.679443359375
131,readout,,0,10,"1,0,0,0",,,,,,1.0,0.005615234375,0.005615234375,1.103271484375,1.103271484375,0.679443359375
131,readout,,1,0,"1,0,0,0",,,,,,-1.7353515625,0.021240234375,-0.036865234375,-0.036865234375,1.103271484375,0.679443359375
131,readout,,1,1,"1,0,0,0",,,,,,-0.31982421875,-0.540771484375,0.1728515625,0.135986328125,1.103271484375,0.679443359375
131,readout,,1,2,"1,0,0,0",,,,,,-3.9990234375,0.103271484375,-0.4130859375,-0.277099609375,1.103271484375,0.679443359375
131,readout,,1,3,"1,0,0,0",,,,,,-1.558349609375,0.0478515625,-0.074462890625,-0.3515625,1.103271484375,0.679443359375
131,readout,,1,4,"1,0,0,0",,,,,,0.5283203125,-0.000244140625,-0.000244140625,-0.351806640625,1.103271484375,0.679443359375
131,readout,,1,5,"1,0,0,0",,,,,,0.054443359375,0.17724609375,0.009765625,-0.342041015625,1.103271484375,0.679443359375
131,readout,,1,6,"1,0,0,0",,,,,,-3.51904296875,-0.113525390625,0.3994140625,0.057373046875,1.103271484375,0.679443359375
131,readout,,1,7,"1,0,0,0",,,,,,-2.91796875,-0.090576171875,0.264404296875,0.32177734375,1.103271484375,0.679443359375
131,readout,,1,8,"1,0,0,0",,,,,,0.72119140625,0.736328125,0.531005859375,0.852783203125,1.103271484375,0.679443359375
131,readout,,1,9,"1,0,0,0",,,,,,-0.03173828125,0.166015625,-0.00537109375,0.847412109375,1.103271484375,0.679443359375
131,readout,,1,10,"1,0,0,0",,,,,,1.0,-0.16796875,-0.16796875,0.679443359375,1.103271484375,0.679443359375
132,neuron,0,,,"1,0,0,0",-1.5185546875,-0.21142578125,0.0,-1.72998046875,0,,,,,,
132,neuron,1,,,"1,0,0,0",-0.27978515625,0.04296875,0.0,-0.23681640625,0,,,,,,
132,neuron,2,,,"1,0,0,0",-3.4990234375,-0.554931640625,-0.0078125,-3.9990234375,0,,,,,,
132,neuron,3,,,"1,0,0,0",-1.363525390625,-0.090576171875,0.0,-1.4541015625,0,,,,,,
132,neuron,4,,,"1,0,0,0",0.46240234375,0.15283203125,0.14111328125,0.75634765625,0,,,,,,
132,neuron,5,,,"1,0,0,0",0.047607421875,0.571533203125,0.0,0.619140625,0,,,,,,
132,neuron,6,,,"1,0,0,0",-3.0791015625,-0.427001953125,0.0,-3.506103515625,0,,,,,,
132,neuron,7,,,"1,0,0,0",-2.55322265625,-0.383056640625,0.0,-2.936279296875,0,,,,,,
132,readout,,0,0,"1,0,0,0",,,,,,-1.72998046875,-0.245849609375,0.42529296875,0.42529296875,1.12939453125,0.761962890625
132,readout,,0,1,"1,0,0,0",,,,,,-0.23681640625,0.25048828125,-0.059326171875,0.365966796875,1.12939453125,0.761962890625
132,readout,,0,2,"1,0,0,0",,,,,,-3.9990234375,-0.015380859375,0.0615234375,0.427490234375,1.12939453125,0.761962890625
132,readout,,0,3,"1,0,0,0",,,,,,-1.4541015625,-0.057373046875,0.08349609375,0.510986328125,1.12939453125,0.761962890625
132,readout,,0,4,"1,0,0,0",,,,,,0.75634765625,0.0048828125,0.003662109375,0.5146484375,1.12939453125,0.761962890625
132,readout,,0,5,"1,0,0,0",,,,,,0.619140625,0.10595703125,0.065673828125,0.580322265625,1.12939453125,0.761962890625
132,readout,,0,6,"1,0,0,0",,,,,,-3.506103515625,-0.00244140625,0.008544921875,0.5888671875,1.12939453125,0.761962890625
132,readout,,0,7,"1,0,0,0",,,,,,-2.936279296875,0.31591796875,-0.927734375,-0.3388671875,1.12939453125,0.761962890625
132,readout,,0,8,"1,0,0,0",,,,,,0.7421875,1.9990234375,1.483642578125,1.144775390625,1.12939453125,0.761962890625
132,readout,,0,9,"1,0,0,0",,,,,,0.010498046875,-1.9990234375,-0.02099609375,1.123779296875,1.12939453125,0.761962890625
132,readout,,0,10,"1,0,0,0",,,,,,1.0,0.005615234375,0.005615234375,1.12939453125,1.12939453125,0.761962890625
132,readout,,1,0,"1,0,0,0",,,,,,-1.72998046875,0.021240234375,-0.036865234375,-0.036865234375,1.12939453125,0.761962890625
132,readout,,1,1,"1,0,0,0",,,,,,-0.23681640625,-0.540771484375,0.128173828125,0.09130859375,1.12939453125,0.761962890625
132,readout,,1,2,"1,0,0,0",,,,,,-3.9990234375,0.103271484375,-0.4130859375,-0.32177734375,1.12939453125,0.761962890625
132,readout,,1,3,"1,0,0,0",,,,,,-1.4541015625,0.0478515625,-0.069580078125,-0.391357421875,1.12939453125,0.761962890625
132,readout,,1,4,"1,0,0,0",,,,,,0.75634765625,-0.000244140625,-0.000244140625,-0.3916015625,1.12939453125,0.761962890625
132,readout,,1,5,"1,0,0,0",,,,,,0.619140625,0.17724609375,0.109619140625,-0.281982421875,1.12939453125,0.761962890625
132,readout,,1,6,"1,0,0,0",,,,,,-3.506103515625,-0.113525390625,0.39794921875,0.115966796875,1.12939453125,0.761962890625
132,readout,,1,7,"1,0,0,0",,,,,,-2.936279296875,-0.090576171875,0.265869140625,0.3818359375,1.12939453125,0.761962890625
132,readout,,1,8,"1,0,0,0",,,,,,0.7421875,0.736328125,0.54638671875,0.92822265625,1.12939453125,0.761962890625
132,readout,,1,9,"1,0,0,0",,,,,,0.010498046875,0.166015625,0.001708984375,0.929931640625,1.12939453125,0.761962890625
132,readout,,1,10,"1,0,0,0",,,,,,1.0,-0.16796875,-0.16796875,0.761962890625,1.12939453125,0.761962890625
133,neuron,0,,,"1,0,0,0",-1.513671875,-0.21142578125,0.0,-1.72509765625,0,,,,,,
133,neuron,1,,,"1,0,0,0",-0.207275390625,0.04296875,0.0,-0.164306640625,0,,,,,,
133,neuron,2,,,"1,0,0,0",-3.4990234375,-0.554931640625,0.0,-3.9990234375,0,,,,,,
133,neuron,3,,,"1,0,0,0",-1.2724609375,-0.090576171875,0.0,-1.363037109375,0,,,,,,
133,neuron,4,,,"1,0,0,0",0.661865234375,0.15283203125,0.0,0.814697265625,0,,,,,,
133,neuron,5,,,"1,0,0,0",0.541748046875,0.571533203125,0.0,0.11328125,1,,,,,,
133,neuron,6,,,"1,0,0,0",-3.06787109375,-0.427001953125,0.0,-3.494873046875,0,,,,,,
133,neuron,7,,,"1,0,0,0",-2.5693359375,-0.383056640625,0.0,-2.952392578125,0,,,,,,
133,readout,,0,0,"1,0,0,0",,,,,,-1.72509765625,-0.245849609375,0.424072265625,0.424072265625,1.146484375,0.671630859375
133,readout,,0,1,"1,0,0,0",,,,,,-0.164306640625,0.25048828125,-0.041259765625,0.3828125,1.146484375,0.671630859375
133,readout,,0,2,"1,0,0,0",,,,,,-3.9990234375,-0.015380859375,0.0615234375,0.4443359375,1.146484375,0.671630859375
133,readout,,0,3,"1,0,0,0",,,,,,-1.363037109375,-0.057373046875,0.078125,0.5224609375,1.146484375,0.671630859375
133,readout,,0,4,"1,0,0,0",,,,,,0.814697265625,0.0048828125,0.00390625,0.5263671875,1.146484375,0.671630859375
133,readout,,0,5,"1,0,0,0",,,,,,0.11328125,0.10595703125,0.011962890625,0.538330078125,1.146484375,0.671630859375
133,readout,,0,6,"1,0,0,0",,,,,,-3.494873046875,-0.00244140625,0.008544921875,0.546875,1.146484375,0.671630859375
133,readout,,0,7,"1,0,0,0",,,,,,-2.952392578125,0.31591796875,-0.9326171875,-0.3857421875,1.146484375,0.671630859375
133,readout,,0,8,"1,0,0,0",,,,,,0.78515625,1.9990234375,1.569580078125,1.183837890625,1.146484375,0.671630859375
133,readout,,0,9,"1,0,0,0",,,,,,0.021484375,-1.9990234375,-0.04296875,1.140869140625,1.146484375,0.671630859375
133,readout,,0,10,"1,0,0,0",,,,,,1.0,0.005615234375,0.005615234375,1.146484375,1.146484375,0.671630859375
133,readout,,1,0,"1,0,0,0",,,,,,-1.72509765625,0.021240234375,-0.03662109375,-0.03662109375,1.146484375,0.671630859375
133,readout,,1,1,"1,0,0,0",,,,,,-0.164306640625,-0.540771484375,0.0888671875,0.05224609375,1.146484375,0.671630859375
133,readout,,1,2,"1,0,0,0",,,,,,-3.9990234375,0.103271484375,-0.4130859375,-0.36083984375,1.146484375,0.671630859375
133,readout,,1,3,"1,0,0,0",,,,,,-1.363037109375,0.0478515625,-0.065185546875,-0.426025390625,1.146484375,0.671630859375
133,readout,,1,4,"1,0,0,0",,,,,,0.814697265625,-0.000244140625,-0.000244140625,-0.42626953125,1.146484375,0.671630859375
133,readout,,1,5,"1,0,0,0",,,,,,0.11328125,0.17724609375,0.02001953125,-0.40625,1.146484375,0.671630859375
133,readout,,1,6,"1,0,0,0",,,,,,-3.494873046875,-0.113525390625,0.396728515625,-0.009521484375,1.146484375,0.671630859375
133,readout,,1,7,"1,0,0,0",,,,,,-2.952392578125,-0.090576171875,0.267333984375,0.2578125,1.146484375,0.671630859375
133,readout,,1,8,"1,0,0,0",,,,,,0.78515625,0.736328125,0.578125,0.8359375,1.146484375,0.671630859375
133,readout,,1,9,"1,0,0,0",,,,,,0.021484375,0.166015625,0.003662109375,0.839599609375,1.146484375,0.671630859375
133,readout,,1,10,"1,0,0,0",,,,,,1.0,-0.16796875,-0.16796875,0.671630859375,1.146484375,0.671630859375
134,neuron,0,,,"1,0,0,0",-1.509521484375,-0.21142578125,0.0,-1.720947265625,0,,,,,,
134,neuron,1,,,"1,0,0,0",-0.143798828125,0.04296875,0.0,-0.100830078125,0,,,,,,
134,neuron,2,,,"1,0,0,0",-3.4990234375,-0.554931640625,-0.0078125,-3.9990234375,0,,,,,,
134,neuron,3,,,"1,0,0,0",-1.192626953125,-0.090576171875,0.0,-1.283203125,0,,,,,,
134,neuron,4,,,"1,0,0,0",0.712890625,0.15283203125,0.14111328125,0.0068359375,1,,,,,,
134,neuron,5,,,"1,0,0,0",0.09912109375,0.571533203125,0.0,0.670654296875,0,,,,,,
134,neuron,6,,,"1,0,0,0",-3.05810546875,-0.427001953125,0.0,-3.485107421875,0,,,,,,
134,neuron,7,,,"1,0,0,0",-2.583251953125,-0.383056640625,0.0,-2.96630859375,0,,,,,,
134,readout,,0,0,"1,0,0,0",,,,,,-1.720947265625,-0.245849609375,0.423095703125,0.423095703125,1.25732421875,0.7421875
134,readout,,0,1,"1,0,0,0",,,,,,-0.100830078125,0.25048828125,-0.025146484375,0.39794921875,1.25732421875,0.7421875
134,readout,,0,2,"1,0,0,0",,,,,,-3.9990234375,-0.015380859375,0.0615234375,0.45947265625,1.25732421875,0.7421875
134,readout,,0,3,"1,0,0,0",,,,,,-1.283203125,-0.057373046875,0.07373046875,0.533203125,1.25732421875,0.7421875
134,readout,,0,4,"1,0,0,0",,,,,,0.0068359375,0.0048828125,0.0,0.533203125,1.25732421875,0.7421875
134,readout,,0,5,"1,0,0,0",,,,,,0.670654296875,0.10595703125,0.071044921875,0.604248046875,1.25732421875,0.7421875
134,readout,,0,6,"1,0,0,0",,,,,,-3.485107421875,-0.00244140625,0.008544921875,0.61279296875,1.25732421875,0.7421875
134,readout,,0,7,"1,0,0,0",,,,,,-2.96630859375,0.31591796875,-0.93701171875,-0.32421875,1.25732421875,0.7421875
134,readout,,0,8,"1,0,0,0",,,,,,0.791748046875,1.9990234375,1.582763671875,1.258544921875,1.25732421875,0.7421875
134,readout,,0,9,"1,0,0,0",,,,,,0.00341796875,-1.9990234375,-0.0068359375,1.251708984375,1.25732421875,0.7421875
134,readout,,0,10,"1,0,0,0",,,,,,1.0,0.005615234375,0.005615234375,1.25732421875,1.25732421875,0.7421875
134,readout,,1,0,"1,0,0,0",,,,,,-1.720947265625,0.021240234375,-0.03662109375,-0.03662109375,1.25732421875,0.7421875
134,readout,,1,1,"1,0,0,0",,,,,,-0.100830078125,-0.540771484375,0.054443359375,0.017822265625,1.25732421875,0.7421875
134,readout,,1,2,"1,0,0,0",,,,,,-3.9990234375,0.103271484375,-0.4130859375,-0.395263671875,1.25732421875,0.7421875
134,readout,,1,3,"1,0,0,0",,,,,,-1.283203125,0.0478515625,-0.0615234375,-0.456787109375,1.25732421875,0.7421875
134,readout,,1,4,"1,0,0,0",,,,,,0.0068359375,-0.000244140625,0.0,-0.456787109375,1.25732421875,0.7421875
134,readout,,1,5,"1,0,0,0",,,,,,0.670654296875,0.17724609375,0.118896484375,-0.337890625,1.25732421875,0.7421875
134,readout,,1,6,"1,0,0,0",,,,,,-3.485107421875,-0.113525390625,0.395751953125,0.057861328125,1.25732421875,0.7421875
134,readout,,1,7,"1,0,0,0",,,,,,-2.96630859375,-0.090576171875,0.268798828125,0.32666015625,1.25732421875,0.7421875
134,readout,,1,8,"1,0,0,0",,,,,,0.791748046875,0.736328125,0.5830078125,0.90966796875,1.25732421875,0.7421875
134,readout,,1,9,"1,0,0,0",,,,,,0.00341796875,0.166015625,0.00048828125,0.91015625,1.25732421875,0.7421875
134,readout,,1,10,"1,0,0,0",,,,,,1.0,-0.16796875,-0.16796875,0.7421875,1.25732421875,0.7421875
135,neuron,0,,,"1,0,0,0",-1.505859375,-0.21142578125,0.0,-1.71728515625,0,,,,,,
135,neuron,1,,,"1,0,0,0",-0.088134765625,0.04296875,0.052001953125,0.0068359375,0,,,,,,
135,neuron,2,,,"1,0,0,0",-3.4990234375,-0.554931640625,0.0,-3.9990234375,0,,,,,,
135,neuron,3,,,"1,0,0,0",-1.122802734375,-0.090576171875,0.0,-1.21337890625,0,,,,,,
135,neuron,4,,,"1,0,0,0",0.005859375,0.15283203125,0.0,0.15869140625,0,,,,,,
135,neuron,5,,,"1,0,0,0",0.5869140625,0.571533203125,-0.02685546875,0.131591796875,1,,,,,,
135,neuron,6,,,"1,0,0,0",-3.049560546875,-0.427001953125,0.0,-3.4765625,0,,,,,,
135,neuron,7,,,"1,0,0,0",-2.595458984375,-0.383056640625,0.0,-2.978515625,0,,,,,,
135,readout,,0,0,"1,0,0,0",,,,,,-1.71728515625,-0.245849609375,0.422119140625,0.422119140625,1.23681640625,0.601318359375
135,readout,,0,1,"1,0,0,0",,,,,,0.0068359375,0.25048828125,0.001708984375,0.423828125,1.23681640625,0.601318359375
135,readout,,0,2,"1,0,0,0",,,,,,-3.9990234375,-0.015380859375,0.0615234375,0.4853515625,1.23681640625,0.601318359375
135,readout,,0,3,"1,0,0,0",,,,,,-1.21337890625,-0.057373046875,0.069580078125,0.554931640625,1.23681640625,0.601318359375
135,readout,,0,4,"1,0,0,0",,,,,,0.15869140625,0.0048828125,0.000732421875,0.5556640625,1.23681640625,0.601318359375
135,readout,,0,5,"1,0,0,0",,,,,,0.131591796875,0.10595703125,0.013916015625,0.569580078125,1.23681640625,0.601318359375
135,readout,,0,6,"1,0,0,0",,,,,,-3.4765625,-0.00244140625,0.008544921875,0.578125,1.23681640625,0.601318359375
135,readout,,0,7,"1,0,0,0",,,,,,-2.978515625,0.31591796875,-0.94091796875,-0.36279296875,1.23681640625,0.601318359375
135,readout,,0,8,"1,0,0,0",,,,,,0.80322265625,1.9990234375,1.605712890625,1.242919921875,1.23681640625,0.601318359375
135,readout,,0,9,"1,0,0,0",,,,,,0.005859375,-1.9990234375,-0.01171875,1.231201171875,1.23681640625,0.601318359375
135,readout,,0,10,"1,0,0,0",,,,,,1.0,0.005615234375,0.005615234375,1.23681640625,1.23681640625,0.601318359375
135,readout,,1,0,"1,0,0,0",,,,,,-1.71728515625,0.021240234375,-0.036376953125,-0.036376953125,1.23681640625,0.601318359375
135,readout,,1,1,"1,0,0,0",,,,,,0.0068359375,-0.540771484375,-0.003662109375,-0.0400390625,1.23681640625,0.601318359375
135,readout,,1,2,"1,0,0,0",,,,,,-3.9990234375,0.103271484375,-0.4130859375,-0.453125,1.23681640625,0.601318359375
135,readout,,1,3,"1,0,0,0",,,,,,-1.21337890625,0.0478515625,-0.05810546875,-0.51123046875,1.23681640625,0.601318359375
135,readout,,1,4,"1,0,0,0",,,,,,0.15869140625,-0.000244140625,0.0,-0.51123046875,1.23681640625,0.601318359375
135,readout,,1,5,"1,0,0,0",,,,,,0.131591796875,0.17724609375,0.0234375,-0.48779296875,1.23681640625,0.601318359375
135,readout,,1,6,"1,0,0,0",,,,,,-3.4765625,-0.113525390625,0.394775390625,-0.093017578125,1.23681640625,0.601318359375
135,readout,,1,7,"1,0,0,0",,,,,,-2.978515625,-0.090576171875,0.269775390625,0.1767578125,1.23681640625,0.601318359375
135,readout,,1,8,"1,0,0,0",,,,,,0.80322265625,0.736328125,0.591552734375,0.768310546875,1.23681640625,0.601318359375
135,readout,,1,9,"1,0,0,0",,,,,,0.005859375,0.166015625,0.0009765625,0.769287109375,1.23681640625,0.601318359375
135,readout,,1,10,"1,0,0,0",,,,,,1.0,-0.16796875,-0.16796875,0.601318359375,1.23681640625,0.601318359375
136,neuron,0,,,"1,0,0,0",-1.502685546875,-0.21142578125,0.0,-1.714111328125,0,,,,,,
136,neuron,1,,,"1,0,0,0",0.005859375,0.04296875,0.0,0.048828125,0,,,,,,
136,neuron,2,,,"1,0,0,0",-3.4990234375,-0.554931640625,-0.0078125,-3.9990234375,0,,,,,,
136,neuron,3,,,"1,0,0,0",-1.061767578125,-0.090576171875,0.0,-1.15234375,0,,,,,,
136,neuron,4,,,"1,0,0,0",0.138916015625,0.15283203125,0.14111328125,0.432861328125,0,,,,,,
136,neuron,5,,,"1,0,0,0",0.115234375,0.571533203125,0.0,0.686767578125,0,,,,,,
136,neuron,6,,,"1,0,0,0",-3.0419921875,-0.427001953125,0.0,-3.468994140625,0,,,,,,
136,neuron,7,,,"1,0,0,0",-2.606201171875,-0.383056640625,0.0,-2.9892578125,0,,,,,,
136,readout,,0,0,"1,0,0,0",,,,,,-1.714111328125,-0.245849609375,0.42138671875,0.42138671875,1.38427734375,0.738525390625
136,readout,,0,1,"1,0,0,0",,,,,,0.048828125,0.25048828125,0.01220703125,0.43359375,1.38427734375,0.738525390625
136,readout,,0,2,"1,0,0,0",,,,,,-3.9990234375,-0.015380859375,0.0615234375,0.4951171875,1.38427734375,0.738525390625
136,readout,,0,3,"1,0,0,0",,,,,,-1.15234375,-0.057373046875,0.066162109375,0.561279296875,1.38427734375,0.738525390625
136,readout,,0,4,"1,0,0,0",,,,,,0.432861328125,0.0048828125,0.002197265625,0.5634765625,1.38427734375,0.738525390625
136,readout,,0,5,"1,0,0,0",,,,,,0.686767578125,0.10595703125,0.07275390625,0.63623046875,1.38427734375,0.738525390625
136,readout,,0,6,"1,0,0,0",,,,,,-3.468994140625,-0.00244140625,0.008544921875,0.644775390625,1.38427734375,0.738525390625
136,readout,,0,7,"1,0,0,0",,,,,,-2.9892578125,0.31591796875,-0.9443359375,-0.299560546875,1.38427734375,0.738525390625
136,readout,,0,8,"1,0,0,0",,,,,,0.8759765625,1.9990234375,1.7509765625,1.451416015625,1.38427734375,0.738525390625
136,readout,,0,9,"1,0,0,0",,,,,,0.036376953125,-1.9990234375,-0.07275390625,1.378662109375,1.38427734375,0.738525390625
136,readout,,0,10,"1,0,0,0",,,,,,1.0,0.005615234375,0.005615234375,1.38427734375,1.38427734375,0.738525390625
136,readout,,1,0,"1,0,0,0",,,,,,-1.714111328125,0.021240234375,-0.036376953125,-0.036376953125,1.38427734375,0.738525390625
136,readout,,1,1,"1,0,0,0",,,,,,0.048828125,-0.540771484375,-0.0263671875,-0.062744140625,1.38427734375,0.738525390625
136,readout,,1,2,"1,0,0,0",,,,,,-3.9990234375,0.103271484375,-0.4130859375,-0.475830078125,1.38427734375,0.738525390625
136,readout,,1,3,"1,0,0,0",,,,,,-1.15234375,0.0478515625,-0.05517578125,-0.531005859375,1.38427734375,0.738525390625
136,readout,,1,4,"1,0,0,0",,,,,,0.432861328125,-0.000244140625,0.0,-0.531005859375,1.38427734375,0.738525390625
136,readout,,1,5,"1,0,0,0",,,,,,0.686767578125,0.17724609375,0.121826171875,-0.4091796875,1.38427734375,0.738525390625
136,readout,,1,6,"1,0,0,0",,,,,,-3.468994140625,-0.113525390625,0.393798828125,-0.015380859375,1.38427734375,0.738525390625
136,readout,,1,7,"1,0,0,0",,,,,,-2.9892578125,-0.090576171875,0.270751953125,0.25537109375,1.38427734375,0.738525390625
136,readout,,1,8,"1,0,0,0",,,,,,0.8759765625,0.736328125,0.64501953125,0.900390625,1.38427734375,0.738525390625
136,readout,,1,9,"1,0,0,0",,,,,,0.036376953125,0.166015625,0.006103515625,0.906494140625,1.38427734375,0.738525390625
136,readout,,1,10,"1,0,0,0",,,,,,1.0,-0.16796875,-0.16796875,0.738525390625,1.38427734375,0.738525390625
137,neuron,0,,,"1,0,0,0",-1.499755859375,-0.21142578125,0.0,-1.711181640625,0,,,,,,
137,neuron,1,,,"1,0,0,0",0.042724609375,0.04296875,0.0,0.085693359375,0,,,,,,
137,neuron,2,,,"1,0,0,0",-3.4990234375,-0.554931640625,0.0,-3.9990234375,0,,,,,,
137,neuron,3,,,"1,0,0,0",-1.00830078125,-0.090576171875,0.0,-1.098876953125,0,,,,,,
137,neuron,4,,,"1,0,0,0",0.378662109375,0.15283203125,0.0,0.531494140625,0,,,,,,
137,neuron,5,,,"1,0,0,0",0.600830078125,0.571533203125,0.0,0.17236328125,1,,,,,,
137,neuron,6,,,"1,0,0,0",-3.035400390625,-0.427001953125,0.0,-3.46240234375,0,,,,,,
137,neuron,7,,,"1,0,0,0",-2.61572265625,-0.383056640625,0.0,-2.998779296875,0,,,,,,
137,readout,,0,0,"1,0,0,0",,,,,,-1.711181640625,-0.245849609375,0.420654296875,0.420654296875,1.388671875,0.609619140625
137,readout,,0,1,"1,0,0,0",,,,,,0.085693359375,0.25048828125,0.021484375,0.442138671875,1.388671875,0.609619140625
137,readout,,0,2,"1,0,0,0",,,,,,-3.9990234375,-0.015380859375,0.0615234375,0.503662109375,1.388671875,0.609619140625
137,readout,,0,3,"1,0,0,0",,,,,,-1.098876953125,-0.057373046875,0.06298828125,0.566650390625,1.388671875,0.609619140625
137,readout,,0,4,"1,0,0,0",,,,,,0.531494140625,0.0048828125,0.002685546875,0.5693359375,1.388671875,0.609619140625
137,readout,,0,5,"1,0,0,0",,,,,,0.17236328125,0.10595703125,0.018310546875,0.587646484375,1.388671875,0.609619140625
137,readout,,0,6,"1,0,0,0",,,,,,-3.46240234375,-0.00244140625,0.008544921875,0.59619140625,1.388671875,0.609619140625
137,readout,,0,7,"1,0,0,0",,,,,,-2.998779296875,0.31591796875,-0.947265625,-0.35107421875,1.388671875,0.609619140625
137,readout,,0,8,"1,0,0,0",,,,,,0.85888671875,1.9990234375,1.717041015625,1.365966796875,1.388671875,0.609619140625
137,readout,,0,9,"1,0,0,0",,,,,,-0.008544921875,-1.9990234375,0.01708984375,1.383056640625,1.388671875,0.609619140625
137,readout,,0,10,"1,0,0,0",,,,,,1.0,0.005615234375,0.005615234375,1.388671875,1.388671875,0.609619140625
137,readout,,1,0,"1,0,0,0",,,,,,-1.711181640625,0.021240234375,-0.036376953125,-0.036376953125,1.388671875,0.609619140625
137,readout,,1,1,"1,0,0,0",,,,,,0.085693359375,-0.540771484375,-0.04638671875,-0.082763671875,1.388671875,0.609619140625
137,readout,,1,2,"1,0,0,0",,,,,,-3.9990234375,0.103271484375,-0.4130859375,-0.495849609375,1.388671875,0.609619140625
137,readout,,1,3,"1,0,0,0",,,,,,-1.098876953125,0.0478515625,-0.052490234375,-0.54833984375,1.388671875,0.609619140625
137,readout,,1,4,"1,0,0,0",,,,,,0.531494140625,-0.000244140625,-0.000244140625,-0.548583984375,1.388671875,0.609619140625
137,readout,,1,5,"1,0,0,0",,,,,,0.17236328125,0.17724609375,0.030517578125,-0.51806640625,1.388671875,0.609619140625
137,readout,,1,6,"1,0,0,0",,,,,,-3.46240234375,-0.113525390625,0.39306640625,-0.125,1.388671875,0.609619140625
137,readout,,1,7,"1,0,0,0",,,,,,-2.998779296875,-0.090576171875,0.271728515625,0.146728515625,1.388671875,0.609619140625
137,readout,,1,8,"1,0,0,0",,,,,,0.85888671875,0.736328125,0.63232421875,0.779052734375,1.388671875,0.609619140625
137,readout,,1,9,"1,0,0,0",,,,,,-0.008544921875,0.166015625,-0.00146484375,0.777587890625,1.388671875,0.609619140625
137,readout,,1,10,"1,0,0,0",,,,,,1.0,-0.16796875,-0.16796875,0.609619140625,1.388671875,0.609619140625
138,neuron,0,,,"1,0,0,0",-1.497314453125,-0.21142578125,0.0,-1.708740234375,0,,,,,,
138,neuron,1,,,"1,0,0,0",0.074951171875,0.04296875,0.0,0.117919921875,0,,,,,,
138,neuron,2,,,"1,0,0,0",-3.4990234375,-0.554931640625,-0.0078125,-3.9990234375,0,,,,,,
138,neuron,3,,,"1,0,0,0",-0.96142578125,-0.090576171875,0.0,-1.052001953125,0,,,,,,
138,neuron,4,,,"1,0,0,0",0.465087890625,0.15283203125,0.14111328125,0.759033203125,0,,,,,,
138,neuron,5,,,"1,0,0,0",0.15087890625,0.571533203125,0.0,0.722412109375,0,,,,,,
138,neuron,6,,,"1,0,0,0",-3.029541015625,-0.427001953125,0.0,-3.45654296875,0,,,,,,
138,neuron,7,,,"1,0,0,0",-2.6240234375,-0.383056640625,0.0,-3.007080078125,0,,,,,,
138,readout,,0,0,"1,0,0,0",,,,,,-1.708740234375,-0.245849609375,0.420166015625,0.420166015625,1.494873046875,0.744140625
138,readout,,0,1,"1,0,0,0",,,,,,0.117919921875,0.25048828125,0.029541015625,0.44970703125,1.494873046875,0.744140625
138,readout,,0,2,"1,0,0,0",,,,,,-3.9990234375,-0.015380859375,0.0615234375,0.51123046875,1.494873046875,0.744140625
138,readout,,0,3,"1,0,0,0",,,,,,-1.052001953125,-0.057373046875,0.060302734375,0.571533203125,1.494873046875,0.744140625
138,readout,,0,4,"1,0,0,0",,,,,,0.759033203125,0.0048828125,0.003662109375,0.5751953125,1.494873046875,0.744140625
138,readout,,0,5,"1,0,0,0",,,,,,0.722412109375,0.10595703125,0.07666015625,0.65185546875,1.494873046875,0.744140625
138,readout,,0,6,"1,0,0,0",,,,,,-3.45654296875,-0.00244140625,0.008544921875,0.660400390625,1.494873046875,0.744140625
138,readout,,0,7,"1,0,0,0",,,,,,-3.007080078125,0.31591796875,-0.949951171875,-0.28955078125,1.494873046875,0.744140625
138,readout,,0,8,"1,0,0,0",,,,,,0.9208984375,1.9990234375,1.8408203125,1.55126953125,1.494873046875,0.744140625
138,readout,,0,9,"1,0,0,0",,,,,,0.031005859375,-1.9990234375,-0.06201171875,1.4892578125,1.494873046875,0.744140625
138,readout,,0,10,"1,0,0,0",,,,,,1.0,0.005615234375,0.005615234375,1.494873046875,1.494873046875,0.744140625
138,readout,,1,0,"1,0,0,0",,,,,,-1.708740234375,0.021240234375,-0.036376953125,-0.036376953125,1.494873046875,0.744140625
138,readout,,1,1,"1,0,0,0",,,,,,0.117919921875,-0.540771484375,-0.063720703125,-0.10009765625,1.494873046875,0.744140625
138,readout,,1,2,"1,0,0,0",,,,,,-3.9990234375,0.103271484375,-0.4130859375,-0.51318359375,1.494873046875,0.744140625
138,readout,,1,3,"1,0,0,0",,,,,,-1.052001953125,0.0478515625,-0.05029296875,-0.5634765625,1.494873046875,0.744140625
138,readout,,1,4,"1,0,0,0",,,,,,0.759033203125,-0.000244140625,-0.000244140625,-0.563720703125,1.494873046875,0.744140625
138,readout,,1,5,"1,0,0,0",,,,,,0.722412109375,0.17724609375,0.1279296875,-0.435791015625,1.494873046875,0.744140625
138,readout,,1,6,"1,0,0,0",,,,,,-3.45654296875,-0.113525390625,0.392333984375,-0.04345703125,1.494873046875,0.744140625
138,readout,,1,7,"1,0,0,0",,,,,,-3.007080078125,-0.090576171875,0.2724609375,0.22900390625,1.494873046875,0.744140625
138,readout,,1,8,"1,0,0,0",,,,,,0.9208984375,0.736328125,0.677978515625,0.906982421875,1.494873046875,0.744140625
138,readout,,1,9,"1,0,0,0",,,,,,0.031005859375,0.166015625,0.005126953125,0.912109375,1.494873046875,0.744140625
138,readout,,1,10,"1,0,0,0",,,,,,1.0,-0.16796875,-0.16796875,0.744140625,1.494873046875,0.744140625
139,neuron,0,,,"1,0,0,0",-1.4951171875,-0.21142578125,0.0,-1.70654296875,0,,,,,,
139,neuron,1,,,"1,0,0,0",0.103271484375,0.04296875,0.0,0.146240234375,0,,,,,,
139,neuron,2,,,"1,0,0,0",-3.4990234375,-0.554931640625,0.0,-3.9990234375,0,,,,,,
139,neuron,3,,,"1,0,0,0",-0.92041015625,-0.090576171875,0.0,-1.010986328125,0,,,,,,
139,neuron,4,,,"1,0,0,0",0.6640625,0.15283203125,0.0,0.81689453125,0,,,,,,
139,neuron,5,,,"1,0,0,0",0.632080078125,0.571533203125,0.0,0.20361328125,1,,,,,,
139,neuron,6,,,"1,0,0,0",-3.0244140625,-0.427001953125,0.0,-3.451416015625,0,,,,,,
139,neuron,7,,,"1,0,0,0",-2.631103515625,-0.383056640625,0.0,-3.01416015625,0,,,,,,
139,readout,,0,0,"1,0,0,0",,,,,,-1.70654296875,-0.245849609375,0.41943359375,0.41943359375,1.429931640625,0.573486328125
139,readout,,0,1,"1,0,0,0",,,,,,0.146240234375,0.25048828125,0.03662109375,0.4560546875,1.429931640625,0.573486328125
139,readout,,0,2,"1,0,0,0",,,,,,-3.9990234375,-0.015380859375,0.0615234375,0.517578125,1.429931640625,0.573486328125
139,readout,,0,3,"1,0,0,0",,,,,,-1.010986328125,-0.057373046875,0.05810546875,0.57568359375,1.429931640625,0.573486328125
139,readout,,0,4,"1,0,0,0",,,,,,0.81689453125,0.0048828125,0.00390625,0.57958984375,1.429931640625,0.573486328125
139,readout,,0,5,"1,0,0,0",,,,,,0.20361328125,0.10595703125,0.021484375,0.60107421875,1.429931640625,0.573486328125
139,readout,,0,6,"1,0,0,0",,,,,,-3.451416015625,-0.00244140625,0.008544921875,0.609619140625,1.429931640625,0.573486328125
139,readout,,0,7,"1,0,0,0",,,,,,-3.01416015625,0.31591796875,-0.9521484375,-0.342529296875,1.429931640625,0.573486328125
139,readout,,0,8,"1,0,0,0",,,,,,0.8466796875,1.9990234375,1.692626953125,1.35009765625,1.429931640625,0.573486328125
139,readout,,0,9,"1,0,0,0",,,,,,-0.037109375,-1.9990234375,0.07421875,1.42431640625,1.429931640625,0.573486328125
139,readout,,0,10,"1,0,0,0",,,,,,1.0,0.005615234375,0.005615234375,1.429931640625,1.429931640625,0.573486328125
139,readout,,1,0,"1,0,0,0",,,,,,-1.70654296875,0.021240234375,-0.0361328125,-0.0361328125,1.429931640625,0.573486328125
139,readout,,1,1,"1,0,0,0",,,,,,0.146240234375,-0.540771484375,-0.0791015625,-0.115234375,1.429931640625,0.573486328125
139,readout,,1,2,"1,0,0,0",,,,,,-3.9990234375,0.103271484375,-0.4130859375,-0.5283203125,1.429931640625,0.573486328125
139,readout,,1,3,"1,0,0,0",,,,,,-1.010986328125,0.0478515625,-0.04833984375,-0.57666015625,1.429931640625,0.573486328125
139,readout,,1,4,"1,0,0,0",,,,,,0.81689453125,-0.000244140625,-0.000244140625,-0.576904296875,1.429931640625,0.573486328125
139,readout,,1,5,"1,0,0,0",,,,,,0.20361328125,0.17724609375,0.0361328125,-0.540771484375,1.429931640625,0.573486328125
139,readout,,1,6,"1,0,0,0",,,,,,-3.451416015625,-0.113525390625,0.391845703125,-0.14892578125,1.429931640625,0.573486328125
139,readout,,1,7,"1,0,0,0",,,,,,-3.01416015625,-0.090576171875,0.27294921875,0.1240234375,1.429931640625,0.573486328125
139,readout,,1,8,"1,0,0,0",,,,,,0.8466796875,0.736328125,0.62353515625,0.74755859375,1.429931640625,0.573486328125
139,readout,,1,9,"1,0,0,0",,,,,,-0.037109375,0.166015625,-0.006103515625,0.741455078125,1.429931640625,0.573486328125
139,readout,,1,10,"1,0,0,0",,,,,,1.0,-0.16796875,-0.16796875,0.573486328125,1.429931640625,0.573486328125
140,neuron,0,,,"1,0,0,0",-1.4931640625,-0.21142578125,0.0,-1.70458984375,0,,,,,,
140,neuron,1,,,"1,0,0,0",0.1279296875,0.04296875,0.0,0.1708984375,0,,,,,,
140,neuron,2,,,"1,0,0,0",-3.4990234375,-0.554931640625,-0.0078125,-3.9990234375,0,,,,,,
140,neuron,3,,,"1,0,0,0",-0.884521484375,-0.090576171875,0.0,-0.97509765625,0,,,,,,
140,neuron,4,,,"1,0,0,0",0.71484375,0.15283203125,0.14111328125,0.0087890625,1,,,,,,
140,neuron,5,,,"1,0,0,0",0.17822265625,0.571533203125,0.0,0.749755859375,0,,,,,,
140,neuron,6,,,"1,0,0,0",-3.02001953125,-0.427001953125,0.0,-3.447021484375,0,,,,,,
140,neuron,7,,,"1,0,0,0",-2.637451171875,-0.383056640625,0.0,-3.0205078125,0,,,,,,
140,readout,,0,0,"1,0,0,0",,,,,,-1.70458984375,-0.245849609375,0.419189453125,0.419189453125,1.364990234375,0.626953125
140,readout,,0,1,"1,0,0,0",,,,,,0.1708984375,0.25048828125,0.042724609375,0.4619140625,1.364990234375,0.626953125
140,readout,,0,2,"1,0,0,0",,,,,,-3.9990234375,-0.015380859375,0.0615234375,0.5234375,1.364990234375,0.626953125
140,readout,,0,3,"1,0,0,0",,,,,,-0.97509765625,-0.057373046875,0.055908203125,0.579345703125,1.364990234375,0.626953125
140,readout,,0,4,"1,0,0,0",,,,,,0.0087890625,0.0048828125,0.0,0.579345703125,1.364990234375,0.626953125
140,readout,,0,5,"1,0,0,0",,,,,,0.749755859375,0.10595703125,0.079345703125,0.65869140625,1.364990234375,0.626953125
140,readout,,0,6,"1,0,0,0",,,,,,-3.447021484375,-0.00244140625,0.00830078125,0.6669921875,1.364990234375,0.626953125
140,readout,,0,7,"1,0,0,0",,,,,,-3.0205078125,0.31591796875,-0.954345703125,-0.287353515625,1.364990234375,0.626953125
140,readout,,0,8,"1,0,0,0",,,,,,0.800537109375,1.9990234375,1.600341796875,1.31298828125,1.364990234375,0.626953125
140,readout,,0,9,"1,0,0,0",,,,,,-0.023193359375,-1.9990234375,0.04638671875,1.359375,1.364990234375,0.626953125
140,readout,,0,10,"1,0,0,0",,,,,,1.0,0.005615234375,0.005615234375,1.364990234375,1.364990234375,0.626953125
140,readout,,1,0,"1,0,0,0",,,,,,-1.70458984375,0.021240234375,-0.0361328125,-0.0361328125,1.364990234375,0.626953125
140,readout,,1,1,"1,0,0,0",,,,,,0.1708984375,-0.540771484375,-0.092529296875,-0.128662109375,1.364990234375,0.626953125
140,readout,,1,2,"1,0,0,0",,,,,,-3.9990234375,0.103271484375,-0.4130859375,-0.541748046875,1.364990234375,0.626953125
140,readout,,1,3,"1,0,0,0",,,,,,-0.97509765625,0.0478515625,-0.046630859375,-0.58837890625,1.364990234375,0.626953125
140,readout,,1,4,"1,0,0,0",,,,,,0.0087890625,-0.000244140625,0.0,-0.58837890625,1.364990234375,0.626953125
140,readout,,1,5,"1,0,0,0",,,,,,0.749755859375,0.17724609375,0.1328125,-0.45556640625,1.364990234375,0.626953125
140,readout,,1,6,"1,0,0,0",,,,,,-3.447021484375,-0.113525390625,0.391357421875,-0.064208984375,1.364990234375,0.626953125
140,readout,,1,7,"1,0,0,0",,,,,,-3.0205078125,-0.090576171875,0.273681640625,0.20947265625,1.364990234375,0.626953125
140,readout,,1,8,"1,0,0,0",,,,,,0.800537109375,0.736328125,0.58935546875,0.798828125,1.364990234375,0.626953125
140,readout,,1,9,"1,0,0,0",,,,,,-0.023193359375,0.166015625,-0.00390625,0.794921875,1.364990234375,0.626953125
140,readout,,1,10,"1,0,0,0",,,,,,1.0,-0.16796875,-0.16796875,0.626953125,1.364990234375,0.626953125
141,neuron,0,,,"1,0,0,0",-1.491455078125,-0.21142578125,0.0,-1.702880859375,0,,,,,,
141,neuron,1,,,"1,0,0,0",0.1494140625,0.04296875,0.052001953125,0.244384765625,0,,,,,,
141,neuron,2,,,"1,0,0,0",-3.4990234375,-0.554931640625,0.0,-3.9990234375,0,,,,,,
141,neuron,3,,,"1,0,0,0",-0.853271484375,-0.090576171875,0.0,-0.94384765625,0,,,,,,
141,neuron,4,,,"1,0,0,0",0.0078125,0.15283203125,0.0,0.16064453125,0,,,,,,
141,neuron,5,,,"1,0,0,0",0.656005859375,0.571533203125,-0.02685546875,0.20068359375,1,,,,,,
141,neuron,6,,,"1,0,0,0",-3.01611328125,-0.427001953125,0.0,-3.443115234375,0,,,,,,
141,neuron,7,,,"1,0,0,0",-2.64306640625,-0.383056640625,0.0,-3.026123046875,0,,,,,,
141,readout,,0,0,"1,0,0,0",,,,,,-1.702880859375,-0.245849609375,0.418701171875,0.418701171875,1.3427734375,0.550537109375
141,readout,,0,1,"1,0,0,0",,,,,,0.244384765625,0.25048828125,0.061279296875,0.47998046875,1.3427734375,0.550537109375
141,readout,,0,2,"1,0,0,0",,,,,,-3.9990234375,-0.015380859375,0.0615234375,0.54150390625,1.3427734375,0.550537109375
141,readout,,0,3,"1,0,0,0",,,,,,-0.94384765625,-0.057373046875,0.05419921875,0.595703125,1.3427734375,0.550537109375
141,readout,,0,4,"1,0,0,0",,,,,,0.16064453125,0.0048828125,0.000732421875,0.596435546875,1.3427734375,0.550537109375
141,readout,,0,5,"1,0,0,0",,,,,,0.20068359375,0.10595703125,0.021240234375,0.61767578125,1.3427734375,0.550537109375
141,readout,,0,6,"1,0,0,0",,,,,,-3.443115234375,-0.00244140625,0.00830078125,0.6259765625,1.3427734375,0.550537109375
141,readout,,0,7,"1,0,0,0",,,,,,-3.026123046875,0.31591796875,-0.9560546875,-0.330078125,1.3427734375,0.550537109375
141,readout,,0,8,"1,0,0,0",,,,,,0.867431640625,1.9990234375,1.734130859375,1.404052734375,1.3427734375,0.550537109375
141,readout,,0,9,"1,0,0,0",,,,,,0.033447265625,-1.9990234375,-0.06689453125,1.337158203125,1.3427734375,0.550537109375
141,readout,,0,10,"1,0,0,0",,,,,,1.0,0.005615234375,0.005615234375,1.3427734375,1.3427734375,0.550537109375
141,readout,,1,0,"1,0,0,0",,,,,,-1.702880859375,0.021240234375,-0.0361328125,-0.0361328125,1.3427734375,0.550537109375
141,readout,,1,1,"1,0,0,0",,,,,,0.244384765625,-0.540771484375,-0.132080078125,-0.168212890625,1.3427734375,0.550537109375
141,readout,,1,2,"1,0,0,0",,,,,,-3.9990234375,0.103271484375,-0.4130859375,-0.581298828125,1.3427734375,0.550537109375
141,readout,,1,3,"1,0,0,0",,,,,,-0.94384765625,0.0478515625,-0.045166015625,-0.62646484375,1.3427734375,0.550537109375
141,readout,,1,4,"1,0,0,0",,,,,,0.16064453125,-0.000244140625,0.0,-0.62646484375,1.3427734375,0.550537109375
141,readout,,1,5,"1,0,0,0",,,,,,0.20068359375,0.17724609375,0.03564453125,-0.5908203125,1.3427734375,0.550537109375
141,readout,,1,6,"1,0,0,0",,,,,,-3.443115234375,-0.113525390625,0.390869140625,-0.199951171875,1.3427734375,0.550537109375
141,readout,,1,7,"1,0,0,0",,,,,,-3.026123046875,-0.090576171875,0.274169921875,0.07421875,1.3427734375,0.550537109375
141,readout,,1,8,"1,0,0,0",,,,,,0.867431640625,0.736328125,0.638671875,0.712890625,1.3427734375,0.550537109375
141,readout,,1,9,"1,0,0,0",,,,,,0.033447265625,0.166015625,0.005615234375,0.718505859375,1.3427734375,0.550537109375
141,readout,,1,10,"1,0,0,0",,,,,,1.0,-0.16796875,-0.16796875,0.550537109375,1.3427734375,0.550537109375
142,neuron,0,,,"1,0,0,0",-1.489990234375,-0.21142578125,0.0,-1.701416015625,0,,,,,,
142,neuron,1,,,"1,0,0,0",0.2138671875,0.04296875,0.0,0.2568359375,0,,,,,,
142,neuron,2,,,"1,0,0,0",-3.4990234375,-0.554931640625,-0.0078125,-3.9990234375,0,,,,,,
142,neuron,3,,,"1,0,0,0",-0.825927734375,-0.090576171875,0.0,-0.91650390625,0,,,,,,
142,neuron,4,,,"1,0,0,0",0.140625,0.15283203125,0.14111328125,0.4345703125,0,,,,,,
142,neuron,5,,,"1,0,0,0",0.175537109375,0.571533203125,0.0,0.7470703125,0,,,,,,
142,neuron,6,,,"1,0,0,0",-3.0126953125,-0.427001953125,0.0,-3.439697265625,0,,,,,,
142,neuron,7,,,"1,0,0,0",-2.64794921875,-0.383056640625,0.0,-3.031005859375,0,,,,,,
142,readout,,0,0,"1,0,0,0",,,,,,-1.701416015625,-0.245849609375,0.418212890625,0.418212890625,1.412841796875,0.590576171875
142,readout,,0,1,"1,0,0,0",,,,,,0.2568359375,0.25048828125,0.064453125,0.482666015625,1.412841796875,0.590576171875
142,readout,,0,2,"1,0,0,0",,,,,,-3.9990234375,-0.015380859375,0.0615234375,0.544189453125,1.412841796875,0.590576171875
142,readout,,0,3,"1,0,0,0",,,,,,-0.91650390625,-0.057373046875,0.052490234375,0.5966796875,1.412841796875,0.590576171875
142,readout,,0,4,"1,0,0,0",,,,,,0.4345703125,0.0048828125,0.002197265625,0.598876953125,1.412841796875,0.590576171875
142,readout,,0,5,"1,0,0,0",,,,,,0.7470703125,0.10595703125,0.0791015625,0.677978515625,1.412841796875,0.590576171875
142,readout,,0,6,"1,0,0,0",,,,,,-3.439697265625,-0.00244140625,0.00830078125,0.686279296875,1.412841796875,0.590576171875
142,readout,,0,7,"1,0,0,0",,,,,,-3.031005859375,0.31591796875,-0.95751953125,-0.271240234375,1.412841796875,0.590576171875
142,readout,,0,8,"1,0,0,0",,,,,,0.81201171875,1.9990234375,1.623291015625,1.35205078125,1.412841796875,0.590576171875
142,readout,,0,9,"1,0,0,0",,,,,,-0.027587890625,-1.9990234375,0.05517578125,1.4072265625,1.412841796875,0.590576171875
142,readout,,0,10,"1,0,0,0",,,,,,1.0,0.005615234375,0.005615234375,1.412841796875,1.412841796875,0.590576171875
142,readout,,1,0,"1,0,0,0",,,,,,-1.701416015625,0.021240234375,-0.0361328125,-0.0361328125,1.412841796875,0.590576171875
142,readout,,1,1,"1,0,0,0",,,,,,0.2568359375,-0.540771484375,-0.138916015625,-0.175048828125,1.412841796875,0.590576171875
142,readout,,1,2,"1,0,0,0",,,,,,-3.9990234375,0.103271484375,-0.4130859375,-0.588134765625,1.412841796875,0.590576171875
142,readout,,1,3,"1,0,0,0",,,,,,-0.91650390625,0.0478515625,-0.0439453125,-0.632080078125,1.412841796875,0.590576171875
142,readout,,1,4,"1,0,0,0",,,,,,0.4345703125,-0.000244140625,0.0,-0.632080078125,1.412841796875,0.590576171875
142,readout,,1,5,"1,0,0,0",,,,,,0.7470703125,0.17724609375,0.13232421875,-0.499755859375,1.412841796875,0.590576171875
142,readout,,1,6,"1,0,0,0",,,,,,-3.439697265625,-0.113525390625,0.390380859375,-0.109375,1.412841796875,0.590576171875
142,readout,,1,7,"1,0,0,0",,,,,,-3.031005859375,-0.090576171875,0.274658203125,0.165283203125,1.412841796875,0.590576171875
142,readout,,1,8,"1,0,0,0",,,,,,0.81201171875,0.736328125,0.597900390625,0.76318359375,1.412841796875,0.590576171875
142,readout,,1,9,"1,0,0,0",,,,,,-0.027587890625,0.166015625,-0.004638671875,0.758544921875,1.412841796875,0.590576171875
142,readout,,1,10,"1,0,0,0",,,,,,1.0,-0.16796875,-0.16796875,0.590576171875,1.412841796875,0.590576171875
143,neuron,0,,,"1,0,1,0",-1.48876953125,-0.0302734375,0.0,-1.51904296875,0,,,,,,
143,neuron,1,,,"1,0,1,0",0.224609375,-0.487548828125,0.0,-0.262939453125,0,,,,,,
143,neuron,2,,,"1,0,1,0",-3.4990234375,-1.071044921875,0.0,-3.9990234375,0,,,,,,
143,neuron,3,,,"1,0,1,0",-0.802001953125,-0.5419921875,0.0,-1.343994140625,0,,,,,,
143,neuron,4,,,"1,0,1,0",0.38037109375,0.245361328125,0.0,0.625732421875,0,,,,,,
143,neuron,5,,,"1,0,1,0",0.65380859375,1.001708984375,0.0,0.655517578125,1,,,,,,
143,neuron,6,,,"1,0,1,0",-3.009765625,-0.65673828125,0.0,-3.66650390625,0,,,,,,
143,neuron,7,,,"1,0,1,0",-2.652099609375,-0.21630859375,0.0,-2.868408203125,0,,,,,,
143,readout,,0,0,"1,0,1,0",,,,,,-1.51904296875,-0.245849609375,0.37353515625,0.37353515625,1.356201171875,0.941162109375
143,readout,,0,1,"1,0,1,0",,,,,,-0.262939453125,0.25048828125,-0.06591796875,0.3076171875,1.356201171875,0.941162109375
143,readout,,0,2,"1,0,1,0",,,,,,-3.9990234375,-0.015380859375,0.0615234375,0.369140625,1.356201171875,0.941162109375
143,readout,,0,3,"1,0,1,0",,,,,,-1.343994140625,-0.057373046875,0.0771484375,0.4462890625,1.356201171875,0.941162109375
143,readout,,0,4,"1,0,1,0",,,,,,0.625732421875,0.0048828125,0.003173828125,0.449462890625,1.356201171875,0.941162109375
143,readout,,0,5,"1,0,1,0",,,,,,0.655517578125,0.10595703125,0.0693359375,0.518798828125,1.356201171875,0.941162109375
143,readout,,0,6,"1,0,1,0",,,,,,-3.66650390625,-0.00244140625,0.009033203125,0.52783203125,1.356201171875,0.941162109375
143,readout,,0,7,"1,0,1,0",,,,,,-2.868408203125,0.31591796875,-0.90625,-0.37841796875,1.356201171875,0.941162109375
143,readout,,0,8,"1,0,1,0",,,,,,0.917724609375,1.9990234375,1.83447265625,1.4560546875,1.356201171875,0.941162109375
143,readout,,0,9,"1,0,1,0",,,,,,0.052734375,-1.9990234375,-0.10546875,1.3505859375,1.356201171875,0.941162109375
143,readout,,0,10,"1,0,1,0",,,,,,1.0,0.005615234375,0.005615234375,1.356201171875,1.356201171875,0.941162109375
143,readout,,1,0,"1,0,1,0",,,,,,-1.51904296875,0.021240234375,-0.0322265625,-0.0322265625,1.356201171875,0.941162109375
143,readout,,1,1,"1,0,1,0",,,,,,-0.262939453125,-0.540771484375,0.14208984375,0.10986328125,1.356201171875,0.941162109375
143,readout,,1,2,"1,0,1,0",,,,,,-3.9990234375,0.103271484375,-0.4130859375,-0.30322265625,1.356201171875,0.941162109375
143,readout,,1,3,"1,0,1,0",,,,,,-1.343994140625,0.0478515625,-0.064208984375,-0.367431640625,1.356201171875,0.941162109375
143,readout,,1,4,"1,0,1,0",,,,,,0.625732421875,-0.000244140625,-0.000244140625,-0.36767578125,1.356201171875,0.941162109375
143,readout,,1,5,"1,0,1,0",,,,,,0.655517578125,0.17724609375,0.1162109375,-0.25146484375,1.356201171875,0.941162109375
143,readout,,1,6,"1,0,1,0",,,,,,-3.66650390625,-0.113525390625,0.416259765625,0.164794921875,1.356201171875,0.941162109375
143,readout,,1,7,"1,0,1,0",,,,,,-2.868408203125,-0.090576171875,0.259765625,0.424560546875,1.356201171875,0.941162109375
143,readout,,1,8,"1,0,1,0",,,,,,0.917724609375,0.736328125,0.67578125,1.100341796875,1.356201171875,0.941162109375
143,readout,,1,9,"1,0,1,0",,,,,,0.052734375,0.166015625,0.0087890625,1.109130859375,1.356201171875,0.941162109375
143,readout,,1,10,"1,0,1,0",,,,,,1.0,-0.16796875,-0.16796875,0.941162109375,1.356201171875,0.941162109375
144,neuron,0,,,"1,0,0,0",-1.3291015625,-0.21142578125,0.0,-1.54052734375,0,,,,,,
144,neuron,1,,,"1,0,0,0",-0.22998046875,0.04296875,0.0,-0.18701171875,0,,,,,,
144,neuron,2,,,"1,0,0,0",-3.4990234375,-0.554931640625,-0.0078125,-3.9990234375,0,,,,,,
144,neuron,3,,,"1,0,0,0",-1.176025390625,-0.090576171875,0.0,-1.2666015625,0,,,,,,
144,neuron,4,,,"1,0,0,0",0.547607421875,0.15283203125,0.14111328125,0.841552734375,0,,,,,,
144,neuron,5,,,"1,0,0,0",0.573486328125,0.571533203125,0.0,0.14501953125,1,,,,,,
144,neuron,6,,,"1,0,0,0",-3.208251953125,-0.427001953125,0.0,-3.63525390625,0,,,,,,
144,neuron,7,,,"1,0,0,0",-2.509765625,-0.383056640625,0.0,-2.892822265625,0,,,,,,
144,readout,,0,0,"1,0,0,0",,,,,,-1.54052734375,-0.245849609375,0.378662109375,0.378662109375,1.36572265625,0.75732421875
144,readout,,0,1,"1,0,0,0",,,,,,-0.18701171875,0.25048828125,-0.046875,0.331787109375,1.36572265625,0.75732421875
144,readout,,0,2,"1,0,0,0",,,,,,-3.9990234375,-0.015380859375,0.0615234375,0.393310546875,1.36572265625,0.75732421875
144,readout,,0,3,"1,0,0,0",,,,,,-1.2666015625,-0.057373046875,0.07275390625,0.466064453125,1.36572265625,0.75732421875
144,readout,,0,4,"1,0,0,0",,,,,,0.841552734375,0.0048828125,0.004150390625,0.47021484375,1.36572265625,0.75732421875
144,readout,,0,5,"1,0,0,0",,,,,,0.14501953125,0.10595703125,0.015380859375,0.485595703125,1.36572265625,0.75732421875
144,readout,,0,6,"1,0,0,0",,,,,,-3.63525390625,-0.00244140625,0.0087890625,0.494384765625,1.36572265625,0.75732421875
144,readout,,0,7,"1,0,0,0",,,,,,-2.892822265625,0.31591796875,-0.913818359375,-0.41943359375,1.36572265625,0.75732421875
144,readout,,0,8,"1,0,0,0",,,,,,0.86279296875,1.9990234375,1.724853515625,1.305419921875,1.36572265625,0.75732421875
144,readout,,0,9,"1,0,0,0",,,,,,-0.02734375,-1.9990234375,0.0546875,1.360107421875,1.36572265625,0.75732421875
144,readout,,0,10,"1,0,0,0",,,,,,1.0,0.005615234375,0.005615234375,1.36572265625,1.36572265625,0.75732421875
144,readout,,1,0,"1,0,0,0",,,,,,-1.54052734375,0.021240234375,-0.03271484375,-0.03271484375,1.36572265625,0.75732421875
144,readout,,1,1,"1,0,0,0",,,,,,-0.18701171875,-0.540771484375,0.10107421875,0.068359375,1.36572265625,0.75732421875
144,readout,,1,2,"1,0,0,0",,,,,,-3.9990234375,0.103271484375,-0.4130859375,-0.3447265625,1.36572265625,0.75732421875
144,readout,,1,3,"1,0,0,0",,,,,,-1.2666015625,0.0478515625,-0.060546875,-0.4052734375,1.36572265625,0.75732421875
144,readout,,1,4,"1,0,0,0",,,,,,0.841552734375,-0.000244140625,-0.000244140625,-0.405517578125,1.36572265625,0.75732421875
144,readout,,1,5,"1,0,0,0",,,,,,0.14501953125,0.17724609375,0.025634765625,-0.3798828125,1.36572265625,0.75732421875
144,readout,,1,6,"1,0,0,0",,,,,,-3.63525390625,-0.113525390625,0.41259765625,0.03271484375,1.36572265625,0.75732421875
144,readout,,1,7,"1,0,0,0",,,,,,-2.892822265625,-0.090576171875,0.261962890625,0.294677734375,1.36572265625,0.75732421875
144,readout,,1,8,"1,0,0,0",,,,,,0.86279296875,0.736328125,0.63525390625,0.929931640625,1.36572265625,0.75732421875
144,readout,,1,9,"1,0,0,0",,,,,,-0.02734375,0.166015625,-0.004638671875,0.92529296875,1.36572265625,0.75732421875
144,readout,,1,10,"1,0,0,0",,,,,,1.0,-0.16796875,-0.16796875,0.75732421875,1.36572265625,0.75732421875
145,neuron,0,,,"1,0,0,0",-1.347900390625,-0.21142578125,0.0,-1.559326171875,0,,,,,,
145,neuron,1,,,"1,0,0,0",-0.16357421875,0.04296875,0.0,-0.12060546875,0,,,,,,
145,neuron,2,,,"1,0,0,0",-3.4990234375,-0.554931640625,-0.0078125,-3.9990234375,0,,,,,,
145,neuron,3,,,"1,0,0,0",-1.1083984375,-0.090576171875,0.0,-1.198974609375,0,,,,,,
145,neuron,4,,,"1,0,0,0",0.736328125,0.15283203125,0.14111328125,0.0302734375,1,,,,,,
145,neuron,5,,,"1,0,0,0",0.126953125,0.571533203125,0.0,0.698486328125,0,,,,,,
145,neuron,6,,,"1,0,0,0",-3.180908203125,-0.427001953125,0.0,-3.60791015625,0,,,,,,
145,neuron,7,,,"1,0,0,0",-2.53125,-0.383056640625,0.0,-2.914306640625,0,,,,,,
145,readout,,0,0,"1,0,0,0",,,,,,-1.559326171875,-0.245849609375,0.38330078125,0.38330078125,1.38916015625,0.836669921875
145,readout,,0,1,"1,0,0,0",,,,,,-0.12060546875,0.25048828125,-0.0302734375,0.35302734375,1.38916015625,0.836669921875
145,readout,,0,2,"1,0,0,0",,,,,,-3.9990234375,-0.015380859375,0.0615234375,0.41455078125,1.38916015625,0.836669921875
145,readout,,0,3,"1,0,0,0",,,,,,-1.198974609375,-0.057373046875,0.06884765625,0.4833984375,1.38916015625,0.836669921875
145,readout,,0,4,"1,0,0,0",,,,,,0.0302734375,0.0048828125,0.000244140625,0.483642578125,1.38916015625,0.836669921875
145,readout,,0,5,"1,0,0,0",,,,,,0.698486328125,0.10595703125,0.073974609375,0.5576171875,1.38916015625,0.836669921875
145,readout,,0,6,"1,0,0,0",,,,,,-3.60791015625,-0.00244140625,0.0087890625,0.56640625,1.38916015625,0.836669921875
145,readout,,0,7,"1,0,0,0",,,,,,-2.914306640625,0.31591796875,-0.920654296875,-0.354248046875,1.38916015625,0.836669921875
145,readout,,0,8,"1,0,0,0",,,,,,0.875732421875,1.9990234375,1.75048828125,1.396240234375,1.38916015625,0.836669921875
145,readout,,0,9,"1,0,0,0",,,,,,0.00634765625,-1.9990234375,-0.0126953125,1.383544921875,1.38916015625,0.836669921875
145,readout,,0,10,"1,0,0,0",,,,,,1.0,0.005615234375,0.005615234375,1.38916015625,1.38916015625,0.836669921875
145,readout,,1,0,"1,0,0,0",,,,,,-1.559326171875,0.021240234375,-0.033203125,-0.033203125,1.38916015625,0.836669921875
145,readout,,1,1,"1,0,0,0",,,,,,-0.12060546875,-0.540771484375,0.065185546875,0.031982421875,1.38916015625,0.836669921875
145,readout,,1,2,"1,0,0,0",,,,,,-3.9990234375,0.103271484375,-0.4130859375,-0.381103515625,1.38916015625,0.836669921875
145,readout,,1,3,"1,0,0,0",,,,,,-1.198974609375,0.0478515625,-0.057373046875,-0.4384765625,1.38916015625,0.836669921875
145,readout,,1,4,"1,0,0,0",,,,,,0.0302734375,-0.000244140625,0.0,-0.4384765625,1.38916015625,0.836669921875
145,readout,,1,5,"1,0,0,0",,,,,,0.698486328125,0.17724609375,0.123779296875,-0.314697265625,1.38916015625,0.836669921875
145,readout,,1,6,"1,0,0,0",,,,,,-3.60791015625,-0.113525390625,0.40966796875,0.094970703125,1.38916015625,0.836669921875
145,readout,,1,7,"1,0,0,0",,,,,,-2.914306640625,-0.090576171875,0.263916015625,0.35888671875,1.38916015625,0.836669921875
145,readout,,1,8,"1,0,0,0",,,,,,0.875732421875,0.736328125,0.644775390625,1.003662109375,1.38916015625,0.836669921875
145,readout,,1,9,"1,0,0,0",,,,,,0.00634765625,0.166015625,0.0009765625,1.004638671875,1.38916015625,0.836669921875
145,readout,,1,10,"1,0,0,0",,,,,,1.0,-0.16796875,-0.16796875,0.836669921875,1.38916015625,0.836669921875
146,neuron,0,,,"1,0,0,0",-1.364501953125,-0.21142578125,0.0,-1.575927734375,0,,,,,,
146,neuron,1,,,"1,0,0,0",-0.10546875,0.04296875,0.052001953125,-0.010498046875,0,,,,,,
146,neuron,2,,,"1,0,0,0",-3.4990234375,-0.554931640625,0.0,-3.9990234375,0,,,,,,
146,neuron,3,,,"1,0,0,0",-1.049072265625,-0.090576171875,0.0,-1.1396484375,0,,,,,,
146,neuron,4,,,"1,0,0,0",0.0263671875,0.15283203125,0.0,0.17919921875,0,,,,,,
146,neuron,5,,,"1,0,0,0",0.611083984375,0.571533203125,-0.02685546875,0.15576171875,1,,,,,,
146,neuron,6,,,"1,0,0,0",-3.156982421875,-0.427001953125,0.0,-3.583984375,0,,,,,,
146,neuron,7,,,"1,0,0,0",-2.550048828125,-0.383056640625,0.0,-2.93310546875,0,,,,,,
146,readout,,0,0,"1,0,0,0",,,,,,-1.575927734375,-0.245849609375,0.387451171875,0.387451171875,1.41455078125,0.72021484375
146,readout,,0,1,"1,0,0,0",,,,,,-0.010498046875,0.25048828125,-0.002685546875,0.384765625,1.41455078125,0.72021484375
146,readout,,0,2,"1,0,0,0",,,,,,-3.9990234375,-0.015380859375,0.0615234375,0.4462890625,1.41455078125,0.72021484375
146,readout,,0,3,"1,0,0,0",,,,,,-1.1396484375,-0.057373046875,0.0654296875,0.51171875,1.41455078125,0.72021484375
146,readout,,0,4,"1,0,0,0",,,,,,0.17919921875,0.0048828125,0.0009765625,0.5126953125,1.41455078125,0.72021484375
146,readout,,0,5,"1,0,0,0",,,,,,0.15576171875,0.10595703125,0.0166015625,0.529296875,1.41455078125,0.72021484375
146,readout,,0,6,"1,0,0,0",,,,,,-3.583984375,-0.00244140625,0.0087890625,0.5380859375,1.41455078125,0.72021484375
146,readout,,0,7,"1,0,0,0",,,,,,-2.93310546875,0.31591796875,-0.926513671875,-0.388427734375,1.41455078125,0.72021484375
146,readout,,0,8,"1,0,0,0",,,,,,0.922607421875,1.9990234375,1.84423828125,1.455810546875,1.41455078125,0.72021484375
146,readout,,0,9,"1,0,0,0",,,,,,0.0234375,-1.9990234375,-0.046875,1.408935546875,1.41455078125,0.72021484375
146,readout,,0,10,"1,0,0,0",,,,,,1.0,0.005615234375,0.005615234375,1.41455078125,1.41455078125,0.72021484375
146,readout,,1,0,"1,0,0,0",,,,,,-1.575927734375,0.021240234375,-0.033447265625,-0.033447265625,1.41455078125,0.72021484375
146,readout,,1,1,"1,0,0,0",,,,,,-0.010498046875,-0.540771484375,0.005615234375,-0.02783203125,1.41455078125,0.72021484375
146,readout,,1,2,"1,0,0,0",,,,,,-3.9990234375,0.103271484375,-0.4130859375,-0.44091796875,1.41455078125,0.72021484375
146,readout,,1,3,"1,0,0,0",,,,,,-1.1396484375,0.0478515625,-0.054443359375,-0.495361328125,1.41455078125,0.72021484375
146,readout,,1,4,"1,0,0,0",,,,,,0.17919921875,-0.000244140625,0.0,-0.495361328125,1.41455078125,0.72021484375
146,readout,,1,5,"1,0,0,0",,,,,,0.15576171875,0.17724609375,0.027587890625,-0.4677734375,1.41455078125,0.72021484375
146,readout,,1,6,"1,0,0,0",,,,,,-3.583984375,-0.113525390625,0.406982421875,-0.060791015625,1.41455078125,0.72021484375
146,readout,,1,7,"1,0,0,0",,,,,,-2.93310546875,-0.090576171875,0.265625,0.204833984375,1.41455078125,0.72021484375
146,readout,,1,8,"1,0,0,0",,,,,,0.922607421875,0.736328125,0.679443359375,0.88427734375,1.41455078125,0.72021484375
146,readout,,1,9,"1,0,0,0",,,,,,0.0234375,0.166015625,0.00390625,0.88818359375,1.41455078125,0.72021484375
146,readout,,1,10,"1,0,0,0",,,,,,1.0,-0.16796875,-0.16796875,0.72021484375,1.41455078125,0.72021484375
147,neuron,0,,,"1,0,0,0",-1.37890625,-0.21142578125,0.0,-1.59033203125,0,,,,,,
147,neuron,1,,,"1,0,0,0",-0.00927734375,0.04296875,0.0,0.03369140625,0,,,,,,
147,neuron,2,,,"1,0,0,0",-3.4990234375,-0.554931640625,-0.0078125,-3.9990234375,0,,,,,,
147,neuron,3,,,"1,0,0,0",-0.9970703125,-0.090576171875,0.0,-1.087646484375,0,,,,,,
147,neuron,4,,,"1,0,0,0",0.15673828125,0.15283203125,0.14111328125,0.45068359375,0,,,,,,
147,neuron,5,,,"1,0,0,0",0.13623046875,0.571533203125,0.0,0.707763671875,0,,,,,,
147,neuron,6,,,"1,0,0,0",-3.135986328125,-0.427001953125,0.0,-3.56298828125,0,,,,,,
147,neuron,7,,,"1,0,0,0",-2.56640625,-0.383056640625,0.0,-2.949462890625,0,,,,,,
147,readout,,0,0,"1,0,0,0",,,,,,-1.59033203125,-0.245849609375,0.390869140625,0.390869140625,1.533203125,0.796142578125
147,readout,,0,1,"1,0,0,0",,,,,,0.03369140625,0.25048828125,0.008544921875,0.3994140625,1.533203125,0.796142578125
147,readout,,0,2,"1,0,0,0",,,,,,-3.9990234375,-0.015380859375,0.0615234375,0.4609375,1.533203125,0.796142578125
147,readout,,0,3,"1,0,0,0",,,,,,-1.087646484375,-0.057373046875,0.0625,0.5234375,1.533203125,0.796142578125
147,readout,,0,4,"1,0,0,0",,,,,,0.45068359375,0.0048828125,0.002197265625,0.525634765625,1.533203125,0.796142578125
147,readout,,0,5,"1,0,0,0",,,,,,0.707763671875,0.10595703125,0.074951171875,0.6005859375,1.533203125,0.796142578125
147,readout,,0,6,"1,0,0,0",,,,,,-3.56298828125,-0.00244140625,0.0087890625,0.609375,1.533203125,0.796142578125
147,readout,,0,7,"1,0,0,0",,,,,,-2.949462890625,0.31591796875,-0.931884765625,-0.322509765625,1.533203125,0.796142578125
147,readout,,0,8,"1,0,0,0",,,,,,0.92822265625,1.9990234375,1.85546875,1.532958984375,1.533203125,0.796142578125
147,readout,,0,9,"1,0,0,0",,,,,,0.002685546875,-1.9990234375,-0.00537109375,1.527587890625,1.533203125,0.796142578125
147,readout,,0,10,"1,0,0,0",,,,,,1.0,0.005615234375,0.005615234375,1.533203125,1.533203125,0.796142578125
147,readout,,1,0,"1,0,0,0",,,,,,-1.59033203125,0.021240234375,-0.03369140625,-0.03369140625,1.533203125,0.796142578125
147,readout,,1,1,"1,0,0,0",,,,,,0.03369140625,-0.540771484375,-0.018310546875,-0.052001953125,1.533203125,0.796142578125
147,readout,,1,2,"1,0,0,0",,,,,,-3.9990234375,0.103271484375,-0.4130859375,-0.465087890625,1.533203125,0.796142578125
147,readout,,1,3,"1,0,0,0",,,,,,-1.087646484375,0.0478515625,-0.052001953125,-0.51708984375,1.533203125,0.796142578125
147,readout,,1,4,"1,0,0,0",,,,,,0.45068359375,-0.000244140625,0.0,-0.51708984375,1.533203125,0.796142578125
147,readout,,1,5,"1,0,0,0",,,,,,0.707763671875,0.17724609375,0.12548828125,-0.3916015625,1.533203125,0.796142578125
147,readout,,1,6,"1,0,0,0",,,,,,-3.56298828125,-0.113525390625,0.404541015625,0.012939453125,1.533203125,0.796142578125
147,readout,,1,7,"1,0,0,0",,,,,,-2.949462890625,-0.090576171875,0.26708984375,0.280029296875,1.533203125,0.796142578125
147,readout,,1,8,"1,0,0,0",,,,,,0.92822265625,0.736328125,0.68359375,0.963623046875,1.533203125,0.796142578125
147,readout,,1,9,"1,0,0,0",,,,,,0.002685546875,0.166015625,0.00048828125,0.964111328125,1.533203125,0.796142578125
147,readout,,1,10,"1,0,0,0",,,,,,1.0,-0.16796875,-0.16796875,0.796142578125,1.533203125,0.796142578125
148,neuron,0,,,"1,0,0,0",-1.3916015625,-0.21142578125,0.0,-1.60302734375,0,,,,,,
148,neuron,1,,,"1,0,0,0",0.029541015625,0.04296875,0.0,0.072509765625,0,,,,,,
148,neuron,2,,,"1,0,0,0",-3.4990234375,-0.554931640625,0.0,-3.9990234375,0,,,,,,
148,neuron,3,,,"1,0,0,0",-0.95166015625,-0.090576171875,0.0,-1.042236328125,0,,,,,,
148,neuron,4,,,"1,0,0,0",0.394287109375,0.15283203125,0.0,0.547119140625,0,,,,,,
148,neuron,5,,,"1,0,0,0",0.619384765625,0.571533203125,0.0,0.19091796875,1,,,,,,
148,neuron,6,,,"1,0,0,0",-3.11767578125,-0.427001953125,0.0,-3.544677734375,0,,,,,,
148,neuron,7,,,"1,0,0,0",-2.580810546875,-0.383056640625,0.0,-2.9638671875,0,,,,,,
148,readout,,0,0,"1,0,0,0",,,,,,-1.60302734375,-0.245849609375,0.39404296875,0.39404296875,1.52734375,0.71484375
148,readout,,0,1,"1,0,0,0",,,,,,0.072509765625,0.25048828125,0.01806640625,0.412109375,1.52734375,0.71484375
148,readout,,0,2,"1,0,0,0",,,,,,-3.9990234375,-0.015380859375,0.0615234375,0.4736328125,1.52734375,0.71484375
148,readout,,0,3,"1,0,0,0",,,,,,-1.042236328125,-0.057373046875,0.059814453125,0.533447265625,1.52734375,0.71484375
148,readout,,0,4,"1,0,0,0",,,,,,0.547119140625,0.0048828125,0.002685546875,0.5361328125,1.52734375,0.71484375
148,readout,,0,5,"1,0,0,0",,,,,,0.19091796875,0.10595703125,0.020263671875,0.556396484375,1.52734375,0.71484375
148,readout,,0,6,"1,0,0,0",,,,,,-3.544677734375,-0.00244140625,0.008544921875,0.56494140625,1.52734375,0.71484375
148,readout,,0,7,"1,0,0,0",,,,,,-2.9638671875,0.31591796875,-0.936279296875,-0.371337890625,1.52734375,0.71484375
148,readout,,0,8,"1,0,0,0",,,,,,0.9658203125,1.9990234375,1.9306640625,1.559326171875,1.52734375,0.71484375
148,readout,,0,9,"1,0,0,0",,,,,,0.018798828125,-1.9990234375,-0.03759765625,1.521728515625,1.52734375,0.71484375
148,readout,,0,10,"1,0,0,0",,,,,,1.0,0.005615234375,0.005615234375,1.52734375,1.52734375,0.71484375
148,readout,,1,0,"1,0,0,0",,,,,,-1.60302734375,0.021240234375,-0.033935546875,-0.033935546875,1.52734375,0.71484375
148,readout,,1,1,"1,0,0,0",,,,,,0.072509765625,-0.540771484375,-0.039306640625,-0.0732421875,1.52734375,0.71484375
148,readout,,1,2,"1,0,0,0",,,,,,-3.9990234375,0.103271484375,-0.4130859375,-0.486328125,1.52734375,0.71484375
148,readout,,1,3,"1,0,0,0",,,,,,-1.042236328125,0.0478515625,-0.0498046875,-0.5361328125,1.52734375,0.71484375
148,readout,,1,4,"1,0,0,0",,,,,,0.547119140625,-0.000244140625,-0.000244140625,-0.536376953125,1.52734375,0.71484375
148,readout,,1,5,"1,0,0,0",,,,,,0.19091796875,0.17724609375,0.033935546875,-0.50244140625,1.52734375,0.71484375
148,readout,,1,6,"1,0,0,0",,,,,,-3.544677734375,-0.113525390625,0.40234375,-0.10009765625,1.52734375,0.71484375
148,readout,,1,7,"1,0,0,0",,,,,,-2.9638671875,-0.090576171875,0.2685546875,0.16845703125,1.52734375,0.71484375
148,readout,,1,8,"1,0,0,0",,,,,,0.9658203125,0.736328125,0.711181640625,0.879638671875,1.52734375,0.71484375
148,readout,,1,9,"1,0,0,0",,,,,,0.018798828125,0.166015625,0.003173828125,0.8828125,1.52734375,0.71484375
148,readout,,1,10,"1,0,0,0",,,,,,1.0,-0.16796875,-0.16796875,0.71484375,1.52734375,0.71484375
149,neuron,0,,,"1,0,0,0",-1.402587890625,-0.21142578125,0.0,-1.614013671875,0,,,,,,
149,neuron,1,,,"1,0,0,0",0.0634765625,0.04296875,0.0,0.1064453125,0,,,,,,
149,neuron,2,,,"1,0,0,0",-3.4990234375,-0.554931640625,-0.0078125,-3.9990234375,0,,,,,,
149,neuron,3,,,"1,0,0,0",-0.911865234375,-0.090576171875,0.0,-1.00244140625,0,,,,,,
149,neuron,4,,,"1,0,0,0",0.478759765625,0.15283203125,0.14111328125,0.772705078125,0,,,,,,
149,neuron,5,,,"1,0,0,0",0.1669921875,0.571533203125,0.0,0.738525390625,0,,,,,,
149,neuron,6,,,"1,0,0,0",-3.1015625,-0.427001953125,0.0,-3.528564453125,0,,,,,,
149,neuron,7,,,"1,0,0,0",-2.59326171875,-0.383056640625,0.0,-2.976318359375,0,,,,,,
149,readout,,0,0,"1,0,0,0",,,,,,-1.614013671875,-0.245849609375,0.396728515625,0.396728515625,1.606201171875,0.7724609375
149,readout,,0,1,"1,0,0,0",,,,,,0.1064453125,0.25048828125,0.026611328125,0.42333984375,1.606201171875,0.7724609375
149,readout,,0,2,"1,0,0,0",,,,,,-3.9990234375,-0.015380859375,0.0615234375,0.48486328125,1.606201171875,0.7724609375
149,readout,,0,3,"1,0,0,0",,,,,,-1.00244140625,-0.057373046875,0.0576171875,0.54248046875,1.606201171875,0.7724609375
149,readout,,0,4,"1,0,0,0",,,,,,0.772705078125,0.0048828125,0.003662109375,0.546142578125,1.606201171875,0.7724609375
149,readout,,0,5,"1,0,0,0",,,,,,0.738525390625,0.10595703125,0.078369140625,0.62451171875,1.606201171875,0.7724609375
149,readout,,0,6,"1,0,0,0",,,,,,-3.528564453125,-0.00244140625,0.008544921875,0.633056640625,1.606201171875,0.7724609375
149,readout,,0,7,"1,0,0,0",,,,,,-2.976318359375,0.31591796875,-0.940185546875,-0.30712890625,1.606201171875,0.7724609375
149,readout,,0,8,"1,0,0,0",,,,,,0.94287109375,1.9990234375,1.884765625,1.57763671875,1.606201171875,0.7724609375
149,readout,,0,9,"1,0,0,0",,,,,,-0.011474609375,-1.9990234375,0.02294921875,1.6005859375,1.606201171875,0.7724609375
149,readout,,0,10,"1,0,0,0",,,,,,1.0,0.005615234375,0.005615234375,1.606201171875,1.606201171875,0.7724609375
149,readout,,1,0,"1,0,0,0",,,,,,-1.614013671875,0.021240234375,-0.0341796875,-0.0341796875,1.606201171875,0.7724609375
149,readout,,1,1,"1,0,0,0",,,,,,0.1064453125,-0.540771484375,-0.0576171875,-0.091796875,1.606201171875,0.7724609375
149,readout,,1,2,"1,0,0,0",,,,,,-3.9990234375,0.103271484375,-0.4130859375,-0.5048828125,1.606201171875,0.7724609375
149,readout,,1,3,"1,0,0,0",,,,,,-1.00244140625,0.0478515625,-0.0478515625,-0.552734375,1.606201171875,0.7724609375
149,readout,,1,4,"1,0,0,0",,,,,,0.772705078125,-0.000244140625,-0.000244140625,-0.552978515625,1.606201171875,0.7724609375
149,readout,,1,5,"1,0,0,0",,,,,,0.738525390625,0.17724609375,0.130859375,-0.422119140625,1.606201171875,0.7724609375
149,readout,,1,6,"1,0,0,0",,,,,,-3.528564453125,-0.113525390625,0.400634765625,-0.021484375,1.606201171875,0.7724609375
149,readout,,1,7,"1,0,0,0",,,,,,-2.976318359375,-0.090576171875,0.26953125,0.248046875,1.606201171875,0.7724609375
149,readout,,1,8,"1,0,0,0",,,,,,0.94287109375,0.736328125,0.6943359375,0.9423828125,1.606201171875,0.7724609375
149,readout,,1,9,"1,0,0,0",,,,,,-0.011474609375,0.166015625,-0.001953125,0.9404296875,1.606201171875,0.7724609375
149,readout,,1,10,"1,0,0,0",,,,,,1.0,-0.16796875,-0.16796875,0.7724609375,1.606201171875,0.7724609375
150,neuron,0,,,"1,0,0,0",-1.412353515625,-0.21142578125,0.0,-1.623779296875,0,,,,,,
150,neuron,1,,,"1,0,0,0",0.09326171875,0.04296875,0.0,0.13623046875,0,,,,,,
150,neuron,2,,,"1,0,0,0",-3.4990234375,-0.554931640625,0.0,-3.9990234375,0,,,,,,
150,neuron,3,,,"1,0,0,0",-0.877197265625,-0.090576171875,0.0,-0.9677734375,0,,,,,,
150,neuron,4,,,"1,0,0,0",0.676025390625,0.15283203125,0.0,0.828857421875,0,,,,,,
150,neuron,5,,,"1,0,0,0",0.646240234375,0.571533203125,0.0,0.2177734375,1,,,,,,
150,neuron,6,,,"1,0,0,0",-3.08740234375,-0.427001953125,0.0,-3.514404296875,0,,,,,,
150,neuron,7,,,"1,0,0,0",-2.604248046875,-0.383056640625,0.0,-2.9873046875,0,,,,,,
150,readout,,0,0,"1,0,0,0",,,,,,-1.623779296875,-0.245849609375,0.399169921875,0.399169921875,1.60009765625,0.7216796875
150,readout,,0,1,"1,0,0,0",,,,,,0.13623046875,0.25048828125,0.0341796875,0.433349609375,1.60009765625,0.7216796875
150,readout,,0,2,"1,0,0,0",,,,,,-3.9990234375,-0.015380859375,0.0615234375,0.494873046875,1.60009765625,0.7216796875
150,readout,,0,3,"1,0,0,0",,,,,,-0.9677734375,-0.057373046875,0.055419921875,0.55029296875,1.60009765625,0.7216796875
150,readout,,0,4,"1,0,0,0",,,,,,0.828857421875,0.0048828125,0.004150390625,0.554443359375,1.60009765625,0.7216796875
150,readout,,0,5,"1,0,0,0",,,,,,0.2177734375,0.10595703125,0.023193359375,0.57763671875,1.60009765625,0.7216796875
150,readout,,0,6,"1,0,0,0",,,,,,-3.514404296875,-0.00244140625,0.008544921875,0.586181640625,1.60009765625,0.7216796875
150,readout,,0,7,"1,0,0,0",,,,,,-2.9873046875,0.31591796875,-0.94384765625,-0.357666015625,1.60009765625,0.7216796875
150,readout,,0,8,"1,0,0,0",,,,,,1.01025390625,1.9990234375,2.01953125,1.661865234375,1.60009765625,0.7216796875
150,readout,,0,9,"1,0,0,0",,,,,,0.03369140625,-1.9990234375,-0.0673828125,1.594482421875,1.60009765625,0.7216796875
150,readout,,0,10,"1,0,0,0",,,,,,1.0,0.005615234375,0.005615234375,1.60009765625,1.60009765625,0.7216796875
150,readout,,1,0,"1,0,0,0",,,,,,-1.623779296875,0.021240234375,-0.034423828125,-0.034423828125,1.60009765625,0.7216796875
150,readout,,1,1,"1,0,0,0",,,,,,0.13623046875,-0.540771484375,-0.07373046875,-0.108154296875,1.60009765625,0.7216796875
150,readout,,1,2,"1,0,0,0",,,,,,-3.9990234375,0.103271484375,-0.4130859375,-0.521240234375,1.60009765625,0.7216796875
150,readout,,1,3,"1,0,0,0",,,,,,-0.9677734375,0.0478515625,-0.04638671875,-0.567626953125,1.60009765625,0.7216796875
150,readout,,1,4,"1,0,0,0",,,,,,0.828857421875,-0.000244140625,-0.000244140625,-0.56787109375,1.60009765625,0.7216796875
150,readout,,1,5,"1,0,0,0",,,,,,0.2177734375,0.17724609375,0.03857421875,-0.529296875,1.60009765625,0.7216796875
150,readout,,1,6,"1,0,0,0",,,,,,-3.514404296875,-0.113525390625,0.39892578125,-0.13037109375,1.60009765625,0.7216796875
150,readout,,1,7,"1,0,0,0",,,,,,-2.9873046875,-0.090576171875,0.2705078125,0.14013671875,1.60009765625,0.7216796875
150,readout,,1,8,"1,0,0,0",,,,,,1.01025390625,0.736328125,0.743896484375,0.884033203125,1.60009765625,0.7216796875
150,readout,,1,9,"1,0,0,0",,,,,,0.03369140625,0.166015625,0.005615234375,0.8896484375,1.60009765625,0.7216796875
150,readout,,1,10,"1,0,0,0",,,,,,1.0,-0.16796875,-0.16796875,0.7216796875,1.60009765625,0.7216796875
151,neuron,0,,,"1,0,0,0",-1.4208984375,-0.21142578125,0.0,-1.63232421875,0,,,,,,
151,neuron,1,,,"1,0,0,0",0.119140625,0.04296875,0.0,0.162109375,0,,,,,,
151,neuron,2,,,"1,0,0,0",-3.4990234375,-0.554931640625,-0.0078125,-3.9990234375,0,,,,,,
151,neuron,3,,,"1,0,0,0",-0.8466796875,-0.090576171875,0.0,-0.937255859375,0,,,,,,
151,neuron,4,,,"1,0,0,0",0.725341796875,0.15283203125,0.14111328125,0.019287109375,1,,,,,,
151,neuron,5,,,"1,0,0,0",0.1904296875,0.571533203125,0.0,0.761962890625,0,,,,,,
151,neuron,6,,,"1,0,0,0",-3.0751953125,-0.427001953125,0.0,-3.502197265625,0,,,,,,
151,neuron,7,,,"1,0,0,0",-2.61376953125,-0.383056640625,0.0,-2.996826171875,0,,,,,,
151,readout,,0,0,"1,0,0,0",,,,,,-1.63232421875,-0.245849609375,0.4013671875,0.4013671875,1.714599609375,0.791748046875
151,readout,,0,1,"1,0,0,0",,,,,,0.162109375,0.25048828125,0.04052734375,0.44189453125,1.714599609375,0.791748046875
151,readout,,0,2,"1,0,0,0",,,,,,-3.9990234375,-0.015380859375,0.0615234375,0.50341796875,1.714599609375,0.791748046875
151,readout,,0,3,"1,0,0,0",,,,,,-0.937255859375,-0.057373046875,0.0537109375,0.55712890625,1.714599609375,0.791748046875
151,readout,,0,4,"1,0,0,0",,,,,,0.019287109375,0.0048828125,0.0,0.55712890625,1.714599609375,0.791748046875
151,readout,,0,5,"1,0,0,0",,,,,,0.761962890625,0.10595703125,0.080810546875,0.637939453125,1.714599609375,0.791748046875
151,readout,,0,6,"1,0,0,0",,,,,,-3.502197265625,-0.00244140625,0.008544921875,0.646484375,1.714599609375,0.791748046875
151,readout,,0,7,"1,0,0,0",,,,,,-2.996826171875,0.31591796875,-0.94677734375,-0.30029296875,1.714599609375,0.791748046875
151,readout,,0,8,"1,0,0,0",,,,,,1.000244140625,1.9990234375,1.99951171875,1.69921875,1.714599609375,0.791748046875
151,readout,,0,9,"1,0,0,0",,,,,,-0.0048828125,-1.9990234375,0.009765625,1.708984375,1.714599609375,0.791748046875
151,readout,,0,10,"1,0,0,0",,,,,,1.0,0.005615234375,0.005615234375,1.714599609375,1.714599609375,0.791748046875
151,readout,,1,0,"1,0,0,0",,,,,,-1.63232421875,0.021240234375,-0.03466796875,-0.03466796875,1.714599609375,0.791748046875
151,readout,,1,1,"1,0,0,0",,,,,,0.162109375,-0.540771484375,-0.087646484375,-0.122314453125,1.714599609375,0.791748046875
151,readout,,1,2,"1,0,0,0",,,,,,-3.9990234375,0.103271484375,-0.4130859375,-0.535400390625,1.714599609375,0.791748046875
151,readout,,1,3,"1,0,0,0",,,,,,-0.937255859375,0.0478515625,-0.044921875,-0.580322265625,1.714599609375,0.791748046875
151,readout,,1,4,"1,0,0,0",,,,,,0.019287109375,-0.000244140625,0.0,-0.580322265625,1.714599609375,0.791748046875
151,readout,,1,5,"1,0,0,0",,,,,,0.761962890625,0.17724609375,0.135009765625,-0.4453125,1.714599609375,0.791748046875
151,readout,,1,6,"1,0,0,0",,,,,,-3.502197265625,-0.113525390625,0.397705078125,-0.047607421875,1.714599609375,0.791748046875
151,readout,,1,7,"1,0,0,0",,,,,,-2.996826171875,-0.090576171875,0.271484375,0.223876953125,1.714599609375,0.791748046875
151,readout,,1,8,"1,0,0,0",,,,,,1.000244140625,0.736328125,0.736572265625,0.96044921875,1.714599609375,0.791748046875
151,readout,,1,9,"1,0,0,0",,,,,,-0.0048828125,0.166015625,-0.000732421875,0.959716796875,1.714599609375,0.791748046875
151,readout,,1,10,"1,0,0,0",,,,,,1.0,-0.16796875,-0.16796875,0.791748046875,1.714599609375,0.791748046875
152,neuron,0,,,"1,0,0,0",-1.42822265625,-0.21142578125,0.0,-1.6396484375,0,,,,,,
152,neuron,1,,,"1,0,0,0",0.141845703125,0.04296875,0.052001953125,0.23681640625,0,,,,,,
152,neuron,2,,,"1,0,0,0",-3.4990234375,-0.554931640625,0.0,-3.9990234375,0,,,,,,
152,neuron,3,,,"1,0,0,0",-0.820068359375,-0.090576171875,0.0,-0.91064453125,0,,,,,,
152,neuron,4,,,"1,0,0,0",0.016845703125,0.15283203125,0.0,0.169677734375,0,,,,,,
152,neuron,5,,,"1,0,0,0",0.666748046875,0.571533203125,-0.02685546875,0.21142578125,1,,,,,,
152,neuron,6,,,"1,0,0,0",-3.064453125,-0.427001953125,0.0,-3.491455078125,0,,,,,,
152,neuron,7,,,"1,0,0,0",-2.622314453125,-0.383056640625,0.0,-3.00537109375,0,,,,,,
152,readout,,0,0,"1,0,0,0",,,,,,-1.6396484375,-0.245849609375,0.403076171875,0.403076171875,1.64404296875,0.639404296875
152,readout,,0,1,"1,0,0,0",,,,,,0.23681640625,0.25048828125,0.059326171875,0.46240234375,1.64404296875,0.639404296875
152,readout,,0,2,"1,0,0,0",,,,,,-3.9990234375,-0.015380859375,0.0615234375,0.52392578125,1.64404296875,0.639404296875
152,readout,,0,3,"1,0,0,0",,,,,,-0.91064453125,-0.057373046875,0.05224609375,0.576171875,1.64404296875,0.639404296875
152,readout,,0,4,"1,0,0,0",,,,,,0.169677734375,0.0048828125,0.000732421875,0.576904296875,1.64404296875,0.639404296875
152,readout,,0,5,"1,0,0,0",,,,,,0.21142578125,0.10595703125,0.0224609375,0.599365234375,1.64404296875,0.639404296875
152,readout,,0,6,"1,0,0,0",,,,,,-3.491455078125,-0.00244140625,0.008544921875,0.60791015625,1.64404296875,0.639404296875
152,readout,,0,7,"1,0,0,0",,,,,,-3.00537109375,0.31591796875,-0.949462890625,-0.341552734375,1.64404296875,0.639404296875
152,readout,,0,8,"1,0,0,0",,,,,,0.98095703125,1.9990234375,1.9609375,1.619384765625,1.64404296875,0.639404296875
152,readout,,0,9,"1,0,0,0",,,,,,-0.009521484375,-1.9990234375,0.01904296875,1.638427734375,1.64404296875,0.639404296875
152,readout,,0,10,"1,0,0,0",,,,,,1.0,0.005615234375,0.005615234375,1.64404296875,1.64404296875,0.639404296875
152,readout,,1,0,"1,0,0,0",,,,,,-1.6396484375,0.021240234375,-0.034912109375,-0.034912109375,1.64404296875,0.639404296875
152,readout,,1,1,"1,0,0,0",,,,,,0.23681640625,-0.540771484375,-0.128173828125,-0.1630859375,1.64404296875,0.639404296875
152,readout,,1,2,"1,0,0,0",,,,,,-3.9990234375,0.103271484375,-0.4130859375,-0.576171875,1.64404296875,0.639404296875
152,readout,,1,3,"1,0,0,0",,,,,,-0.91064453125,0.0478515625,-0.04345703125,-0.61962890625,1.64404296875,0.639404296875
152,readout,,1,4,"1,0,0,0",,,,,,0.169677734375,-0.000244140625,0.0,-0.61962890625,1.64404296875,0.639404296875
152,readout,,1,5,"1,0,0,0",,,,,,0.21142578125,0.17724609375,0.037353515625,-0.582275390625,1.64404296875,0.639404296875
152,readout,,1,6,"1,0,0,0",,,,,,-3.491455078125,-0.113525390625,0.396484375,-0.185791015625,1.64404296875,0.639404296875
152,readout,,1,7,"1,0,0,0",,,,,,-3.00537109375,-0.090576171875,0.272216796875,0.08642578125,1.64404296875,0.639404296875
152,readout,,1,8,"1,0,0,0",,,,,,0.98095703125,0.736328125,0.722412109375,0.808837890625,1.64404296875,0.639404296875
152,readout,,1,9,"1,0,0,0",,,,,,-0.009521484375,0.166015625,-0.00146484375,0.807373046875,1.64404296875,0.639404296875
152,readout,,1,10,"1,0,0,0",,,,,,1.0,-0.16796875,-0.16796875,0.639404296875,1.64404296875,0.639404296875
153,neuron,0,,,"1,0,0,0",-1.4345703125,-0.21142578125,0.0,-1.64599609375,0,,,,,,
153,neuron,1,,,"1,0,0,0",0.207275390625,0.04296875,0.0,0.250244140625,0,,,,,,
153,neuron,2,,,"1,0,0,0",-3.4990234375,-0.554931640625,-0.0078125,-3.9990234375,0,,,,,,
153,neuron,3,,,"1,0,0,0",-0.796875,-0.090576171875,0.0,-0.887451171875,0,,,,,,
153,neuron,4,,,"1,0,0,0",0.1484375,0.15283203125,0.14111328125,0.4423828125,0,,,,,,
153,neuron,5,,,"1,0,0,0",0.18505859375,0.571533203125,0.0,0.756591796875,0,,,,,,
153,neuron,6,,,"1,0,0,0",-3.054931640625,-0.427001953125,0.0,-3.48193359375,0,,,,,,
153,neuron,7,,,"1,0,0,0",-2.629638671875,-0.383056640625,0.0,-3.0126953125,0,,,,,,
153,readout,,0,0,"1,0,0,0",,,,,,-1.64599609375,-0.245849609375,0.40478515625,0.40478515625,1.707763671875,0.748779296875
153,readout,,0,1,"1,0,0,0",,,,,,0.250244140625,0.25048828125,0.062744140625,0.467529296875,1.707763671875,0.748779296875
153,readout,,0,2,"1,0,0,0",,,,,,-3.9990234375,-0.015380859375,0.0615234375,0.529052734375,1.707763671875,0.748779296875
153,readout,,0,3,"1,0,0,0",,,,,,-0.887451171875,-0.057373046875,0.051025390625,0.580078125,1.707763671875,0.748779296875
153,readout,,0,4,"1,0,0,0",,,,,,0.4423828125,0.0048828125,0.002197265625,0.582275390625,1.707763671875,0.748779296875
153,readout,,0,5,"1,0,0,0",,,,,,0.756591796875,0.10595703125,0.080078125,0.662353515625,1.707763671875,0.748779296875
153,readout,,0,6,"1,0,0,0",,,,,,-3.48193359375,-0.00244140625,0.008544921875,0.6708984375,1.707763671875,0.748779296875
153,readout,,0,7,"1,0,0,0",,,,,,-3.0126953125,0.31591796875,-0.95166015625,-0.28076171875,1.707763671875,0.748779296875
153,readout,,0,8,"1,0,0,0",,,,,,1.0029296875,1.9990234375,2.0048828125,1.72412109375,1.707763671875,0.748779296875
153,readout,,0,9,"1,0,0,0",,,,,,0.010986328125,-1.9990234375,-0.02197265625,1.7021484375,1.707763671875,0.748779296875
153,readout,,0,10,"1,0,0,0",,,,,,1.0,0.005615234375,0.005615234375,1.707763671875,1.707763671875,0.748779296875
153,readout,,1,0,"1,0,0,0",,,,,,-1.64599609375,0.021240234375,-0.034912109375,-0.034912109375,1.707763671875,0.748779296875
153,readout,,1,1,"1,0,0,0",,,,,,0.250244140625,-0.540771484375,-0.13525390625,-0.170166015625,1.707763671875,0.748779296875
153,readout,,1,2,"1,0,0,0",,,,,,-3.9990234375,0.103271484375,-0.4130859375,-0.583251953125,1.707763671875,0.748779296875
153,readout,,1,3,"1,0,0,0",,,,,,-0.887451171875,0.0478515625,-0.04248046875,-0.625732421875,1.707763671875,0.748779296875
153,readout,,1,4,"1,0,0,0",,,,,,0.4423828125,-0.000244140625,0.0,-0.625732421875,1.707763671875,0.748779296875
153,readout,,1,5,"1,0,0,0",,,,,,0.756591796875,0.17724609375,0.134033203125,-0.49169921875,1.707763671875,0.748779296875
153,readout,,1,6,"1,0,0,0",,,,,,-3.48193359375,-0.113525390625,0.395263671875,-0.096435546875,1.707763671875,0.748779296875
153,readout,,1,7,"1,0,0,0",,,,,,-3.0126953125,-0.090576171875,0.27294921875,0.176513671875,1.707763671875,0.748779296875
153,readout,,1,8,"1,0,0,0",,,,,,1.0029296875,0.736328125,0.738525390625,0.9150390625,1.707763671875,0.748779296875
153,readout,,1,9,"1,0,0,0",,,,,,0.010986328125,0.166015625,0.001708984375,0.916748046875,1.707763671875,0.748779296875
153,readout,,1,10,"1,0,0,0",,,,,,1.0,-0.16796875,-0.16796875,0.748779296875,1.707763671875,0.748779296875
154,neuron,0,,,"1,0,0,0",-1.440185546875,-0.21142578125,0.0,-1.651611328125,0,,,,,,
154,neuron,1,,,"1,0,0,0",0.218994140625,0.04296875,0.0,0.261962890625,0,,,,,,
154,neuron,2,,,"1,0,0,0",-3.4990234375,-0.554931640625,0.0,-3.9990234375,0,,,,,,
154,neuron,3,,,"1,0,0,0",-0.776611328125,-0.090576171875,0.0,-0.8671875,0,,,,,,
154,neuron,4,,,"1,0,0,0",0.38720703125,0.15283203125,0.0,0.5400390625,0,,,,,,
154,neuron,5,,,"1,0,0,0",0.662109375,0.571533203125,0.0,0.233642578125,1,,,,,,
154,neuron,6,,,"1,0,0,0",-3.046630859375,-0.427001953125,0.0,-3.4736328125,0,,,,,,
154,neuron,7,,,"1,0,0,0",-2.63623046875,-0.383056640625,0.0,-3.019287109375,0,,,,,,
154,readout,,0,0,"1,0,0,0",,,,,,-1.651611328125,-0.245849609375,0.406005859375,0.406005859375,1.628662109375,0.60986328125
154,readout,,0,1,"1,0,0,0",,,,,,0.261962890625,0.25048828125,0.065673828125,0.4716796875,1.628662109375,0.60986328125
154,readout,,0,2,"1,0,0,0",,,,,,-3.9990234375,-0.015380859375,0.0615234375,0.533203125,1.628662109375,0.60986328125
154,readout,,0,3,"1,0,0,0",,,,,,-0.8671875,-0.057373046875,0.0498046875,0.5830078125,1.628662109375,0.60986328125
154,readout,,0,4,"1,0,0,0",,,,,,0.5400390625,0.0048828125,0.002685546875,0.585693359375,1.628662109375,0.60986328125
154,readout,,0,5,"1,0,0,0",,,,,,0.233642578125,0.10595703125,0.024658203125,0.6103515625,1.628662109375,0.60986328125
154,readout,,0,6,"1,0,0,0",,,,,,-3.4736328125,-0.00244140625,0.008544921875,0.618896484375,1.628662109375,0.60986328125
154,readout,,0,7,"1,0,0,0",,,,,,-3.019287109375,0.31591796875,-0.953857421875,-0.3349609375,1.628662109375,0.60986328125
154,readout,,0,8,"1,0,0,0",,,,,,0.956298828125,1.9990234375,1.91162109375,1.57666015625,1.628662109375,0.60986328125
154,readout,,0,9,"1,0,0,0",,,,,,-0.023193359375,-1.9990234375,0.04638671875,1.623046875,1.628662109375,0.60986328125
154,readout,,0,10,"1,0,0,0",,,,,,1.0,0.005615234375,0.005615234375,1.628662109375,1.628662109375,0.60986328125
154,readout,,1,0,"1,0,0,0",,,,,,-1.651611328125,0.021240234375,-0.03515625,-0.03515625,1.628662109375,0.60986328125
154,readout,,1,1,"1,0,0,0",,,,,,0.261962890625,-0.540771484375,-0.1416015625,-0.1767578125,1.628662109375,0.60986328125
154,readout,,1,2,"1,0,0,0",,,,,,-3.9990234375,0.103271484375,-0.4130859375,-0.58984375,1.628662109375,0.60986328125
154,readout,,1,3,"1,0,0,0",,,,,,-0.8671875,0.0478515625,-0.04150390625,-0.63134765625,1.628662109375,0.60986328125
154,readout,,1,4,"1,0,0,0",,,,,,0.5400390625,-0.000244140625,-0.000244140625,-0.631591796875,1.628662109375,0.60986328125
154,readout,,1,5,"1,0,0,0",,,,,,0.233642578125,0.17724609375,0.04150390625,-0.590087890625,1.628662109375,0.60986328125
154,readout,,1,6,"1,0,0,0",,,,,,-3.4736328125,-0.113525390625,0.394287109375,-0.19580078125,1.628662109375,0.60986328125
154,readout,,1,7,"1,0,0,0",,,,,,-3.019287109375,-0.090576171875,0.2734375,0.07763671875,1.628662109375,0.60986328125
154,readout,,1,8,"1,0,0,0",,,,,,0.956298828125,0.736328125,0.7041015625,0.78173828125,1.628662109375,0.60986328125
154,readout,,1,9,"1,0,0,0",,,,,,-0.023193359375,0.166015625,-0.00390625,0.77783203125,1.628662109375,0.60986328125
154,readout,,1,10,"1,0,0,0",,,,,,1.0,-0.16796875,-0.16796875,0.60986328125,1.628662109375,0.60986328125
155,neuron,0,,,"1,0,0,0",-1.445068359375,-0.21142578125,0.0,-1.656494140625,0,,,,,,
155,neuron,1,,,"1,0,0,0",0.229248046875,0.04296875,0.0,0.272216796875,0,,,,,,
155,neuron,2,,,"1,0,0,0",-3.4990234375,-0.554931640625,-0.0078125,-3.9990234375,0,,,,,,
155,neuron,3,,,"1,0,0,0",-0.7587890625,-0.090576171875,0.0,-0.849365234375,0,,,,,,
155,neuron,4,,,"1,0,0,0",0.47265625,0.15283203125,0.14111328125,0.7666015625,0,,,,,,
155,neuron,5,,,"1,0,0,0",0.204345703125,0.571533203125,0.0,0.77587890625,0,,,,,,
155,neuron,6,,,"1,0,0,0",-3.03955078125,-0.427001953125,0.0,-3.466552734375,0,,,,,,
155,neuron,7,,,"1,0,0,0",-2.641845703125,-0.383056640625,0.0,-3.02490234375,0,,,,,,
155,readout,,0,0,"1,0,0,0",,,,,,-1.656494140625,-0.245849609375,0.4072265625,0.4072265625,1.697509765625,0.75048828125
155,readout,,0,1,"1,0,0,0",,,,,,0.272216796875,0.25048828125,0.068115234375,0.475341796875,1.697509765625,0.75048828125
155,readout,,0,2,"1,0,0,0",,,,,,-3.9990234375,-0.015380859375,0.0615234375,0.536865234375,1.697509765625,0.75048828125
155,readout,,0,3,"1,0,0,0",,,,,,-0.849365234375,-0.057373046875,0.048828125,0.585693359375,1.697509765625,0.75048828125
155,readout,,0,4,"1,0,0,0",,,,,,0.7666015625,0.0048828125,0.003662109375,0.58935546875,1.697509765625,0.75048828125
155,readout,,0,5,"1,0,0,0",,,,,,0.77587890625,0.10595703125,0.082275390625,0.671630859375,1.697509765625,0.75048828125
155,readout,,0,6,"1,0,0,0",,,,,,-3.466552734375,-0.00244140625,0.008544921875,0.68017578125,1.697509765625,0.75048828125
155,readout,,0,7,"1,0,0,0",,,,,,-3.02490234375,0.31591796875,-0.95556640625,-0.275390625,1.697509765625,0.75048828125
155,readout,,0,8,"1,0,0,0",,,,,,1.011962890625,1.9990234375,2.02294921875,1.74755859375,1.697509765625,0.75048828125
155,readout,,0,9,"1,0,0,0",,,,,,0.02783203125,-1.9990234375,-0.0556640625,1.69189453125,1.697509765625,0.75048828125
155,readout,,0,10,"1,0,0,0",,,,,,1.0,0.005615234375,0.005615234375,1.697509765625,1.697509765625,0.75048828125
155,readout,,1,0,"1,0,0,0",,,,,,-1.656494140625,0.021240234375,-0.03515625,-0.03515625,1.697509765625,0.75048828125
155,readout,,1,1,"1,0,0,0",,,,,,0.272216796875,-0.540771484375,-0.147216796875,-0.182373046875,1.697509765625,0.75048828125
155,readout,,1,2,"1,0,0,0",,,,,,-3.9990234375,0.103271484375,-0.4130859375,-0.595458984375,1.697509765625,0.75048828125
155,readout,,1,3,"1,0,0,0",,,,,,-0.849365234375,0.0478515625,-0.04052734375,-0.635986328125,1.697509765625,0.75048828125
155,readout,,1,4,"1,0,0,0",,,,,,0.7666015625,-0.000244140625,-0.000244140625,-0.63623046875,1.697509765625,0.75048828125
155,readout,,1,5,"1,0,0,0",,,,,,0.77587890625,0.17724609375,0.137451171875,-0.498779296875,1.697509765625,0.75048828125
155,readout,,1,6,"1,0,0,0",,,,,,-3.466552734375,-0.113525390625,0.3935546875,-0.105224609375,1.697509765625,0.75048828125
155,readout,,1,7,"1,0,0,0",,,,,,-3.02490234375,-0.090576171875,0.27392578125,0.168701171875,1.697509765625,0.75048828125
155,readout,,1,8,"1,0,0,0",,,,,,1.011962890625,0.736328125,0.7451171875,0.913818359375,1.697509765625,0.75048828125
155,readout,,1,9,"1,0,0,0",,,,,,0.02783203125,0.166015625,0.004638671875,0.91845703125,1.697509765625,0.75048828125
155,readout,,1,10,"1,0,0,0",,,,,,1.0,-0.16796875,-0.16796875,0.75048828125,1.697509765625,0.75048828125
156,neuron,0,,,"1,0,0,0",-1.449462890625,-0.21142578125,0.0,-1.660888671875,0,,,,,,
156,neuron,1,,,"1,0,0,0",0.23828125,0.04296875,0.0,0.28125,0,,,,,,
156,neuron,2,,,"1,0,0,0",-3.4990234375,-0.554931640625,0.0,-3.9990234375,0,,,,,,
156,neuron,3,,,"1,0,0,0",-0.7431640625,-0.090576171875,0.0,-0.833740234375,0,,,,,,
156,neuron,4,,,"1,0,0,0",0.6708984375,0.15283203125,0.0,0.82373046875,0,,,,,,
156,neuron,5,,,"1,0,0,0",0.678955078125,0.571533203125,0.0,0.25048828125,1,,,,,,
156,neuron,6,,,"1,0,0,0",-3.033203125,-0.427001953125,0.0,-3.460205078125,0,,,,,,
156,neuron,7,,,"1,0,0,0",-2.646728515625,-0.383056640625,0.0,-3.02978515625,0,,,,,,
156,readout,,0,0,"1,0,0,0",,,,,,-1.660888671875,-0.245849609375,0.408447265625,0.408447265625,1.7314453125,0.67529296875
156,readout,,0,1,"1,0,0,0",,,,,,0.28125,0.25048828125,0.070556640625,0.47900390625,1.7314453125,0.67529296875
156,readout,,0,2,"1,0,0,0",,,,,,-3.9990234375,-0.015380859375,0.0615234375,0.54052734375,1.7314453125,0.67529296875
156,readout,,0,3,"1,0,0,0",,,,,,-0.833740234375,-0.057373046875,0.0478515625,0.58837890625,1.7314453125,0.67529296875
156,readout,,0,4,"1,0,0,0",,,,,,0.82373046875,0.0048828125,0.00390625,0.59228515625,1.7314453125,0.67529296875
156,readout,,0,5,"1,0,0,0",,,,,,0.25048828125,0.10595703125,0.026611328125,0.618896484375,1.7314453125,0.67529296875
156,readout,,0,6,"1,0,0,0",,,,,,-3.460205078125,-0.00244140625,0.008544921875,0.62744140625,1.7314453125,0.67529296875
156,readout,,0,7,"1,0,0,0",,,,,,-3.02978515625,0.31591796875,-0.957275390625,-0.329833984375,1.7314453125,0.67529296875
156,readout,,0,8,"1,0,0,0",,,,,,1.044921875,1.9990234375,2.0888671875,1.759033203125,1.7314453125,0.67529296875
156,readout,,0,9,"1,0,0,0",,,,,,0.0166015625,-1.9990234375,-0.033203125,1.725830078125,1.7314453125,0.67529296875
156,readout,,0,10,"1,0,0,0",,,,,,1.0,0.005615234375,0.005615234375,1.7314453125,1.7314453125,0.67529296875
156,readout,,1,0,"1,0,0,0",,,,,,-1.660888671875,0.021240234375,-0.03515625,-0.03515625,1.7314453125,0.67529296875
156,readout,,1,1,"1,0,0,0",,,,,,0.28125,-0.540771484375,-0.152099609375,-0.187255859375,1.7314453125,0.67529296875
156,readout,,1,2,"1,0,0,0",,,,,,-3.9990234375,0.103271484375,-0.4130859375,-0.600341796875,1.7314453125,0.67529296875
156,readout,,1,3,"1,0,0,0",,,,,,-0.833740234375,0.0478515625,-0.039794921875,-0.64013671875,1.7314453125,0.67529296875
156,readout,,1,4,"1,0,0,0",,,,,,0.82373046875,-0.000244140625,-0.000244140625,-0.640380859375,1.7314453125,0.67529296875
156,readout,,1,5,"1,0,0,0",,,,,,0.25048828125,0.17724609375,0.04443359375,-0.595947265625,1.7314453125,0.67529296875
156,readout,,1,6,"1,0,0,0",,,,,,-3.460205078125,-0.113525390625,0.392822265625,-0.203125,1.7314453125,0.67529296875
156,readout,,1,7,"1,0,0,0",,,,,,-3.02978515625,-0.090576171875,0.2744140625,0.0712890625,1.7314453125,0.67529296875
156,readout,,1,8,"1,0,0,0",,,,,,1.044921875,0.736328125,0.769287109375,0.840576171875,1.7314453125,0.67529296875
156,readout,,1,9,"1,0,0,0",,,,,,0.0166015625,0.166015625,0.002685546875,0.84326171875,1.7314453125,0.67529296875
156,readout,,1,10,"1,0,0,0",,,,,,1.0,-0.16796875,-0.16796875,0.67529296875,1.7314453125,0.67529296875
157,neuron,0,,,"1,0,0,0",-1.453369140625,-0.21142578125,0.0,-1.664794921875,0,,,,,,
157,neuron,1,,,"1,0,0,0",0.24609375,0.04296875,0.0,0.2890625,0,,,,,,
157,neuron,2,,,"1,0,0,0",-3.4990234375,-0.554931640625,-0.0078125,-3.9990234375,0,,,,,,
157,neuron,3,,,"1,0,0,0",-0.7294921875,-0.090576171875,0.0,-0.820068359375,0,,,,,,
157,neuron,4,,,"1,0,0,0",0.720703125,0.15283203125,0.14111328125,0.0146484375,1,,,,,,
157,neuron,5,,,"1,0,0,0",0.21923828125,0.571533203125,0.0,0.790771484375,0,,,,,,
157,neuron,6,,,"1,0,0,0",-3.027587890625,-0.427001953125,0.0,-3.45458984375,0,,,,,,
157,neuron,7,,,"1,0,0,0",-2.651123046875,-0.383056640625,0.0,-3.0341796875,0,,,,,,
157,readout,,0,0,"1,0,0,0",,,,,,-1.664794921875,-0.245849609375,0.4091796875,0.4091796875,1.828369140625,0.772216796875
157,readout,,0,1,"1,0,0,0",,,,,,0.2890625,0.25048828125,0.072509765625,0.481689453125,1.828369140625,0.772216796875
157,readout,,0,2,"1,0,0,0",,,,,,-3.9990234375,-0.015380859375,0.0615234375,0.543212890625,1.828369140625,0.772216796875
157,readout,,0,3,"1,0,0,0",,,,,,-0.820068359375,-0.057373046875,0.047119140625,0.59033203125,1.828369140625,0.772216796875
157,readout,,0,4,"1,0,0,0",,,,,,0.0146484375,0.0048828125,0.0,0.59033203125,1.828369140625,0.772216796875
157,readout,,0,5,"1,0,0,0",,,,,,0.790771484375,0.10595703125,0.083740234375,0.674072265625,1.828369140625,0.772216796875
157,readout,,0,6,"1,0,0,0",,,,,,-3.45458984375,-0.00244140625,0.008544921875,0.6826171875,1.828369140625,0.772216796875
157,readout,,0,7,"1,0,0,0",,,,,,-3.0341796875,0.31591796875,-0.95849609375,-0.27587890625,1.828369140625,0.772216796875
157,readout,,0,8,"1,0,0,0",,,,,,1.054443359375,1.9990234375,2.10791015625,1.83203125,1.828369140625,0.772216796875
157,readout,,0,9,"1,0,0,0",,,,,,0.004638671875,-1.9990234375,-0.00927734375,1.82275390625,1.828369140625,0.772216796875
157,readout,,0,10,"1,0,0,0",,,,,,1.0,0.005615234375,0.005615234375,1.828369140625,1.828369140625,0.772216796875
157,readout,,1,0,"1,0,0,0",,,,,,-1.664794921875,0.021240234375,-0.035400390625,-0.035400390625,1.828369140625,0.772216796875
157,readout,,1,1,"1,0,0,0",,,,,,0.2890625,-0.540771484375,-0.15625,-0.191650390625,1.828369140625,0.772216796875
157,readout,,1,2,"1,0,0,0",,,,,,-3.9990234375,0.103271484375,-0.4130859375,-0.604736328125,1.828369140625,0.772216796875
157,readout,,1,3,"1,0,0,0",,,,,,-0.820068359375,0.0478515625,-0.039306640625,-0.64404296875,1.828369140625,0.772216796875
157,readout,,1,4,"1,0,0,0",,,,,,0.0146484375,-0.000244140625,0.0,-0.64404296875,1.828369140625,0.772216796875
157,readout,,1,5,"1,0,0,0",,,,,,0.790771484375,0.17724609375,0.14013671875,-0.50390625,1.828369140625,0.772216796875
157,readout,,1,6,"1,0,0,0",,,,,,-3.45458984375,-0.113525390625,0.39208984375,-0.11181640625,1.828369140625,0.772216796875
157,readout,,1,7,"1,0,0,0",,,,,,-3.0341796875,-0.090576171875,0.27490234375,0.1630859375,1.828369140625,0.772216796875
157,readout,,1,8,"1,0,0,0",,,,,,1.054443359375,0.736328125,0.7763671875,0.939453125,1.828369140625,0.772216796875
157,readout,,1,9,"1,0,0,0",,,,,,0.004638671875,0.166015625,0.000732421875,0.940185546875,1.828369140625,0.772216796875
157,readout,,1,10,"1,0,0,0",,,,,,1.0,-0.16796875,-0.16796875,0.772216796875,1.828369140625,0.772216796875
158,neuron,0,,,"1,0,0,0",-1.456787109375,-0.21142578125,0.0,-1.668212890625,0,,,,,,
158,neuron,1,,,"1,0,0,0",0.2529296875,0.04296875,0.052001953125,0.347900390625,0,,,,,,
158,neuron,2,,,"1,0,0,0",-3.4990234375,-0.554931640625,0.0,-3.9990234375,0,,,,,,
158,neuron,3,,,"1,0,0,0",-0.717529296875,-0.090576171875,0.0,-0.80810546875,0,,,,,,
158,neuron,4,,,"1,0,0,0",0.0126953125,0.15283203125,0.0,0.16552734375,0,,,,,,
158,neuron,5,,,"1,0,0,0",0.69189453125,0.571533203125,-0.02685546875,0.236572265625,1,,,,,,
158,neuron,6,,,"1,0,0,0",-3.022705078125,-0.427001953125,0.0,-3.44970703125,0,,,,,,
158,neuron,7,,,"1,0,0,0",-2.65478515625,-0.383056640625,0.0,-3.037841796875,0,,,,,,
158,readout,,0,0,"1,0,0,0",,,,,,-1.668212890625,-0.245849609375,0.41015625,0.41015625,1.797607421875,0.645751953125
158,readout,,0,1,"1,0,0,0",,,,,,0.347900390625,0.25048828125,0.087158203125,0.497314453125,1.797607421875,0.645751953125
158,readout,,0,2,"1,0,0,0",,,,,,-3.9990234375,-0.015380859375,0.0615234375,0.558837890625,1.797607421875,0.645751953125
158,readout,,0,3,"1,0,0,0",,,,,,-0.80810546875,-0.057373046875,0.04638671875,0.605224609375,1.797607421875,0.645751953125
158,readout,,0,4,"1,0,0,0",,,,,,0.16552734375,0.0048828125,0.000732421875,0.60595703125,1.797607421875,0.645751953125
158,readout,,0,5,"1,0,0,0",,,,,,0.236572265625,0.10595703125,0.025146484375,0.631103515625,1.797607421875,0.645751953125
158,readout,,0,6,"1,0,0,0",,,,,,-3.44970703125,-0.00244140625,0.00830078125,0.639404296875,1.797607421875,0.645751953125
158,readout,,0,7,"1,0,0,0",,,,,,-3.037841796875,0.31591796875,-0.959716796875,-0.3203125,1.797607421875,0.645751953125
158,readout,,0,8,"1,0,0,0",,,,,,1.05908203125,1.9990234375,2.1171875,1.796875,1.797607421875,0.645751953125
158,readout,,0,9,"1,0,0,0",,,,,,0.00244140625,-1.9990234375,-0.0048828125,1.7919921875,1.797607421875,0.645751953125
158,readout,,0,10,"1,0,0,0",,,,,,1.0,0.005615234375,0.005615234375,1.797607421875,1.797607421875,0.645751953125
158,readout,,1,0,"1,0,0,0",,,,,,-1.668212890625,0.021240234375,-0.035400390625,-0.035400390625,1.797607421875,0.645751953125
158,readout,,1,1,"1,0,0,0",,,,,,0.347900390625,-0.540771484375,-0.188232421875,-0.2236328125,1.797607421875,0.645751953125
158,readout,,1,2,"1,0,0,0",,,,,,-3.9990234375,0.103271484375,-0.4130859375,-0.63671875,1.797607421875,0.645751953125
158,readout,,1,3,"1,0,0,0",,,,,,-0.80810546875,0.0478515625,-0.03857421875,-0.67529296875,1.797607421875,0.645751953125
158,readout,,1,4,"1,0,0,0",,,,,,0.16552734375,-0.000244140625,0.0,-0.67529296875,1.797607421875,0.645751953125
158,readout,,1,5,"1,0,0,0",,,,,,0.236572265625,0.17724609375,0.0419921875,-0.63330078125,1.797607421875,0.645751953125
158,readout,,1,6,"1,0,0,0",,,,,,-3.44970703125,-0.113525390625,0.3916015625,-0.24169921875,1.797607421875,0.645751953125
158,readout,,1,7,"1,0,0,0",,,,,,-3.037841796875,-0.090576171875,0.275146484375,0.033447265625,1.797607421875,0.645751953125
158,readout,,1,8,"1,0,0,0",,,,,,1.05908203125,0.736328125,0.77978515625,0.813232421875,1.797607421875,0.645751953125
158,readout,,1,9,"1,0,0,0",,,,,,0.00244140625,0.166015625,0.00048828125,0.813720703125,1.797607421875,0.645751953125
158,readout,,1,10,"1,0,0,0",,,,,,1.0,-0.16796875,-0.16796875,0.645751953125,1.797607421875,0.645751953125
159,neuron,0,,,"1,0,0,0",-1.459716796875,-0.21142578125,0.0,-1.671142578125,0,,,,,,
159,neuron,1,,,"1,0,0,0",0.304443359375,0.04296875,0.0,0.347412109375,0,,,,,,
159,neuron,2,,,"1,0,0,0",-3.4990234375,-0.554931640625,-0.0078125,-3.9990234375,0,,,,,,
159,neuron,3,,,"1,0,0,0",-0.70703125,-0.090576171875,0.0,-0.797607421875,0,,,,,,
159,neuron,4,,,"1,0,0,0",0.144775390625,0.15283203125,0.14111328125,0.438720703125,0,,,,,,
159,neuron,5,,,"1,0,0,0",0.20703125,0.571533203125,0.0,0.778564453125,0,,,,,,
159,neuron,6,,,"1,0,0,0",-3.0185546875,-0.427001953125,0.0,-3.445556640625,0,,,,,,
159,neuron,7,,,"1,0,0,0",-2.658203125,-0.383056640625,0.0,-3.041259765625,0,,,,,,
159,readout,,0,0,"1,0,0,0",,,,,,-1.671142578125,-0.245849609375,0.410888671875,0.410888671875,1.854736328125,0.737548828125
159,readout,,0,1,"1,0,0,0",,,,,,0.347412109375,0.25048828125,0.0869140625,0.497802734375,1.854736328125,0.737548828125
159,readout,,0,2,"1,0,0,0",,,,,,-3.9990234375,-0.015380859375,0.0615234375,0.559326171875,1.854736328125,0.737548828125
159,readout,,0,3,"1,0,0,0",,,,,,-0.797607421875,-0.057373046875,0.045654296875,0.60498046875,1.854736328125,0.737548828125
159,readout,,0,4,"1,0,0,0",,,,,,0.438720703125,0.0048828125,0.002197265625,0.607177734375,1.854736328125,0.737548828125
159,readout,,0,5,"1,0,0,0",,,,,,0.778564453125,0.10595703125,0.08251953125,0.689697265625,1.854736328125,0.737548828125
159,readout,,0,6,"1,0,0,0",,,,,,-3.445556640625,-0.00244140625,0.00830078125,0.697998046875,1.854736328125,0.737548828125
159,readout,,0,7,"1,0,0,0",,,,,,-3.041259765625,0.31591796875,-0.960693359375,-0.2626953125,1.854736328125,0.737548828125
159,readout,,0,8,"1,0,0,0",,,,,,1.053955078125,1.9990234375,2.10693359375,1.84423828125,1.854736328125,0.737548828125
159,readout,,0,9,"1,0,0,0",,,,,,-0.00244140625,-1.9990234375,0.0048828125,1.84912109375,1.854736328125,0.737548828125
159,readout,,0,10,"1,0,0,0",,,,,,1.0,0.005615234375,0.005615234375,1.854736328125,1.854736328125,0.737548828125
159,readout,,1,0,"1,0,0,0",,,,,,-1.671142578125,0.021240234375,-0.035400390625,-0.035400390625,1.854736328125,0.737548828125
159,readout,,1,1,"1,0,0,0",,,,,,0.347412109375,-0.540771484375,-0.18798828125,-0.223388671875,1.854736328125,0.737548828125
159,readout,,1,2,"1,0,0,0",,,,,,-3.9990234375,0.103271484375,-0.4130859375,-0.636474609375,1.854736328125,0.737548828125
159,readout,,1,3,"1,0,0,0",,,,,,-0.797607421875,0.0478515625,-0.0380859375,-0.674560546875,1.854736328125,0.737548828125
159,readout,,1,4,"1,0,0,0",,,,,,0.438720703125,-0.000244140625,0.0,-0.674560546875,1.854736328125,0.737548828125
159,readout,,1,5,"1,0,0,0",,,,,,0.778564453125,0.17724609375,0.137939453125,-0.53662109375,1.854736328125,0.737548828125
159,readout,,1,6,"1,0,0,0",,,,,,-3.445556640625,-0.113525390625,0.39111328125,-0.1455078125,1.854736328125,0.737548828125
159,readout,,1,7,"1,0,0,0",,,,,,-3.041259765625,-0.090576171875,0.275390625,0.1298828125,1.854736328125,0.737548828125
159,readout,,1,8,"1,0,0,0",,,,,,1.053955078125,0.736328125,0.776123046875,0.906005859375,1.854736328125,0.737548828125
159,readout,,1,9,"1,0,0,0",,,,,,-0.00244140625,0.166015625,-0.00048828125,0.905517578125,1.854736328125,0.737548828125
159,readout,,1,10,"1,0,0,0",,,,,,1.0,-0.16796875,-0.16796875,0.737548828125,1.854736328125,0.737548828125
160,neuron,0,,,"1,0,0,0",-1.462158203125,-0.21142578125,0.0,-1.673583984375,0,,,,,,
160,neuron,1,,,"1,0,0,0",0.303955078125,0.04296875,0.0,0.346923828125,0,,,,,,
160,neuron,2,,,"1,0,0,0",-3.4990234375,-0.554931640625,0.0,-3.9990234375,0,,,,,,
160,neuron,3,,,"1,0,0,0",-0.697998046875,-0.090576171875,0.0,-0.78857421875,0,,,,,,
160,neuron,4,,,"1,0,0,0",0.3837890625,0.15283203125,0.0,0.53662109375,0,,,,,,
160,neuron,5,,,"1,0,0,0",0.68115234375,0.571533203125,0.0,0.252685546875,1,,,,,,
160,neuron,6,,,"1,0,0,0",-3.014892578125,-0.427001953125,0.0,-3.44189453125,0,,,,,,
160,neuron,7,,,"1,0,0,0",-2.6611328125,-0.383056640625,0.0,-3.044189453125,0,,,,,,
160,readout,,0,0,"1,0,0,0",,,,,,-1.673583984375,-0.245849609375,0.411376953125,0.411376953125,1.817138671875,0.663818359375
160,readout,,0,1,"1,0,0,0",,,,,,0.346923828125,0.25048828125,0.0869140625,0.498291015625,1.817138671875,0.663818359375
160,readout,,0,2,"1,0,0,0",,,,,,-3.9990234375,-0.015380859375,0.0615234375,0.559814453125,1.817138671875,0.663818359375
160,readout,,0,3,"1,0,0,0",,,,,,-0.78857421875,-0.057373046875,0.045166015625,0.60498046875,1.817138671875,0.663818359375
160,readout,,0,4,"1,0,0,0",,,,,,0.53662109375,0.0048828125,0.002685546875,0.607666015625,1.817138671875,0.663818359375
160,readout,,0,5,"1,0,0,0",,,,,,0.252685546875,0.10595703125,0.02685546875,0.634521484375,1.817138671875,0.663818359375
160,readout,,0,6,"1,0,0,0",,,,,,-3.44189453125,-0.00244140625,0.00830078125,0.642822265625,1.817138671875,0.663818359375
160,readout,,0,7,"1,0,0,0",,,,,,-3.044189453125,0.31591796875,-0.961669921875,-0.31884765625,1.817138671875,0.663818359375
160,readout,,0,8,"1,0,0,0",,,,,,1.077392578125,1.9990234375,2.15380859375,1.8349609375,1.817138671875,0.663818359375
160,readout,,0,9,"1,0,0,0",,,,,,0.01171875,-1.9990234375,-0.0234375,1.8115234375,1.817138671875,0.663818359375
160,readout,,0,10,"1,0,0,0",,,,,,1.0,0.005615234375,0.005615234375,1.817138671875,1.817138671875,0.663818359375
160,readout,,1,0,"1,0,0,0",,,,,,-1.673583984375,0.021240234375,-0.03564453125,-0.03564453125,1.817138671875,0.663818359375
160,readout,,1,1,"1,0,0,0",,,,,,0.346923828125,-0.540771484375,-0.1875,-0.22314453125,1.817138671875,0.663818359375
160,readout,,1,2,"1,0,0,0",,,,,,-3.9990234375,0.103271484375,-0.4130859375,-0.63623046875,1.817138671875,0.663818359375
160,readout,,1,3,"1,0,0,0",,,,,,-0.78857421875,0.0478515625,-0.037841796875,-0.674072265625,1.817138671875,0.663818359375
160,readout,,1,4,"1,0,0,0",,,,,,0.53662109375,-0.000244140625,-0.000244140625,-0.67431640625,1.817138671875,0.663818359375
160,readout,,1,5,"1,0,0,0",,,,,,0.252685546875,0.17724609375,0.044677734375,-0.629638671875,1.817138671875,0.663818359375
160,readout,,1,6,"1,0,0,0",,,,,,-3.44189453125,-0.113525390625,0.390625,-0.239013671875,1.817138671875,0.663818359375
160,readout,,1,7,"1,0,0,0",,,,,,-3.044189453125,-0.090576171875,0.275634765625,0.03662109375,1.817138671875,0.663818359375
160,readout,,1,8,"1,0,0,0",,,,,,1.077392578125,0.736328125,0.793212890625,0.829833984375,1.817138671875,0.663818359375
160,readout,,1,9,"1,0,0,0",,,,,,0.01171875,0.166015625,0.001953125,0.831787109375,1.817138671875,0.663818359375
160,readout,,1,10,"1,0,0,0",,,,,,1.0,-0.16796875,-0.16796875,0.663818359375,1.817138671875,0.663818359375
161,neuron,0,,,"1,0,0,0",-1.46435546875,-0.21142578125,0.0,-1.67578125,0,,,,,,
161,neuron,1,,,"1,0,0,0",0.303466796875,0.04296875,0.0,0.346435546875,0,,,,,,
161,neuron,2,,,"1,0,0,0",-3.4990234375,-0.554931640625,-0.0078125,-3.9990234375,0,,,,,,
161,neuron,3,,,"1,0,0,0",-0.68994140625,-0.090576171875,0.0,-0.780517578125,0,,,,,,
161,neuron,4,,,"1,0,0,0",0.469482421875,0.15283203125,0.14111328125,0.763427734375,0,,,,,,
161,neuron,5,,,"1,0,0,0",0.22119140625,0.571533203125,0.0,0.792724609375,0,,,,,,
161,neuron,6,,,"1,0,0,0",-3.01171875,-0.427001953125,0.0,-3.438720703125,0,,,,,,
161,neuron,7,,,"1,0,0,0",-2.66357421875,-0.383056640625,0.0,-3.046630859375,0,,,,,,
161,readout,,0,0,"1,0,0,0",,,,,,-1.67578125,-0.245849609375,0.412109375,0.412109375,1.951904296875,0.802734375
161,readout,,0,1,"1,0,0,0",,,,,,0.346435546875,0.25048828125,0.086669921875,0.498779296875,1.951904296875,0.802734375
161,readout,,0,2,"1,0,0,0",,,,,,-3.9990234375,-0.015380859375,0.0615234375,0.560302734375,1.951904296875,0.802734375
161,readout,,0,3,"1,0,0,0",,,,,,-0.780517578125,-0.057373046875,0.044677734375,0.60498046875,1.951904296875,0.802734375
161,readout,,0,4,"1,0,0,0",,,,,,0.763427734375,0.0048828125,0.003662109375,0.608642578125,1.951904296875,0.802734375
161,readout,,0,5,"1,0,0,0",,,,,,0.792724609375,0.10595703125,0.083984375,0.692626953125,1.951904296875,0.802734375
161,readout,,0,6,"1,0,0,0",,,,,,-3.438720703125,-0.00244140625,0.00830078125,0.700927734375,1.951904296875,0.802734375
161,readout,,0,7,"1,0,0,0",,,,,,-3.046630859375,0.31591796875,-0.96240234375,-0.261474609375,1.951904296875,0.802734375
161,readout,,0,8,"1,0,0,0",,,,,,1.13134765625,1.9990234375,2.261474609375,2.0,1.951904296875,0.802734375
161,readout,,0,9,"1,0,0,0",,,,,,0.02685546875,-1.9990234375,-0.0537109375,1.9462890625,1.951904296875,0.802734375
161,readout,,0,10,"1,0,0,0",,,,,,1.0,0.005615234375,0.005615234375,1.951904296875,1.951904296875,0.802734375
161,readout,,1,0,"1,0,0,0",,,,,,-1.67578125,0.021240234375,-0.03564453125,-0.03564453125,1.951904296875,0.802734375
161,readout,,1,1,"1,0,0,0",,,,,,0.346435546875,-0.540771484375,-0.187255859375,-0.222900390625,1.951904296875,0.802734375
161,readout,,1,2,"1,0,0,0",,,,,,-3.9990234375,0.103271484375,-0.4130859375,-0.635986328125,1.951904296875,0.802734375
161,readout,,1,3,"1,0,0,0",,,,,,-0.780517578125,0.0478515625,-0.037353515625,-0.67333984375,1.951904296875,0.802734375
161,readout,,1,4,"1,0,0,0",,,,,,0.763427734375,-0.000244140625,-0.000244140625,-0.673583984375,1.951904296875,0.802734375
161,readout,,1,5,"1,0,0,0",,,,,,0.792724609375,0.17724609375,0.140625,-0.532958984375,1.951904296875,0.802734375
161,readout,,1,6,"1,0,0,0",,,,,,-3.438720703125,-0.113525390625,0.390380859375,-0.142578125,1.951904296875,0.802734375
161,readout,,1,7,"1,0,0,0",,,,,,-3.046630859375,-0.090576171875,0.27587890625,0.13330078125,1.951904296875,0.802734375
161,readout,,1,8,"1,0,0,0",,,,,,1.13134765625,0.736328125,0.8330078125,0.96630859375,1.951904296875,0.802734375
161,readout,,1,9,"1,0,0,0",,,,,,0.02685546875,0.166015625,0.00439453125,0.970703125,1.951904296875,0.802734375
161,readout,,1,10,"1,0,0,0",,,,,,1.0,-0.16796875,-0.16796875,0.802734375,1.951904296875,0.802734375
162,neuron,0,,,"1,0,0,0",-1.46630859375,-0.21142578125,0.0,-1.677734375,0,,,,,,
162,neuron,1,,,"1,0,0,0",0.30322265625,0.04296875,0.0,0.34619140625,0,,,,,,
162,neuron,2,,,"1,0,0,0",-3.4990234375,-0.554931640625,0.0,-3.9990234375,0,,,,,,
162,neuron,3,,,"1,0,0,0",-0.682861328125,-0.090576171875,0.0,-0.7734375,0,,,,,,
162,neuron,4,,,"1,0,0,0",0.66796875,0.15283203125,0.0,0.82080078125,0,,,,,,
162,neuron,5,,,"1,0,0,0",0.693603515625,0.571533203125,0.0,0.26513671875,1,,,,,,
162,neuron,6,,,"1,0,0,0",-3.0087890625,-0.427001953125,0.0,-3.435791015625,0,,,,,,
162,neuron,7,,,"1,0,0,0",-2.665771484375,-0.383056640625,0.0,-3.048828125,0,,,,,,
162,readout,,0,0,"1,0,0,0",,,,,,-1.677734375,-0.245849609375,0.412353515625,0.412353515625,1.905517578125,0.6689453125
162,readout,,0,1,"1,0,0,0",,,,,,0.34619140625,0.25048828125,0.086669921875,0.4990234375,1.905517578125,0.6689453125
162,readout,,0,2,"1,0,0,0",,,,,,-3.9990234375,-0.015380859375,0.0615234375,0.560546875,1.905517578125,0.6689453125
162,readout,,0,3,"1,0,0,0",,,,,,-0.7734375,-0.057373046875,0.04443359375,0.60498046875,1.905517578125,0.6689453125
162,readout,,0,4,"1,0,0,0",,,,,,0.82080078125,0.0048828125,0.00390625,0.60888671875,1.905517578125,0.6689453125
162,readout,,0,5,"1,0,0,0",,,,,,0.26513671875,0.10595703125,0.028076171875,0.636962890625,1.905517578125,0.6689453125
162,readout,,0,6,"1,0,0,0",,,,,,-3.435791015625,-0.00244140625,0.00830078125,0.645263671875,1.905517578125,0.6689453125
162,readout,,0,7,"1,0,0,0",,,,,,-3.048828125,0.31591796875,-0.963134765625,-0.31787109375,1.905517578125,0.6689453125
162,readout,,0,8,"1,0,0,0",,,,,,1.087646484375,1.9990234375,2.17431640625,1.8564453125,1.905517578125,0.6689453125
162,readout,,0,9,"1,0,0,0",,,,,,-0.021728515625,-1.9990234375,0.04345703125,1.89990234375,1.905517578125,0.6689453125
162,readout,,0,10,"1,0,0,0",,,,,,1.0,0.005615234375,0.005615234375,1.905517578125,1.905517578125,0.6689453125
162,readout,,1,0,"1,0,0,0",,,,,,-1.677734375,0.021240234375,-0.03564453125,-0.03564453125,1.905517578125,0.6689453125
162,readout,,1,1,"1,0,0,0",,,,,,0.34619140625,-0.540771484375,-0.187255859375,-0.222900390625,1.905517578125,0.6689453125
162,readout,,1,2,"1,0,0,0",,,,,,-3.9990234375,0.103271484375,-0.4130859375,-0.635986328125,1.905517578125,0.6689453125
162,readout,,1,3,"1,0,0,0",,,,,,-0.7734375,0.0478515625,-0.037109375,-0.673095703125,1.905517578125,0.6689453125
162,readout,,1,4,"1,0,0,0",,,,,,0.82080078125,-0.000244140625,-0.000244140625,-0.67333984375,1.905517578125,0.6689453125
162,readout,,1,5,"1,0,0,0",,,,,,0.26513671875,0.17724609375,0.046875,-0.62646484375,1.905517578125,0.6689453125
162,readout,,1,6,"1,0,0,0",,,,,,-3.435791015625,-0.113525390625,0.39013671875,-0.236328125,1.905517578125,0.6689453125
162,readout,,1,7,"1,0,0,0",,,,,,-3.048828125,-0.090576171875,0.276123046875,0.039794921875,1.905517578125,0.6689453125
162,readout,,1,8,"1,0,0,0",,,,,,1.087646484375,0.736328125,0.80078125,0.840576171875,1.905517578125,0.6689453125
162,readout,,1,9,"1,0,0,0",,,,,,-0.021728515625,0.166015625,-0.003662109375,0.8369140625,1.905517578125,0.6689453125
162,readout,,1,10,"1,0,0,0",,,,,,1.0,-0.16796875,-0.16796875,0.6689453125,1.905517578125,0.6689453125
163,neuron,0,,,"1,0,0,0",-1.468017578125,-0.21142578125,0.0,-1.679443359375,0,,,,,,
163,neuron,1,,,"1,0,0,0",0.302978515625,0.04296875,0.0,0.345947265625,0,,,,,,
163,neuron,2,,,"1,0,0,0",-3.4990234375,-0.554931640625,-0.0078125,-3.9990234375,0,,,,,,
163,neuron,3,,,"1,0,0,0",-0.6767578125,-0.090576171875,0.0,-0.767333984375,0,,,,,,
163,neuron,4,,,"1,0,0,0",0.71826171875,0.15283203125,0.14111328125,0.01220703125,1,,,,,,
163,neuron,5,,,"1,0,0,0",0.23193359375,0.571533203125,0.0,0.803466796875,0,,,,,,
163,neuron,6,,,"1,0,0,0",-3.00634765625,-0.427001953125,0.0,-3.433349609375,0,,,,,,
163,neuron,7,,,"1,0,0,0",-2.667724609375,-0.383056640625,0.0,-3.05078125,0,,,,,,
163,readout,,0,0,"1,0,0,0",,,,,,-1.679443359375,-0.245849609375,0.412841796875,0.412841796875,1.92626953125,0.778564453125
163,readout,,0,1,"1,0,0,0",,,,,,0.345947265625,0.25048828125,0.086669921875,0.49951171875,1.92626953125,0.778564453125
163,readout,,0,2,"1,0,0,0",,,,,,-3.9990234375,-0.015380859375,0.0615234375,0.56103515625,1.92626953125,0.778564453125
163,readout,,0,3,"1,0,0,0",,,,,,-0.767333984375,-0.057373046875,0.0439453125,0.60498046875,1.92626953125,0.778564453125
163,readout,,0,4,"1,0,0,0",,,,,,0.01220703125,0.0048828125,0.0,0.60498046875,1.92626953125,0.778564453125
163,readout,,0,5,"1,0,0,0",,,,,,0.803466796875,0.10595703125,0.085205078125,0.690185546875,1.92626953125,0.778564453125
163,readout,,0,6,"1,0,0,0",,,,,,-3.433349609375,-0.00244140625,0.00830078125,0.698486328125,1.92626953125,0.778564453125
163,readout,,0,7,"1,0,0,0",,,,,,-3.05078125,0.31591796875,-0.9638671875,-0.265380859375,1.92626953125,0.778564453125
163,readout,,0,8,"1,0,0,0",,,,,,1.09912109375,1.9990234375,2.197265625,1.931884765625,1.92626953125,0.778564453125
163,readout,,0,9,"1,0,0,0",,,,,,0.005615234375,-1.9990234375,-0.01123046875,1.920654296875,1.92626953125,0.778564453125
163,readout,,0,10,"1,0,0,0",,,,,,1.0,0.005615234375,0.005615234375,1.92626953125,1.92626953125,0.778564453125
163,readout,,1,0,"1,0,0,0",,,,,,-1.679443359375,0.021240234375,-0.03564453125,-0.03564453125,1.92626953125,0.778564453125
163,readout,,1,1,"1,0,0,0",,,,,,0.345947265625,-0.540771484375,-0.18701171875,-0.22265625,1.92626953125,0.778564453125
163,readout,,1,2,"1,0,0,0",,,,,,-3.9990234375,0.103271484375,-0.4130859375,-0.6357421875,1.92626953125,0.778564453125
163,readout,,1,3,"1,0,0,0",,,,,,-0.767333984375,0.0478515625,-0.03662109375,-0.67236328125,1.92626953125,0.778564453125
163,readout,,1,4,"1,0,0,0",,,,,,0.01220703125,-0.000244140625,0.0,-0.67236328125,1.92626953125,0.778564453125
163,readout,,1,5,"1,0,0,0",,,,,,0.803466796875,0.17724609375,0.142333984375,-0.530029296875,1.92626953125,0.778564453125
163,readout,,1,6,"1,0,0,0",,,,,,-3.433349609375,-0.113525390625,0.389892578125,-0.14013671875,1.92626953125,0.778564453125
163,readout,,1,7,"1,0,0,0",,,,,,-3.05078125,-0.090576171875,0.2763671875,0.13623046875,1.92626953125,0.778564453125
163,readout,,1,8,"1,0,0,0",,,,,,1.09912109375,0.736328125,0.809326171875,0.945556640625,1.92626953125,0.778564453125
163,readout,,1,9,"1,0,0,0",,,,,,0.005615234375,0.166015625,0.0009765625,0.946533203125,1.92626953125,0.778564453125
163,readout,,1,10,"1,0,0,0",,,,,,1.0,-0.16796875,-0.16796875,0.778564453125,1.92626953125,0.778564453125
164,neuron,0,,,"1,0,0,0",-1.469482421875,-0.21142578125,0.0,-1.680908203125,0,,,,,,
164,neuron,1,,,"1,0,0,0",0.302734375,0.04296875,0.052001953125,0.397705078125,0,,,,,,
164,neuron,2,,,"1,0,0,0",-3.4990234375,-0.554931640625,0.0,-3.9990234375,0,,,,,,
164,neuron,3,,,"1,0,0,0",-0.67138671875,-0.090576171875,0.0,-0.761962890625,0,,,,,,
164,neuron,4,,,"1,0,0,0",0.0107421875,0.15283203125,0.0,0.16357421875,0,,,,,,
164,neuron,5,,,"1,0,0,0",0.703125,0.571533203125,-0.02685546875,0.247802734375,1,,,,,,
164,neuron,6,,,"1,0,0,0",-3.004150390625,-0.427001953125,0.0,-3.43115234375,0,,,,,,
164,neuron,7,,,"1,0,0,0",-2.66943359375,-0.383056640625,0.0,-3.052490234375,0,,,,,,
164,readout,,0,0,"1,0,0,0",,,,,,-1.680908203125,-0.245849609375,0.413330078125,0.413330078125,1.8916015625,0.650390625
164,readout,,0,1,"1,0,0,0",,,,,,0.397705078125,0.25048828125,0.099609375,0.512939453125,1.8916015625,0.650390625
164,readout,,0,2,"1,0,0,0",,,,,,-3.9990234375,-0.015380859375,0.0615234375,0.574462890625,1.8916015625,0.650390625
164,readout,,0,3,"1,0,0,0",,,,,,-0.761962890625,-0.057373046875,0.043701171875,0.6181640625,1.8916015625,0.650390625
164,readout,,0,4,"1,0,0,0",,,,,,0.16357421875,0.0048828125,0.000732421875,0.618896484375,1.8916015625,0.650390625
164,readout,,0,5,"1,0,0,0",,,,,,0.247802734375,0.10595703125,0.0263671875,0.645263671875,1.8916015625,0.650390625
164,readout,,0,6,"1,0,0,0",,,,,,-3.43115234375,-0.00244140625,0.00830078125,0.653564453125,1.8916015625,0.650390625
164,readout,,0,7,"1,0,0,0",,,,,,-3.052490234375,0.31591796875,-0.96435546875,-0.310791015625,1.8916015625,0.650390625
164,readout,,0,8,"1,0,0,0",,,,,,1.0986328125,1.9990234375,2.1962890625,1.885498046875,1.8916015625,0.650390625
164,readout,,0,9,"1,0,0,0",,,,,,-0.000244140625,-1.9990234375,0.00048828125,1.885986328125,1.8916015625,0.650390625
164,readout,,0,10,"1,0,0,0",,,,,,1.0,0.005615234375,0.005615234375,1.8916015625,1.8916015625,0.650390625
164,readout,,1,0,"1,0,0,0",,,,,,-1.680908203125,0.021240234375,-0.03564453125,-0.03564453125,1.8916015625,0.650390625
164,readout,,1,1,"1,0,0,0",,,,,,0.397705078125,-0.540771484375,-0.215087890625,-0.250732421875,1.8916015625,0.650390625
164,readout,,1,2,"1,0,0,0",,,,,,-3.9990234375,0.103271484375,-0.4130859375,-0.663818359375,1.8916015625,0.650390625
164,readout,,1,3,"1,0,0,0",,,,,,-0.761962890625,0.0478515625,-0.036376953125,-0.7001953125,1.8916015625,0.650390625
164,readout,,1,4,"1,0,0,0",,,,,,0.16357421875,-0.000244140625,0.0,-0.7001953125,1.8916015625,0.650390625
164,readout,,1,5,"1,0,0,0",,,,,,0.247802734375,0.17724609375,0.0439453125,-0.65625,1.8916015625,0.650390625
164,readout,,1,6,"1,0,0,0",,,,,,-3.43115234375,-0.113525390625,0.389404296875,-0.266845703125,1.8916015625,0.650390625
164,readout,,1,7,"1,0,0,0",,,,,,-3.052490234375,-0.090576171875,0.2763671875,0.009521484375,1.8916015625,0.650390625
164,readout,,1,8,"1,0,0,0",,,,,,1.0986328125,0.736328125,0.808837890625,0.818359375,1.8916015625,0.650390625
164,readout,,1,9,"1,0,0,0",,,,,,-0.000244140625,0.166015625,0.0,0.818359375,1.8916015625,0.650390625
164,readout,,1,10,"1,0,0,0",,,,,,1.0,-0.16796875,-0.16796875,0.650390625,1.8916015625,0.650390625
165,neuron,0,,,"1,0,0,0",-1.470703125,-0.21142578125,0.0,-1.68212890625,0,,,,,,
165,neuron,1,,,"1,0,0,0",0.347900390625,0.04296875,0.0,0.390869140625,0,,,,,,
165,neuron,2,,,"1,0,0,0",-3.4990234375,-0.554931640625,-0.0078125,-3.9990234375,0,,,,,,
165,neuron,3,,,"1,0,0,0",-0.666748046875,-0.090576171875,0.0,-0.75732421875,0,,,,,,
165,neuron,4,,,"1,0,0,0",0.14306640625,0.15283203125,0.14111328125,0.43701171875,0,,,,,,
165,neuron,5,,,"1,0,0,0",0.216796875,0.571533203125,0.0,0.788330078125,0,,,,,,
165,neuron,6,,,"1,0,0,0",-3.002197265625,-0.427001953125,0.0,-3.42919921875,0,,,,,,
165,neuron,7,,,"1,0,0,0",-2.6708984375,-0.383056640625,0.0,-3.053955078125,0,,,,,,
165,readout,,0,0,"1,0,0,0",,,,,,-1.68212890625,-0.245849609375,0.41357421875,0.41357421875,1.98046875,0.777587890625
165,readout,,0,1,"1,0,0,0",,,,,,0.390869140625,0.25048828125,0.097900390625,0.511474609375,1.98046875,0.777587890625
165,readout,,0,2,"1,0,0,0",,,,,,-3.9990234375,-0.015380859375,0.0615234375,0.572998046875,1.98046875,0.777587890625
165,readout,,0,3,"1,0,0,0",,,,,,-0.75732421875,-0.057373046875,0.04345703125,0.616455078125,1.98046875,0.777587890625
165,readout,,0,4,"1,0,0,0",,,,,,0.43701171875,0.0048828125,0.002197265625,0.61865234375,1.98046875,0.777587890625
165,readout,,0,5,"1,0,0,0",,,,,,0.788330078125,0.10595703125,0.08349609375,0.7021484375,1.98046875,0.777587890625
165,readout,,0,6,"1,0,0,0",,,,,,-3.42919921875,-0.00244140625,0.00830078125,0.71044921875,1.98046875,0.777587890625
165,readout,,0,7,"1,0,0,0",,,,,,-3.053955078125,0.31591796875,-0.96484375,-0.25439453125,1.98046875,0.777587890625
165,readout,,0,8,"1,0,0,0",,,,,,1.1318359375,1.9990234375,2.262451171875,2.008056640625,1.98046875,0.777587890625
165,readout,,0,9,"1,0,0,0",,,,,,0.0166015625,-1.9990234375,-0.033203125,1.974853515625,1.98046875,0.777587890625
165,readout,,0,10,"1,0,0,0",,,,,,1.0,0.005615234375,0.005615234375,1.98046875,1.98046875,0.777587890625
165,readout,,1,0,"1,0,0,0",,,,,,-1.68212890625,0.021240234375,-0.03564453125,-0.03564453125,1.98046875,0.777587890625
165,readout,,1,1,"1,0,0,0",,,,,,0.390869140625,-0.540771484375,-0.21142578125,-0.2470703125,1.98046875,0.777587890625
165,readout,,1,2,"1,0,0,0",,,,,,-3.9990234375,0.103271484375,-0.4130859375,-0.66015625,1.98046875,0.777587890625
165,readout,,1,3,"1,0,0,0",,,,,,-0.75732421875,0.0478515625,-0.0361328125,-0.6962890625,1.98046875,0.777587890625
165,readout,,1,4,"1,0,0,0",,,,,,0.43701171875,-0.000244140625,0.0,-0.6962890625,1.98046875,0.777587890625
165,readout,,1,5,"1,0,0,0",,,,,,0.788330078125,0.17724609375,0.1396484375,-0.556640625,1.98046875,0.777587890625
165,readout,,1,6,"1,0,0,0",,,,,,-3.42919921875,-0.113525390625,0.389404296875,-0.167236328125,1.98046875,0.777587890625
165,readout,,1,7,"1,0,0,0",,,,,,-3.053955078125,-0.090576171875,0.276611328125,0.109375,1.98046875,0.777587890625
165,readout,,1,8,"1,0,0,0",,,,,,1.1318359375,0.736328125,0.83349609375,0.94287109375,1.98046875,0.777587890625
165,readout,,1,9,"1,0,0,0",,,,,,0.0166015625,0.166015625,0.002685546875,0.945556640625,1.98046875,0.777587890625
165,readout,,1,10,"1,0,0,0",,,,,,1.0,-0.16796875,-0.16796875,0.777587890625,1.98046875,0.777587890625
166,neuron,0,,,"1,0,0,0",-1.471923828125,-0.21142578125,0.0,-1.683349609375,0,,,,,,
166,neuron,1,,,"1,0,0,0",0.342041015625,0.04296875,0.0,0.385009765625,0,,,,,,
166,neuron,2,,,"1,0,0,0",-3.4990234375,-0.554931640625,0.0,-3.9990234375,0,,,,,,
166,neuron,3,,,"1,0,0,0",-0.66259765625,-0.090576171875,0.0,-0.753173828125,0,,,,,,
166,neuron,4,,,"1,0,0,0",0.38232421875,0.15283203125,0.0,0.53515625,0,,,,,,
166,neuron,5,,,"1,0,0,0",0.689697265625,0.571533203125,0.0,0.26123046875,1,,,,,,
166,neuron,6,,,"1,0,0,0",-3.00048828125,-0.427001953125,0.0,-3.427490234375,0,,,,,,
166,neuron,7,,,"1,0,0,0",-2.672119140625,-0.383056640625,0.0,-3.05517578125,0,,,,,,
166,readout,,0,0,"1,0,0,0",,,,,,-1.683349609375,-0.245849609375,0.413818359375,0.413818359375,1.879150390625,0.62060546875
166,readout,,0,1,"1,0,0,0",,,,,,0.385009765625,0.25048828125,0.096435546875,0.51025390625,1.879150390625,0.62060546875
166,readout,,0,2,"1,0,0,0",,,,,,-3.9990234375,-0.015380859375,0.0615234375,0.57177734375,1.879150390625,0.62060546875
166,readout,,0,3,"1,0,0,0",,,,,,-0.753173828125,-0.057373046875,0.043212890625,0.614990234375,1.879150390625,0.62060546875
166,readout,,0,4,"1,0,0,0",,,,,,0.53515625,0.0048828125,0.002685546875,0.61767578125,1.879150390625,0.62060546875
166,readout,,0,5,"1,0,0,0",,,,,,0.26123046875,0.10595703125,0.027587890625,0.645263671875,1.879150390625,0.62060546875
166,readout,,0,6,"1,0,0,0",,,,,,-3.427490234375,-0.00244140625,0.00830078125,0.653564453125,1.879150390625,0.62060546875
166,readout,,0,7,"1,0,0,0",,,,,,-3.05517578125,0.31591796875,-0.965087890625,-0.3115234375,1.879150390625,0.62060546875
166,readout,,0,8,"1,0,0,0",,,,,,1.05419921875,1.9990234375,2.107421875,1.7958984375,1.879150390625,0.62060546875
166,readout,,0,9,"1,0,0,0",,,,,,-0.038818359375,-1.9990234375,0.07763671875,1.87353515625,1.879150390625,0.62060546875
166,readout,,0,10,"1,0,0,0",,,,,,1.0,0.005615234375,0.005615234375,1.879150390625,1.879150390625,0.62060546875
166,readout,,1,0,"1,0,0,0",,,,,,-1.683349609375,0.021240234375,-0.03564453125,-0.03564453125,1.879150390625,0.62060546875
166,readout,,1,1,"1,0,0,0",,,,,,0.385009765625,-0.540771484375,-0.208251953125,-0.243896484375,1.879150390625,0.62060546875
166,readout,,1,2,"1,0,0,0",,,,,,-3.9990234375,0.103271484375,-0.4130859375,-0.656982421875,1.879150390625,0.62060546875
166,readout,,1,3,"1,0,0,0",,,,,,-0.753173828125,0.0478515625,-0.0361328125,-0.693115234375,1.879150390625,0.62060546875
166,readout,,1,4,"1,0,0,0",,,,,,0.53515625,-0.000244140625,-0.000244140625,-0.693359375,1.879150390625,0.62060546875
166,readout,,1,5,"1,0,0,0",,,,,,0.26123046875,0.17724609375,0.04638671875,-0.64697265625,1.879150390625,0.62060546875
166,readout,,1,6,"1,0,0,0",,,,,,-3.427490234375,-0.113525390625,0.38916015625,-0.2578125,1.879150390625,0.62060546875
166,readout,,1,7,"1,0,0,0",,,,,,-3.05517578125,-0.090576171875,0.276611328125,0.018798828125,1.879150390625,0.62060546875
166,readout,,1,8,"1,0,0,0",,,,,,1.05419921875,0.736328125,0.776123046875,0.794921875,1.879150390625,0.62060546875
166,readout,,1,9,"1,0,0,0",,,,,,-0.038818359375,0.166015625,-0.00634765625,0.78857421875,1.879150390625,0.62060546875
166,readout,,1,10,"1,0,0,0",,,,,,1.0,-0.16796875,-0.16796875,0.62060546875,1.879150390625,0.62060546875
167,neuron,0,,,"1,0,0,0",-1.472900390625,-0.21142578125,0.0,-1.684326171875,0,,,,,,
167,neuron,1,,,"1,0,0,0",0.3369140625,0.04296875,0.0,0.3798828125,0,,,,,,
167,neuron,2,,,"1,0,0,0",-3.4990234375,-0.554931640625,-0.0078125,-3.9990234375,0,,,,,,
167,neuron,3,,,"1,0,0,0",-0.658935546875,-0.090576171875,0.0,-0.74951171875,0,,,,,,
167,neuron,4,,,"1,0,0,0",0.46826171875,0.15283203125,0.14111328125,0.76220703125,0,,,,,,
167,neuron,5,,,"1,0,0,0",0.228515625,0.571533203125,0.0,0.800048828125,0,,,,,,
167,neuron,6,,,"1,0,0,0",-2.9990234375,-0.427001953125,0.0,-3.426025390625,0,,,,,,
167,neuron,7,,,"1,0,0,0",-2.67333984375,-0.383056640625,0.0,-3.056396484375,0,,,,,,
167,readout,,0,0,"1,0,0,0",,,,,,-1.684326171875,-0.245849609375,0.4140625,0.4140625,1.88671875,0.7490234375
167,readout,,0,1,"1,0,0,0",,,,,,0.3798828125,0.25048828125,0.09521484375,0.50927734375,1.88671875,0.7490234375
167,readout,,0,2,"1,0,0,0",,,,,,-3.9990234375,-0.015380859375,0.0615234375,0.57080078125,1.88671875,0.7490234375
167,readout,,0,3,"1,0,0,0",,,,,,-0.74951171875,-0.057373046875,0.04296875,0.61376953125,1.88671875,0.7490234375
167,readout,,0,4,"1,0,0,0",,,,,,0.76220703125,0.0048828125,0.003662109375,0.617431640625,1.88671875,0.7490234375
167,readout,,0,5,"1,0,0,0",,,,,,0.800048828125,0.10595703125,0.084716796875,0.7021484375,1.88671875,0.7490234375
167,readout,,0,6,"1,0,0,0",,,,,,-3.426025390625,-0.00244140625,0.00830078125,0.71044921875,1.88671875,0.7490234375
167,readout,,0,7,"1,0,0,0",,,,,,-3.056396484375,0.31591796875,-0.965576171875,-0.255126953125,1.88671875,0.7490234375
167,readout,,0,8,"1,0,0,0",,,,,,1.082763671875,1.9990234375,2.16455078125,1.909423828125,1.88671875,0.7490234375
167,readout,,0,9,"1,0,0,0",,,,,,0.01416015625,-1.9990234375,-0.0283203125,1.881103515625,1.88671875,0.7490234375
167,readout,,0,10,"1,0,0,0",,,,,,1.0,0.005615234375,0.005615234375,1.88671875,1.88671875,0.7490234375
167,readout,,1,0,"1,0,0,0",,,,,,-1.684326171875,0.021240234375,-0.035888671875,-0.035888671875,1.88671875,0.7490234375
167,readout,,1,1,"1,0,0,0",,,,,,0.3798828125,-0.540771484375,-0.205322265625,-0.2412109375,1.88671875,0.7490234375
167,readout,,1,2,"1,0,0,0",,,,,,-3.9990234375,0.103271484375,-0.4130859375,-0.654296875,1.88671875,0.7490234375
167,readout,,1,3,"1,0,0,0",,,,,,-0.74951171875,0.0478515625,-0.035888671875,-0.690185546875,1.88671875,0.7490234375
167,readout,,1,4,"1,0,0,0",,,,,,0.76220703125,-0.000244140625,-0.000244140625,-0.6904296875,1.88671875,0.7490234375
167,readout,,1,5,"1,0,0,0",,,,,,0.800048828125,0.17724609375,0.141845703125,-0.548583984375,1.88671875,0.7490234375
167,readout,,1,6,"1,0,0,0",,,,,,-3.426025390625,-0.113525390625,0.388916015625,-0.15966796875,1.88671875,0.7490234375
167,readout,,1,7,"1,0,0,0",,,,,,-3.056396484375,-0.090576171875,0.27685546875,0.1171875,1.88671875,0.7490234375
167,readout,,1,8,"1,0,0,0",,,,,,1.082763671875,0.736328125,0.79736328125,0.91455078125,1.88671875,0.7490234375
167,readout,,1,9,"1,0,0,0",,,,,,0.01416015625,0.166015625,0.00244140625,0.9169921875,1.88671875,0.7490234375
167,readout,,1,10,"1,0,0,0",,,,,,1.0,-0.16796875,-0.16796875,0.7490234375,1.88671875,0.7490234375
168,neuron,0,,,"1,0,0,0",-1.473876953125,-0.21142578125,0.0,-1.685302734375,0,,,,,,
168,neuron,1,,,"1,0,0,0",0.33251953125,0.04296875,0.0,0.37548828125,0,,,,,,
168,neuron,2,,,"1,0,0,0",-3.4990234375,-0.554931640625,0.0,-3.9990234375,0,,,,,,
168,neuron,3,,,"1,0,0,0",-0.65576171875,-0.090576171875,0.0,-0.746337890625,0,,,,,,
168,neuron,4,,,"1,0,0,0",0.6669921875,0.15283203125,0.0,0.81982421875,0,,,,,,
168,neuron,5,,,"1,0,0,0",0.699951171875,0.571533203125,0.0,0.271484375,1,,,,,,
168,neuron,6,,,"1,0,0,0",-2.997802734375,-0.427001953125,0.0,-3.4248046875,0,,,,,,
168,neuron,7,,,"1,0,0,0",-2.67431640625,-0.383056640625,0.0,-3.057373046875,0,,,,,,
168,readout,,0,0,"1,0,0,0",,,,,,-1.685302734375,-0.245849609375,0.414306640625,0.414306640625,1.86572265625,0.661865234375
168,readout,,0,1,"1,0,0,0",,,,,,0.37548828125,0.25048828125,0.093994140625,0.50830078125,1.86572265625,0.661865234375
168,readout,,0,2,"1,0,0,0",,,,,,-3.9990234375,-0.015380859375,0.0615234375,0.56982421875,1.86572265625,0.661865234375
168,readout,,0,3,"1,0,0,0",,,,,,-0.746337890625,-0.057373046875,0.042724609375,0.612548828125,1.86572265625,0.661865234375
168,readout,,0,4,"1,0,0,0",,,,,,0.81982421875,0.0048828125,0.00390625,0.616455078125,1.86572265625,0.661865234375
168,readout,,0,5,"1,0,0,0",,,,,,0.271484375,0.10595703125,0.02880859375,0.645263671875,1.86572265625,0.661865234375
168,readout,,0,6,"1,0,0,0",,,,,,-3.4248046875,-0.00244140625,0.00830078125,0.653564453125,1.86572265625,0.661865234375
168,readout,,0,7,"1,0,0,0",,,,,,-3.057373046875,0.31591796875,-0.9658203125,-0.312255859375,1.86572265625,0.661865234375
168,readout,,0,8,"1,0,0,0",,,,,,1.0908203125,1.9990234375,2.1806640625,1.868408203125,1.86572265625,0.661865234375
168,readout,,0,9,"1,0,0,0",,,,,,0.004150390625,-1.9990234375,-0.00830078125,1.860107421875,1.86572265625,0.661865234375
168,readout,,0,10,"1,0,0,0",,,,,,1.0,0.005615234375,0.005615234375,1.86572265625,1.86572265625,0.661865234375
168,readout,,1,0,"1,0,0,0",,,,,,-1.685302734375,0.021240234375,-0.035888671875,-0.035888671875,1.86572265625,0.661865234375
168,readout,,1,1,"1,0,0,0",,,,,,0.37548828125,-0.540771484375,-0.203125,-0.239013671875,1.86572265625,0.661865234375
168,readout,,1,2,"1,0,0,0",,,,,,-3.9990234375,0.103271484375,-0.4130859375,-0.652099609375,1.86572265625,0.661865234375
168,readout,,1,3,"1,0,0,0",,,,,,-0.746337890625,0.0478515625,-0.03564453125,-0.687744140625,1.86572265625,0.661865234375
168,readout,,1,4,"1,0,0,0",,,,,,0.81982421875,-0.000244140625,-0.000244140625,-0.68798828125,1.86572265625,0.661865234375
168,readout,,1,5,"1,0,0,0",,,,,,0.271484375,0.17724609375,0.048095703125,-0.639892578125,1.86572265625,0.661865234375
168,readout,,1,6,"1,0,0,0",,,,,,-3.4248046875,-0.113525390625,0.388916015625,-0.2509765625,1.86572265625,0.661865234375
168,readout,,1,7,"1,0,0,0",,,,,,-3.057373046875,-0.090576171875,0.27685546875,0.02587890625,1.86572265625,0.661865234375
168,readout,,1,8,"1,0,0,0",,,,,,1.0908203125,0.736328125,0.80322265625,0.8291015625,1.86572265625,0.661865234375
168,readout,,1,9,"1,0,0,0",,,,,,0.004150390625,0.166015625,0.000732421875,0.829833984375,1.86572265625,0.661865234375
168,readout,,1,10,"1,0,0,0",,,,,,1.0,-0.16796875,-0.16796875,0.661865234375,1.86572265625,0.661865234375
169,neuron,0,,,"1,0,0,0",-1.474609375,-0.21142578125,0.0,-1.68603515625,0,,,,,,
169,neuron,1,,,"1,0,0,0",0.32861328125,0.04296875,0.0,0.37158203125,0,,,,,,
169,neuron,2,,,"1,0,0,0",-3.4990234375,-0.554931640625,-0.0078125,-3.9990234375,0,,,,,,
169,neuron,3,,,"1,0,0,0",-0.653076171875,-0.090576171875,0.0,-0.74365234375,0,,,,,,
169,neuron,4,,,"1,0,0,0",0.71728515625,0.15283203125,0.14111328125,0.01123046875,1,,,,,,
169,neuron,5,,,"1,0,0,0",0.237548828125,0.571533203125,0.0,0.80908203125,0,,,,,,
169,neuron,6,,,"1,0,0,0",-2.99658203125,-0.427001953125,0.0,-3.423583984375,0,,,,,,
169,neuron,7,,,"1,0,0,0",-2.67529296875,-0.383056640625,0.0,-3.058349609375,0,,,,,,
169,readout,,0,0,"1,0,0,0",,,,,,-1.68603515625,-0.245849609375,0.41455078125,0.41455078125,1.978271484375,0.80224609375
169,readout,,0,1,"1,0,0,0",,,,,,0.37158203125,0.25048828125,0.093017578125,0.507568359375,1.978271484375,0.80224609375
169,readout,,0,2,"1,0,0,0",,,,,,-3.9990234375,-0.015380859375,0.0615234375,0.569091796875,1.978271484375,0.80224609375
169,readout,,0,3,"1,0,0,0",,,,,,-0.74365234375,-0.057373046875,0.042724609375,0.61181640625,1.978271484375,0.80224609375
169,readout,,0,4,"1,0,0,0",,,,,,0.01123046875,0.0048828125,0.0,0.61181640625,1.978271484375,0.80224609375
169,readout,,0,5,"1,0,0,0",,,,,,0.80908203125,0.10595703125,0.085693359375,0.697509765625,1.978271484375,0.80224609375
169,readout,,0,6,"1,0,0,0",,,,,,-3.423583984375,-0.00244140625,0.00830078125,0.705810546875,1.978271484375,0.80224609375
169,readout,,0,7,"1,0,0,0",,,,,,-3.058349609375,0.31591796875,-0.96630859375,-0.260498046875,1.978271484375,0.80224609375
169,readout,,0,8,"1,0,0,0",,,,,,1.143798828125,1.9990234375,2.286376953125,2.02587890625,1.978271484375,0.80224609375
169,readout,,0,9,"1,0,0,0",,,,,,0.026611328125,-1.9990234375,-0.05322265625,1.97265625,1.978271484375,0.80224609375
169,readout,,0,10,"1,0,0,0",,,,,,1.0,0.005615234375,0.005615234375,1.978271484375,1.978271484375,0.80224609375
169,readout,,1,0,"1,0,0,0",,,,,,-1.68603515625,0.021240234375,-0.035888671875,-0.035888671875,1.978271484375,0.80224609375
169,readout,,1,1,"1,0,0,0",,,,,,0.37158203125,-0.540771484375,-0.200927734375,-0.23681640625,1.978271484375,0.80224609375
169,readout,,1,2,"1,0,0,0",,,,,,-3.9990234375,0.103271484375,-0.4130859375,-0.64990234375,1.978271484375,0.80224609375
169,readout,,1,3,"1,0,0,0",,,,,,-0.74365234375,0.0478515625,-0.03564453125,-0.685546875,1.978271484375,0.80224609375
169,readout,,1,4,"1,0,0,0",,,,,,0.01123046875,-0.000244140625,0.0,-0.685546875,1.978271484375,0.80224609375
169,readout,,1,5,"1,0,0,0",,,,,,0.80908203125,0.17724609375,0.143310546875,-0.542236328125,1.978271484375,0.80224609375
169,readout,,1,6,"1,0,0,0",,,,,,-3.423583984375,-0.113525390625,0.388671875,-0.153564453125,1.978271484375,0.80224609375
169,readout,,1,7,"1,0,0,0",,,,,,-3.058349609375,-0.090576171875,0.277099609375,0.12353515625,1.978271484375,0.80224609375
169,readout,,1,8,"1,0,0,0",,,,,,1.143798828125,0.736328125,0.84228515625,0.9658203125,1.978271484375,0.80224609375
169,readout,,1,9,"1,0,0,0",,,,,,0.026611328125,0.166015625,0.00439453125,0.97021484375,1.978271484375,0.80224609375
169,readout,,1,10,"1,0,0,0",,,,,,1.0,-0.16796875,-0.16796875,0.80224609375,1.978271484375,0.80224609375
170,neuron,0,,,"1,0,0,0",-1.475341796875,-0.21142578125,0.0,-1.686767578125,0,,,,,,
170,neuron,1,,,"1,0,0,0",0.3251953125,0.04296875,0.052001953125,0.420166015625,0,,,,,,
170,neuron,2,,,"1,0,0,0",-3.4990234375,-0.554931640625,0.0,-3.9990234375,0,,,,,,
170,neuron,3,,,"1,0,0,0",-0.650634765625,-0.090576171875,0.0,-0.7412109375,0,,,,,,
170,neuron,4,,,"1,0,0,0",0.009765625,0.15283203125,0.0,0.16259765625,0,,,,,,
170,neuron,5,,,"1,0,0,0",0.7080078125,0.571533203125,-0.02685546875,0.252685546875,1,,,,,,
170,neuron,6,,,"1,0,0,0",-2.99560546875,-0.427001953125,0.0,-3.422607421875,0,,,,,,
170,neuron,7,,,"1,0,0,0",-2.676025390625,-0.383056640625,0.0,-3.05908203125,0,,,,,,
170,readout,,0,0,"1,0,0,0",,,,,,-1.686767578125,-0.245849609375,0.414794921875,0.414794921875,1.93359375,0.6298828125
170,readout,,0,1,"1,0,0,0",,,,,,0.420166015625,0.25048828125,0.105224609375,0.52001953125,1.93359375,0.6298828125
170,readout,,0,2,"1,0,0,0",,,,,,-3.9990234375,-0.015380859375,0.0615234375,0.58154296875,1.93359375,0.6298828125
170,readout,,0,3,"1,0,0,0",,,,,,-0.7412109375,-0.057373046875,0.04248046875,0.6240234375,1.93359375,0.6298828125
170,readout,,0,4,"1,0,0,0",,,,,,0.16259765625,0.0048828125,0.000732421875,0.624755859375,1.93359375,0.6298828125
170,readout,,0,5,"1,0,0,0",,,,,,0.252685546875,0.10595703125,0.02685546875,0.651611328125,1.93359375,0.6298828125
170,readout,,0,6,"1,0,0,0",,,,,,-3.422607421875,-0.00244140625,0.00830078125,0.659912109375,1.93359375,0.6298828125
170,readout,,0,7,"1,0,0,0",,,,,,-3.05908203125,0.31591796875,-0.96630859375,-0.306396484375,1.93359375,0.6298828125
170,readout,,0,8,"1,0,0,0",,,,,,1.09130859375,1.9990234375,2.181640625,1.875244140625,1.93359375,0.6298828125
170,readout,,0,9,"1,0,0,0",,,,,,-0.0263671875,-1.9990234375,0.052734375,1.927978515625,1.93359375,0.6298828125
170,readout,,0,10,"1,0,0,0",,,,,,1.0,0.005615234375,0.005615234375,1.93359375,1.93359375,0.6298828125
170,readout,,1,0,"1,0,0,0",,,,,,-1.686767578125,0.021240234375,-0.035888671875,-0.035888671875,1.93359375,0.6298828125
170,readout,,1,1,"1,0,0,0",,,,,,0.420166015625,-0.540771484375,-0.227294921875,-0.26318359375,1.93359375,0.6298828125
170,readout,,1,2,"1,0,0,0",,,,,,-3.9990234375,0.103271484375,-0.4130859375,-0.67626953125,1.93359375,0.6298828125
170,readout,,1,3,"1,0,0,0",,,,,,-0.7412109375,0.0478515625,-0.035400390625,-0.711669921875,1.93359375,0.6298828125
170,readout,,1,4,"1,0,0,0",,,,,,0.16259765625,-0.000244140625,0.0,-0.711669921875,1.93359375,0.6298828125
170,readout,,1,5,"1,0,0,0",,,,,,0.252685546875,0.17724609375,0.044677734375,-0.6669921875,1.93359375,0.6298828125
170,readout,,1,6,"1,0,0,0",,,,,,-3.422607421875,-0.113525390625,0.388671875,-0.2783203125,1.93359375,0.6298828125
170,readout,,1,7,"1,0,0,0",,,,,,-3.05908203125,-0.090576171875,0.277099609375,-0.001220703125,1.93359375,0.6298828125
170,readout,,1,8,"1,0,0,0",,,,,,1.09130859375,0.736328125,0.803466796875,0.80224609375,1.93359375,0.6298828125
170,readout,,1,9,"1,0,0,0",,,,,,-0.0263671875,0.166015625,-0.00439453125,0.7978515625,1.93359375,0.6298828125
170,readout,,1,10,"1,0,0,0",,,,,,1.0,-0.16796875,-0.16796875,0.6298828125,1.93359375,0.6298828125
171,neuron,0,,,"1,0,0,0",-1.475830078125,-0.21142578125,0.0,-1.687255859375,0,,,,,,
171,neuron,1,,,"1,0,0,0",0.36767578125,0.04296875,0.0,0.41064453125,0,,,,,,
171,neuron,2,,,"1,0,0,0",-3.4990234375,-0.554931640625,-0.0078125,-3.9990234375,0,,,,,,
171,neuron,3,,,"1,0,0,0",-0.6484375,-0.090576171875,0.0,-0.739013671875,0,,,,,,
171,neuron,4,,,"1,0,0,0",0.142333984375,0.15283203125,0.14111328125,0.436279296875,0,,,,,,
171,neuron,5,,,"1,0,0,0",0.22119140625,0.571533203125,0.0,0.792724609375,0,,,,,,
171,neuron,6,,,"1,0,0,0",-2.994873046875,-0.427001953125,0.0,-3.421875,0,,,,,,
171,neuron,7,,,"1,0,0,0",-2.6767578125,-0.383056640625,0.0,-3.059814453125,0,,,,,,
171,readout,,0,0,"1,0,0,0",,,,,,-1.687255859375,-0.245849609375,0.414794921875,0.414794921875,2.00146484375,0.78857421875
171,readout,,0,1,"1,0,0,0",,,,,,0.41064453125,0.25048828125,0.102783203125,0.517578125,2.00146484375,0.78857421875
171,readout,,0,2,"1,0,0,0",,,,,,-3.9990234375,-0.015380859375,0.0615234375,0.5791015625,2.00146484375,0.78857421875
171,readout,,0,3,"1,0,0,0",,,,,,-0.739013671875,-0.057373046875,0.04248046875,0.62158203125,2.00146484375,0.78857421875
171,readout,,0,4,"1,0,0,0",,,,,,0.436279296875,0.0048828125,0.002197265625,0.623779296875,2.00146484375,0.78857421875
171,readout,,0,5,"1,0,0,0",,,,,,0.792724609375,0.10595703125,0.083984375,0.707763671875,2.00146484375,0.78857421875
171,readout,,0,6,"1,0,0,0",,,,,,-3.421875,-0.00244140625,0.00830078125,0.716064453125,2.00146484375,0.78857421875
171,readout,,0,7,"1,0,0,0",,,,,,-3.059814453125,0.31591796875,-0.966552734375,-0.25048828125,2.00146484375,0.78857421875
171,readout,,0,8,"1,0,0,0",,,,,,1.156494140625,1.9990234375,2.311767578125,2.061279296875,2.00146484375,0.78857421875
171,readout,,0,9,"1,0,0,0",,,,,,0.03271484375,-1.9990234375,-0.0654296875,1.995849609375,2.00146484375,0.78857421875
171,readout,,0,10,"1,0,0,0",,,,,,1.0,0.005615234375,0.005615234375,2.00146484375,2.00146484375,0.78857421875
171,readout,,1,0,"1,0,0,0",,,,,,-1.687255859375,0.021240234375,-0.035888671875,-0.035888671875,2.00146484375,0.78857421875
171,readout,,1,1,"1,0,0,0",,,,,,0.41064453125,-0.540771484375,-0.22216796875,-0.258056640625,2.00146484375,0.78857421875
171,readout,,1,2,"1,0,0,0",,,,,,-3.9990234375,0.103271484375,-0.4130859375,-0.671142578125,2.00146484375,0.78857421875
171,readout,,1,3,"1,0,0,0",,,,,,-0.739013671875,0.0478515625,-0.035400390625,-0.70654296875,2.00146484375,0.78857421875
171,readout,,1,4,"1,0,0,0",,,,,,0.436279296875,-0.000244140625,0.0,-0.70654296875,2.00146484375,0.78857421875
171,readout,,1,5,"1,0,0,0",,,,,,0.792724609375,0.17724609375,0.140625,-0.56591796875,2.00146484375,0.78857421875
171,readout,,1,6,"1,0,0,0",,,,,,-3.421875,-0.113525390625,0.388427734375,-0.177490234375,2.00146484375,0.78857421875
171,readout,,1,7,"1,0,0,0",,,,,,-3.059814453125,-0.090576171875,0.277099609375,0.099609375,2.00146484375,0.78857421875
171,readout,,1,8,"1,0,0,0",,,,,,1.156494140625,0.736328125,0.8515625,0.951171875,2.00146484375,0.78857421875
171,readout,,1,9,"1,0,0,0",,,,,,0.03271484375,0.166015625,0.00537109375,0.95654296875,2.00146484375,0.78857421875
171,readout,,1,10,"1,0,0,0",,,,,,1.0,-0.16796875,-0.16796875,0.78857421875,2.00146484375,0.78857421875
172,neuron,0,,,"1,0,0,0",-1.476318359375,-0.21142578125,0.0,-1.687744140625,0,,,,,,
172,neuron,1,,,"1,0,0,0",0.359375,0.04296875,0.0,0.40234375,0,,,,,,
172,neuron,2,,,"1,0,0,0",-3.4990234375,-0.554931640625,0.0,-3.9990234375,0,,,,,,
172,neuron,3,,,"1,0,0,0",-0.646728515625,-0.090576171875,0.0,-0.7373046875,0,,,,,,
172,neuron,4,,,"1,0,0,0",0.3818359375,0.15283203125,0.0,0.53466796875,0,,,,,,
172,neuron,5,,,"1,0,0,0",0.693603515625,0.571533203125,0.0,0.26513671875,1,,,,,,
172,neuron,6,,,"1,0,0,0",-2.994140625,-0.427001953125,0.0,-3.421142578125,0,,,,,,
172,neuron,7,,,"1,0,0,0",-2.67724609375,-0.383056640625,0.0,-3.060302734375,0,,,,,,
172,readout,,0,0,"1,0,0,0",,,,,,-1.687744140625,-0.245849609375,0.4150390625,0.4150390625,2.001953125,0.6875
172,readout,,0,1,"1,0,0,0",,,,,,0.40234375,0.25048828125,0.100830078125,0.515869140625,2.001953125,0.6875
172,readout,,0,2,"1,0,0,0",,,,,,-3.9990234375,-0.015380859375,0.0615234375,0.577392578125,2.001953125,0.6875
172,readout,,0,3,"1,0,0,0",,,,,,-0.7373046875,-0.057373046875,0.042236328125,0.61962890625,2.001953125,0.6875
172,readout,,0,4,"1,0,0,0",,,,,,0.53466796875,0.0048828125,0.002685546875,0.622314453125,2.001953125,0.6875
172,readout,,0,5,"1,0,0,0",,,,,,0.26513671875,0.10595703125,0.028076171875,0.650390625,2.001953125,0.6875
172,readout,,0,6,"1,0,0,0",,,,,,-3.421142578125,-0.00244140625,0.00830078125,0.65869140625,2.001953125,0.6875
172,readout,,0,7,"1,0,0,0",,,,,,-3.060302734375,0.31591796875,-0.966796875,-0.30810546875,2.001953125,0.6875
172,readout,,0,8,"1,0,0,0",,,,,,1.14892578125,1.9990234375,2.296630859375,1.988525390625,2.001953125,0.6875
172,readout,,0,9,"1,0,0,0",,,,,,-0.00390625,-1.9990234375,0.0078125,1.996337890625,2.001953125,0.6875
172,readout,,0,10,"1,0,0,0",,,,,,1.0,0.005615234375,0.005615234375,2.001953125,2.001953125,0.6875
172,readout,,1,0,"1,0,0,0",,,,,,-1.687744140625,0.021240234375,-0.035888671875,-0.035888671875,2.001953125,0.6875
172,readout,,1,1,"1,0,0,0",,,,,,0.40234375,-0.540771484375,-0.217529296875,-0.25341796875,2.001953125,0.6875
172,readout,,1,2,"1,0,0,0",,,,,,-3.9990234375,0.103271484375,-0.4130859375,-0.66650390625,2.001953125,0.6875
172,readout,,1,3,"1,0,0,0",,,,,,-0.7373046875,0.0478515625,-0.035400390625,-0.701904296875,2.001953125,0.6875
172,readout,,1,4,"1,0,0,0",,,,,,0.53466796875,-0.000244140625,-0.000244140625,-0.7021484375,2.001953125,0.6875
172,readout,,1,5,"1,0,0,0",,,,,,0.26513671875,0.17724609375,0.046875,-0.6552734375,2.001953125,0.6875
172,readout,,1,6,"1,0,0,0",,,,,,-3.421142578125,-0.113525390625,0.388427734375,-0.266845703125,2.001953125,0.6875
172,readout,,1,7,"1,0,0,0",,,,,,-3.060302734375,-0.090576171875,0.277099609375,0.01025390625,2.001953125,0.6875
172,readout,,1,8,"1,0,0,0",,,,,,1.14892578125,0.736328125,0.845947265625,0.856201171875,2.001953125,0.6875
172,readout,,1,9,"1,0,0,0",,,,,,-0.00390625,0.166015625,-0.000732421875,0.85546875,2.001953125,0.6875
172,readout,,1,10,"1,0,0,0",,,,,,1.0,-0.16796875,-0.16796875,0.6875,2.001953125,0.6875
173,neuron,0,,,"1,0,0,0",-1.476806640625,-0.21142578125,0.0,-1.688232421875,0,,,,,,
173,neuron,1,,,"1,0,0,0",0.35205078125,0.04296875,0.0,0.39501953125,0,,,,,,
173,neuron,2,,,"1,0,0,0",-3.4990234375,-0.554931640625,-0.0078125,-3.9990234375,0,,,,,,
173,neuron,3,,,"1,0,0,0",-0.64501953125,-0.090576171875,0.0,-0.735595703125,0,,,,,,
173,neuron,4,,,"1,0,0,0",0.4677734375,0.15283203125,0.14111328125,0.76171875,0,,,,,,
173,neuron,5,,,"1,0,0,0",0.23193359375,0.571533203125,0.0,0.803466796875,0,,,,,,
173,neuron,6,,,"1,0,0,0",-2.993408203125,-0.427001953125,0.0,-3.42041015625,0,,,,,,
173,neuron,7,,,"1,0,0,0",-2.677734375,-0.383056640625,0.0,-3.060791015625,0,,,,,,
173,readout,,0,0,"1,0,0,0",,,,,,-1.688232421875,-0.245849609375,0.4150390625,0.4150390625,2.108642578125,0.8359375
173,readout,,0,1,"1,0,0,0",,,,,,0.39501953125,0.25048828125,0.098876953125,0.513916015625,2.108642578125,0.8359375
173,readout,,0,2,"1,0,0,0",,,,,,-3.9990234375,-0.015380859375,0.0615234375,0.575439453125,2.108642578125,0.8359375
173,readout,,0,3,"1,0,0,0",,,,,,-0.735595703125,-0.057373046875,0.042236328125,0.61767578125,2.108642578125,0.8359375
173,readout,,0,4,"1,0,0,0",,,,,,0.76171875,0.0048828125,0.003662109375,0.621337890625,2.108642578125,0.8359375
173,readout,,0,5,"1,0,0,0",,,,,,0.803466796875,0.10595703125,0.085205078125,0.70654296875,2.108642578125,0.8359375
173,readout,,0,6,"1,0,0,0",,,,,,-3.42041015625,-0.00244140625,0.00830078125,0.71484375,2.108642578125,0.8359375
173,readout,,0,7,"1,0,0,0",,,,,,-3.060791015625,0.31591796875,-0.967041015625,-0.252197265625,2.108642578125,0.8359375
173,readout,,0,8,"1,0,0,0",,,,,,1.20751953125,1.9990234375,2.413818359375,2.16162109375,2.108642578125,0.8359375
173,readout,,0,9,"1,0,0,0",,,,,,0.029296875,-1.9990234375,-0.05859375,2.10302734375,2.108642578125,0.8359375
173,readout,,0,10,"1,0,0,0",,,,,,1.0,0.005615234375,0.005615234375,2.108642578125,2.108642578125,0.8359375
173,readout,,1,0,"1,0,0,0",,,,,,-1.688232421875,0.021240234375,-0.035888671875,-0.035888671875,2.108642578125,0.8359375
173,readout,,1,1,"1,0,0,0",,,,,,0.39501953125,-0.540771484375,-0.213623046875,-0.24951171875,2.108642578125,0.8359375
173,readout,,1,2,"1,0,0,0",,,,,,-3.9990234375,0.103271484375,-0.4130859375,-0.66259765625,2.108642578125,0.8359375
173,readout,,1,3,"1,0,0,0",,,,,,-0.735595703125,0.0478515625,-0.03515625,-0.69775390625,2.108642578125,0.8359375
173,readout,,1,4,"1,0,0,0",,,,,,0.76171875,-0.000244140625,-0.000244140625,-0.697998046875,2.108642578125,0.8359375
173,readout,,1,5,"1,0,0,0",,,,,,0.803466796875,0.17724609375,0.142333984375,-0.5556640625,2.108642578125,0.8359375
173,readout,,1,6,"1,0,0,0",,,,,,-3.42041015625,-0.113525390625,0.38818359375,-0.16748046875,2.108642578125,0.8359375
173,readout,,1,7,"1,0,0,0",,,,,,-3.060791015625,-0.090576171875,0.27734375,0.10986328125,2.108642578125,0.8359375
173,readout,,1,8,"1,0,0,0",,,,,,1.20751953125,0.736328125,0.88916015625,0.9990234375,2.108642578125,0.8359375
173,readout,,1,9,"1,0,0,0",,,,,,0.029296875,0.166015625,0.0048828125,1.00390625,2.108642578125,0.8359375
173,readout,,1,10,"1,0,0,0",,,,,,1.0,-0.16796875,-0.16796875,0.8359375,2.108642578125,0.8359375
174,neuron,0,,,"1,0,0,0",-1.477294921875,-0.21142578125,0.0,-1.688720703125,0,,,,,,
174,neuron,1,,,"1,0,0,0",0.345703125,0.04296875,0.0,0.388671875,0,,,,,,
174,neuron,2,,,"1,0,0,0",-3.4990234375,-0.554931640625,0.0,-3.9990234375,0,,,,,,
174,neuron,3,,,"1,0,0,0",-0.6435546875,-0.090576171875,0.0,-0.734130859375,0,,,,,,
174,neuron,4,,,"1,0,0,0",0.66650390625,0.15283203125,0.0,0.8193359375,0,,,,,,
174,neuron,5,,,"1,0,0,0",0.703125,0.571533203125,0.0,0.274658203125,1,,,,,,
174,neuron,6,,,"1,0,0,0",-2.992919921875,-0.427001953125,0.0,-3.419921875,0,,,,,,
174,neuron,7,,,"1,0,0,0",-2.67822265625,-0.383056640625,0.0,-3.061279296875,0,,,,,,
174,readout,,0,0,"1,0,0,0",,,,,,-1.688720703125,-0.245849609375,0.415283203125,0.415283203125,2.031494140625,0.676513671875
174,readout,,0,1,"1,0,0,0",,,,,,0.388671875,0.25048828125,0.097412109375,0.5126953125,2.031494140625,0.676513671875
174,readout,,0,2,"1,0,0,0",,,,,,-3.9990234375,-0.015380859375,0.0615234375,0.57421875,2.031494140625,0.676513671875
174,readout,,0,3,"1,0,0,0",,,,,,-0.734130859375,-0.057373046875,0.042236328125,0.616455078125,2.031494140625,0.676513671875
174,readout,,0,4,"1,0,0,0",,,,,,0.8193359375,0.0048828125,0.00390625,0.620361328125,2.031494140625,0.676513671875
174,readout,,0,5,"1,0,0,0",,,,,,0.274658203125,0.10595703125,0.029052734375,0.6494140625,2.031494140625,0.676513671875
174,readout,,0,6,"1,0,0,0",,,,,,-3.419921875,-0.00244140625,0.00830078125,0.65771484375,2.031494140625,0.676513671875
174,readout,,0,7,"1,0,0,0",,,,,,-3.061279296875,0.31591796875,-0.967041015625,-0.309326171875,2.031494140625,0.676513671875
174,readout,,0,8,"1,0,0,0",,,,,,1.129150390625,1.9990234375,2.257080078125,1.94775390625,2.031494140625,0.676513671875
174,readout,,0,9,"1,0,0,0",,,,,,-0.0390625,-1.9990234375,0.078125,2.02587890625,2.031494140625,0.676513671875
174,readout,,0,10,"1,0,0,0",,,,,,1.0,0.005615234375,0.005615234375,2.031494140625,2.031494140625,0.676513671875
174,readout,,1,0,"1,0,0,0",,,,,,-1.688720703125,0.021240234375,-0.035888671875,-0.035888671875,2.031494140625,0.676513671875
174,readout,,1,1,"1,0,0,0",,,,,,0.388671875,-0.540771484375,-0.210205078125,-0.24609375,2.031494140625,0.676513671875
174,readout,,1,2,"1,0,0,0",,,,,,-3.9990234375,0.103271484375,-0.4130859375,-0.6591796875,2.031494140625,0.676513671875
174,readout,,1,3,"1,0,0,0",,,,,,-0.734130859375,0.0478515625,-0.03515625,-0.6943359375,2.031494140625,0.676513671875
174,readout,,1,4,"1,0,0,0",,,,,,0.8193359375,-0.000244140625,-0.000244140625,-0.694580078125,2.031494140625,0.676513671875
174,readout,,1,5,"1,0,0,0",,,,,,0.274658203125,0.17724609375,0.048583984375,-0.64599609375,2.031494140625,0.676513671875
174,readout,,1,6,"1,0,0,0",,,,,,-3.419921875,-0.113525390625,0.38818359375,-0.2578125,2.031494140625,0.676513671875
174,readout,,1,7,"1,0,0,0",,,,,,-3.061279296875,-0.090576171875,0.27734375,0.01953125,2.031494140625,0.676513671875
174,readout,,1,8,"1,0,0,0",,,,,,1.129150390625,0.736328125,0.83154296875,0.85107421875,2.031494140625,0.676513671875
174,readout,,1,9,"1,0,0,0",,,,,,-0.0390625,0.166015625,-0.006591796875,0.844482421875,2.031494140625,0.676513671875
174,readout,,1,10,"1,0,0,0",,,,,,1.0,-0.16796875,-0.16796875,0.676513671875,2.031494140625,0.676513671875
175,neuron,0,,,"1,0,1,0",-1.4775390625,-0.0302734375,0.0,-1.5078125,0,,,,,,
175,neuron,1,,,"1,0,1,0",0.340087890625,-0.487548828125,0.0,-0.1474609375,0,,,,,,
175,neuron,2,,,"1,0,1,0",-3.4990234375,-1.071044921875,-0.0078125,-3.9990234375,0,,,,,,
175,neuron,3,,,"1,0,1,0",-0.642333984375,-0.5419921875,0.0,-1.184326171875,0,,,,,,
175,neuron,4,,,"1,0,1,0",0.716796875,0.245361328125,0.14111328125,0.103271484375,1,,,,,,
175,neuron,5,,,"1,0,1,0",0.240234375,1.001708984375,0.0,0.241943359375,1,,,,,,
175,neuron,6,,,"1,0,1,0",-2.992431640625,-0.65673828125,0.0,-3.649169921875,0,,,,,,
175,neuron,7,,,"1,0,1,0",-2.6787109375,-0.21630859375,0.0,-2.89501953125,0,,,,,,
175,readout,,0,0,"1,0,1,0",,,,,,-1.5078125,-0.245849609375,0.37060546875,0.37060546875,1.92822265625,1.0283203125
175,readout,,0,1,"1,0,1,0",,,,,,-0.1474609375,0.25048828125,-0.036865234375,0.333740234375,1.92822265625,1.0283203125
175,readout,,0,2,"1,0,1,0",,,,,,-3.9990234375,-0.015380859375,0.0615234375,0.395263671875,1.92822265625,1.0283203125
175,readout,,0,3,"1,0,1,0",,,,,,-1.184326171875,-0.057373046875,0.06787109375,0.463134765625,1.92822265625,1.0283203125
175,readout,,0,4,"1,0,1,0",,,,,,0.103271484375,0.0048828125,0.00048828125,0.463623046875,1.92822265625,1.0283203125
175,readout,,0,5,"1,0,1,0",,,,,,0.241943359375,0.10595703125,0.025634765625,0.4892578125,1.92822265625,1.0283203125
175,readout,,0,6,"1,0,1,0",,,,,,-3.649169921875,-0.00244140625,0.0087890625,0.498046875,1.92822265625,1.0283203125
175,readout,,0,7,"1,0,1,0",,,,,,-2.89501953125,0.31591796875,-0.91455078125,-0.41650390625,1.92822265625,1.0283203125
175,readout,,0,8,"1,0,1,0",,,,,,1.211181640625,1.9990234375,2.421142578125,2.004638671875,1.92822265625,1.0283203125
175,readout,,0,9,"1,0,1,0",,,,,,0.041015625,-1.9990234375,-0.08203125,1.922607421875,1.92822265625,1.0283203125
175,readout,,0,10,"1,0,1,0",,,,,,1.0,0.005615234375,0.005615234375,1.92822265625,1.92822265625,1.0283203125
175,readout,,1,0,"1,0,1,0",,,,,,-1.5078125,0.021240234375,-0.031982421875,-0.031982421875,1.92822265625,1.0283203125
175,readout,,1,1,"1,0,1,0",,,,,,-0.1474609375,-0.540771484375,0.079833984375,0.0478515625,1.92822265625,1.0283203125
175,readout,,1,2,"1,0,1,0",,,,,,-3.9990234375,0.103271484375,-0.4130859375,-0.365234375,1.92822265625,1.0283203125
175,readout,,1,3,"1,0,1,0",,,,,,-1.184326171875,0.0478515625,-0.056640625,-0.421875,1.92822265625,1.0283203125
175,readout,,1,4,"1,0,1,0",,,,,,0.103271484375,-0.000244140625,0.0,-0.421875,1.92822265625,1.0283203125
175,readout,,1,5,"1,0,1,0",,,,,,0.241943359375,0.17724609375,0.04296875,-0.37890625,1.92822265625,1.0283203125
175,readout,,1,6,"1,0,1,0",,,,,,-3.649169921875,-0.113525390625,0.414306640625,0.035400390625,1.92822265625,1.0283203125
175,readout,,1,7,"1,0,1,0",,,,,,-2.89501953125,-0.090576171875,0.26220703125,0.297607421875,1.92822265625,1.0283203125
175,readout,,1,8,"1,0,1,0",,,,,,1.211181640625,0.736328125,0.891845703125,1.189453125,1.92822265625,1.0283203125
175,readout,,1,9,"1,0,1,0",,,,,,0.041015625,0.166015625,0.0068359375,1.1962890625,1.92822265625,1.0283203125
175,readout,,1,10,"1,0,1,0",,,,,,1.0,-0.16796875,-0.16796875,1.0283203125,1.92822265625,1.0283203125
176,neuron,0,,,"1,0,0,0",-1.3193359375,-0.21142578125,0.0,-1.53076171875,0,,,,,,
176,neuron,1,,,"1,0,0,0",-0.12890625,0.04296875,0.052001953125,-0.033935546875,0,,,,,,
176,neuron,2,,,"1,0,0,0",-3.4990234375,-0.554931640625,-0.0078125,-3.9990234375,0,,,,,,
176,neuron,3,,,"1,0,0,0",-1.036376953125,-0.090576171875,0.0,-1.126953125,0,,,,,,
176,neuron,4,,,"1,0,0,0",0.09033203125,0.15283203125,0.14111328125,0.38427734375,0,,,,,,
176,neuron,5,,,"1,0,0,0",0.211669921875,0.571533203125,-0.02685546875,0.75634765625,0,,,,,,
176,neuron,6,,,"1,0,0,0",-3.193115234375,-0.427001953125,0.0,-3.6201171875,0,,,,,,
176,neuron,7,,,"1,0,0,0",-2.533203125,-0.383056640625,0.0,-2.916259765625,0,,,,,,
176,readout,,0,0,"1,0,0,0",,,,,,-1.53076171875,-0.245849609375,0.376220703125,0.376220703125,2.068603515625,1.034423828125
176,readout,,0,1,"1,0,0,0",,,,,,-0.033935546875,0.25048828125,-0.008544921875,0.36767578125,2.068603515625,1.034423828125
176,readout,,0,2,"1,0,0,0",,,,,,-3.9990234375,-0.015380859375,0.0615234375,0.42919921875,2.068603515625,1.034423828125
176,readout,,0,3,"1,0,0,0",,,,,,-1.126953125,-0.057373046875,0.064697265625,0.493896484375,2.068603515625,1.034423828125
176,readout,,0,4,"1,0,0,0",,,,,,0.38427734375,0.0048828125,0.001953125,0.495849609375,2.068603515625,1.034423828125
176,readout,,0,5,"1,0,0,0",,,,,,0.75634765625,0.10595703125,0.080078125,0.575927734375,2.068603515625,1.034423828125
176,readout,,0,6,"1,0,0,0",,,,,,-3.6201171875,-0.00244140625,0.0087890625,0.584716796875,2.068603515625,1.034423828125
176,readout,,0,7,"1,0,0,0",,,,,,-2.916259765625,0.31591796875,-0.92138671875,-0.336669921875,2.068603515625,1.034423828125
176,readout,,0,8,"1,0,0,0",,,,,,1.18994140625,1.9990234375,2.378662109375,2.0419921875,2.068603515625,1.034423828125
176,readout,,0,9,"1,0,0,0",,,,,,-0.010498046875,-1.9990234375,0.02099609375,2.06298828125,2.068603515625,1.034423828125
176,readout,,0,10,"1,0,0,0",,,,,,1.0,0.005615234375,0.005615234375,2.068603515625,2.068603515625,1.034423828125
176,readout,,1,0,"1,0,0,0",,,,,,-1.53076171875,0.021240234375,-0.032470703125,-0.032470703125,2.068603515625,1.034423828125
176,readout,,1,1,"1,0,0,0",,,,,,-0.033935546875,-0.540771484375,0.018310546875,-0.01416015625,2.068603515625,1.034423828125
176,readout,,1,2,"1,0,0,0",,,,,,-3.9990234375,0.103271484375,-0.4130859375,-0.42724609375,2.068603515625,1.034423828125
176,readout,,1,3,"1,0,0,0",,,,,,-1.126953125,0.0478515625,-0.053955078125,-0.481201171875,2.068603515625,1.034423828125
176,readout,,1,4,"1,0,0,0",,,,,,0.38427734375,-0.000244140625,0.0,-0.481201171875,2.068603515625,1.034423828125
176,readout,,1,5,"1,0,0,0",,,,,,0.75634765625,0.17724609375,0.134033203125,-0.34716796875,2.068603515625,1.034423828125
176,readout,,1,6,"1,0,0,0",,,,,,-3.6201171875,-0.113525390625,0.410888671875,0.063720703125,2.068603515625,1.034423828125
176,readout,,1,7,"1,0,0,0",,,,,,-2.916259765625,-0.090576171875,0.26416015625,0.327880859375,2.068603515625,1.034423828125
176,readout,,1,8,"1,0,0,0",,,,,,1.18994140625,0.736328125,0.876220703125,1.2041015625,2.068603515625,1.034423828125
176,readout,,1,9,"1,0,0,0",,,,,,-0.010498046875,0.166015625,-0.001708984375,1.202392578125,2.068603515625,1.034423828125
176,readout,,1,10,"1,0,0,0",,,,,,1.0,-0.16796875,-0.16796875,1.034423828125,2.068603515625,1.034423828125
177,neuron,0,,,"1,0,0,0",-1.33935546875,-0.21142578125,0.0,-1.55078125,0,,,,,,
177,neuron,1,,,"1,0,0,0",-0.02978515625,0.04296875,0.0,0.01318359375,0,,,,,,
177,neuron,2,,,"1,0,0,0",-3.4990234375,-0.554931640625,0.0,-3.9990234375,0,,,,,,
177,neuron,3,,,"1,0,0,0",-0.986083984375,-0.090576171875,0.0,-1.07666015625,0,,,,,,
177,neuron,4,,,"1,0,0,0",0.336181640625,0.15283203125,0.0,0.489013671875,0,,,,,,
177,neuron,5,,,"1,0,0,0",0.661865234375,0.571533203125,0.0,0.2333984375,1,,,,,,
177,neuron,6,,,"1,0,0,0",-3.16748046875,-0.427001953125,0.0,-3.594482421875,0,,,,,,
177,neuron,7,,,"1,0,0,0",-2.5517578125,-0.383056640625,0.0,-2.934814453125,0,,,,,,
177,readout,,0,0,"1,0,0,0",,,,,,-1.55078125,-0.245849609375,0.38134765625,0.38134765625,2.029296875,0.941650390625
177,readout,,0,1,"1,0,0,0",,,,,,0.01318359375,0.25048828125,0.00341796875,0.384765625,2.029296875,0.941650390625
177,readout,,0,2,"1,0,0,0",,,,,,-3.9990234375,-0.015380859375,0.0615234375,0.4462890625,2.029296875,0.941650390625
177,readout,,0,3,"1,0,0,0",,,,,,-1.07666015625,-0.057373046875,0.061767578125,0.508056640625,2.029296875,0.941650390625
177,readout,,0,4,"1,0,0,0",,,,,,0.489013671875,0.0048828125,0.00244140625,0.510498046875,2.029296875,0.941650390625
177,readout,,0,5,"1,0,0,0",,,,,,0.2333984375,0.10595703125,0.024658203125,0.53515625,2.029296875,0.941650390625
177,readout,,0,6,"1,0,0,0",,,,,,-3.594482421875,-0.00244140625,0.0087890625,0.5439453125,2.029296875,0.941650390625
177,readout,,0,7,"1,0,0,0",,,,,,-2.934814453125,0.31591796875,-0.92724609375,-0.38330078125,2.029296875,0.941650390625
177,readout,,0,8,"1,0,0,0",,,,,,1.218017578125,1.9990234375,2.434814453125,2.051513671875,2.029296875,0.941650390625
177,readout,,0,9,"1,0,0,0",,,,,,0.013916015625,-1.9990234375,-0.02783203125,2.023681640625,2.029296875,0.941650390625
177,readout,,0,10,"1,0,0,0",,,,,,1.0,0.005615234375,0.005615234375,2.029296875,2.029296875,0.941650390625
177,readout,,1,0,"1,0,0,0",,,,,,-1.55078125,0.021240234375,-0.032958984375,-0.032958984375,2.029296875,0.941650390625
177,readout,,1,1,"1,0,0,0",,,,,,0.01318359375,-0.540771484375,-0.007080078125,-0.0400390625,2.029296875,0.941650390625
177,readout,,1,2,"1,0,0,0",,,,,,-3.9990234375,0.103271484375,-0.4130859375,-0.453125,2.029296875,0.941650390625
177,readout,,1,3,"1,0,0,0",,,,,,-1.07666015625,0.0478515625,-0.051513671875,-0.504638671875,2.029296875,0.941650390625
177,readout,,1,4,"1,0,0,0",,,,,,0.489013671875,-0.000244140625,0.0,-0.504638671875,2.029296875,0.941650390625
177,readout,,1,5,"1,0,0,0",,,,,,0.2333984375,0.17724609375,0.041259765625,-0.46337890625,2.029296875,0.941650390625
177,readout,,1,6,"1,0,0,0",,,,,,-3.594482421875,-0.113525390625,0.407958984375,-0.055419921875,2.029296875,0.941650390625
177,readout,,1,7,"1,0,0,0",,,,,,-2.934814453125,-0.090576171875,0.265869140625,0.21044921875,2.029296875,0.941650390625
177,readout,,1,8,"1,0,0,0",,,,,,1.218017578125,0.736328125,0.89697265625,1.107421875,2.029296875,0.941650390625
177,readout,,1,9,"1,0,0,0",,,,,,0.013916015625,0.166015625,0.002197265625,1.109619140625,2.029296875,0.941650390625
177,readout,,1,10,"1,0,0,0",,,,,,1.0,-0.16796875,-0.16796875,0.941650390625,2.029296875,0.941650390625
178,neuron,0,,,"1,0,0,0",-1.35693359375,-0.21142578125,0.0,-1.568359375,0,,,,,,
178,neuron,1,,,"1,0,0,0",0.011474609375,0.04296875,0.0,0.054443359375,0,,,,,,
178,neuron,2,,,"1,0,0,0",-3.4990234375,-0.554931640625,-0.0078125,-3.9990234375,0,,,,,,
178,neuron,3,,,"1,0,0,0",-0.942138671875,-0.090576171875,0.0,-1.03271484375,0,,,,,,
178,neuron,4,,,"1,0,0,0",0.427978515625,0.15283203125,0.14111328125,0.721923828125,0,,,,,,
178,neuron,5,,,"1,0,0,0",0.2041015625,0.571533203125,0.0,0.775634765625,0,,,,,,
178,neuron,6,,,"1,0,0,0",-3.145263671875,-0.427001953125,0.0,-3.572265625,0,,,,,,
178,neuron,7,,,"1,0,0,0",-2.56787109375,-0.383056640625,0.0,-2.950927734375,0,,,,,,
178,readout,,0,0,"1,0,0,0",,,,,,-1.568359375,-0.245849609375,0.385498046875,0.385498046875,2.0693359375,0.970458984375
178,readout,,0,1,"1,0,0,0",,,,,,0.054443359375,0.25048828125,0.013671875,0.399169921875,2.0693359375,0.970458984375
178,readout,,0,2,"1,0,0,0",,,,,,-3.9990234375,-0.015380859375,0.0615234375,0.460693359375,2.0693359375,0.970458984375
178,readout,,0,3,"1,0,0,0",,,,,,-1.03271484375,-0.057373046875,0.059326171875,0.52001953125,2.0693359375,0.970458984375
178,readout,,0,4,"1,0,0,0",,,,,,0.721923828125,0.0048828125,0.00341796875,0.5234375,2.0693359375,0.970458984375
178,readout,,0,5,"1,0,0,0",,,,,,0.775634765625,0.10595703125,0.082275390625,0.605712890625,2.0693359375,0.970458984375
178,readout,,0,6,"1,0,0,0",,,,,,-3.572265625,-0.00244140625,0.0087890625,0.614501953125,2.0693359375,0.970458984375
178,readout,,0,7,"1,0,0,0",,,,,,-2.950927734375,0.31591796875,-0.932373046875,-0.31787109375,2.0693359375,0.970458984375
178,readout,,0,8,"1,0,0,0",,,,,,1.1650390625,1.9990234375,2.328857421875,2.010986328125,2.0693359375,0.970458984375
178,readout,,0,9,"1,0,0,0",,,,,,-0.0263671875,-1.9990234375,0.052734375,2.063720703125,2.0693359375,0.970458984375
178,readout,,0,10,"1,0,0,0",,,,,,1.0,0.005615234375,0.005615234375,2.0693359375,2.0693359375,0.970458984375
178,readout,,1,0,"1,0,0,0",,,,,,-1.568359375,0.021240234375,-0.033203125,-0.033203125,2.0693359375,0.970458984375
178,readout,,1,1,"1,0,0,0",,,,,,0.054443359375,-0.540771484375,-0.029541015625,-0.062744140625,2.0693359375,0.970458984375
178,readout,,1,2,"1,0,0,0",,,,,,-3.9990234375,0.103271484375,-0.4130859375,-0.475830078125,2.0693359375,0.970458984375
178,readout,,1,3,"1,0,0,0",,,,,,-1.03271484375,0.0478515625,-0.04931640625,-0.525146484375,2.0693359375,0.970458984375
178,readout,,1,4,"1,0,0,0",,,,,,0.721923828125,-0.000244140625,-0.000244140625,-0.525390625,2.0693359375,0.970458984375
178,readout,,1,5,"1,0,0,0",,,,,,0.775634765625,0.17724609375,0.137451171875,-0.387939453125,2.0693359375,0.970458984375
178,readout,,1,6,"1,0,0,0",,,,,,-3.572265625,-0.113525390625,0.405517578125,0.017578125,2.0693359375,0.970458984375
178,readout,,1,7,"1,0,0,0",,,,,,-2.950927734375,-0.090576171875,0.267333984375,0.284912109375,2.0693359375,0.970458984375
178,readout,,1,8,"1,0,0,0",,,,,,1.1650390625,0.736328125,0.85791015625,1.142822265625,2.0693359375,0.970458984375
178,readout,,1,9,"1,0,0,0",,,,,,-0.0263671875,0.166015625,-0.00439453125,1.138427734375,2.0693359375,0.970458984375
178,readout,,1,10,"1,0,0,0",,,,,,1.0,-0.16796875,-0.16796875,0.970458984375,2.0693359375,0.970458984375
179,neuron,0,,,"1,0,0,0",-1.372314453125,-0.21142578125,0.0,-1.583740234375,0,,,,,,
179,neuron,1,,,"1,0,0,0",0.047607421875,0.04296875,0.0,0.090576171875,0,,,,,,
179,neuron,2,,,"1,0,0,0",-3.4990234375,-0.554931640625,0.0,-3.9990234375,0,,,,,,
179,neuron,3,,,"1,0,0,0",-0.903564453125,-0.090576171875,0.0,-0.994140625,0,,,,,,
179,neuron,4,,,"1,0,0,0",0.631591796875,0.15283203125,0.0,0.784423828125,0,,,,,,
179,neuron,5,,,"1,0,0,0",0.6787109375,0.571533203125,0.0,0.250244140625,1,,,,,,
179,neuron,6,,,"1,0,0,0",-3.125732421875,-0.427001953125,0.0,-3.552734375,0,,,,,,
179,neuron,7,,,"1,0,0,0",-2.58203125,-0.383056640625,0.0,-2.965087890625,0,,,,,,
179,readout,,0,0,"1,0,0,0",,,,,,-1.583740234375,-0.245849609375,0.389404296875,0.389404296875,2.00439453125,0.892333984375
179,readout,,0,1,"1,0,0,0",,,,,,0.090576171875,0.25048828125,0.022705078125,0.412109375,2.00439453125,0.892333984375
179,readout,,0,2,"1,0,0,0",,,,,,-3.9990234375,-0.015380859375,0.0615234375,0.4736328125,2.00439453125,0.892333984375
179,readout,,0,3,"1,0,0,0",,,,,,-0.994140625,-0.057373046875,0.05712890625,0.53076171875,2.00439453125,0.892333984375
179,readout,,0,4,"1,0,0,0",,,,,,0.784423828125,0.0048828125,0.00390625,0.53466796875,2.00439453125,0.892333984375
179,readout,,0,5,"1,0,0,0",,,,,,0.250244140625,0.10595703125,0.026611328125,0.561279296875,2.00439453125,0.892333984375
179,readout,,0,6,"1,0,0,0",,,,,,-3.552734375,-0.00244140625,0.0087890625,0.570068359375,2.00439453125,0.892333984375
179,readout,,0,7,"1,0,0,0",,,,,,-2.965087890625,0.31591796875,-0.936767578125,-0.36669921875,2.00439453125,0.892333984375
179,readout,,0,8,"1,0,0,0",,,,,,1.20166015625,1.9990234375,2.402099609375,2.035400390625,2.00439453125,0.892333984375
179,readout,,0,9,"1,0,0,0",,,,,,0.018310546875,-1.9990234375,-0.03662109375,1.998779296875,2.00439453125,0.892333984375
179,readout,,0,10,"1,0,0,0",,,,,,1.0,0.005615234375,0.005615234375,2.00439453125,2.00439453125,0.892333984375
179,readout,,1,0,"1,0,0,0",,,,,,-1.583740234375,0.021240234375,-0.03369140625,-0.03369140625,2.00439453125,0.892333984375
179,readout,,1,1,"1,0,0,0",,,,,,0.090576171875,-0.540771484375,-0.049072265625,-0.082763671875,2.00439453125,0.892333984375
179,readout,,1,2,"1,0,0,0",,,,,,-3.9990234375,0.103271484375,-0.4130859375,-0.495849609375,2.00439453125,0.892333984375
179,readout,,1,3,"1,0,0,0",,,,,,-0.994140625,0.0478515625,-0.047607421875,-0.54345703125,2.00439453125,0.892333984375
179,readout,,1,4,"1,0,0,0",,,,,,0.784423828125,-0.000244140625,-0.000244140625,-0.543701171875,2.00439453125,0.892333984375
179,readout,,1,5,"1,0,0,0",,,,,,0.250244140625,0.17724609375,0.04443359375,-0.499267578125,2.00439453125,0.892333984375
179,readout,,1,6,"1,0,0,0",,,,,,-3.552734375,-0.113525390625,0.4033203125,-0.095947265625,2.00439453125,0.892333984375
179,readout,,1,7,"1,0,0,0",,,,,,-2.965087890625,-0.090576171875,0.2685546875,0.172607421875,2.00439453125,0.892333984375
179,readout,,1,8,"1,0,0,0",,,,,,1.20166015625,0.736328125,0.884765625,1.057373046875,2.00439453125,0.892333984375
179,readout,,1,9,"1,0,0,0",,,,,,0.018310546875,0.166015625,0.0029296875,1.060302734375,2.00439453125,0.892333984375
179,readout,,1,10,"1,0,0,0",,,,,,1.0,-0.16796875,-0.16796875,0.892333984375,2.00439453125,0.892333984375
180,neuron,0,,,"1,0,0,0",-1.3857421875,-0.21142578125,0.0,-1.59716796875,0,,,,,,
180,neuron,1,,,"1,0,0,0",0.079345703125,0.04296875,0.0,0.122314453125,0,,,,,,
180,neuron,2,,,"1,0,0,0",-3.4990234375,-0.554931640625,-0.0078125,-3.9990234375,0,,,,,,
180,neuron,3,,,"1,0,0,0",-0.869873046875,-0.090576171875,0.0,-0.96044921875,0,,,,,,
180,neuron,4,,,"1,0,0,0",0.686279296875,0.15283203125,0.14111328125,0.980224609375,0,,,,,,
180,neuron,5,,,"1,0,0,0",0.218994140625,0.571533203125,0.0,0.79052734375,0,,,,,,
180,neuron,6,,,"1,0,0,0",-3.108642578125,-0.427001953125,0.0,-3.53564453125,0,,,,,,
180,neuron,7,,,"1,0,0,0",-2.594482421875,-0.383056640625,0.0,-2.9775390625,0,,,,,,
180,readout,,0,0,"1,0,0,0",,,,,,-1.59716796875,-0.245849609375,0.392578125,0.392578125,2.11083984375,0.97412109375
180,readout,,0,1,"1,0,0,0",,,,,,0.122314453125,0.25048828125,0.030517578125,0.423095703125,2.11083984375,0.97412109375
180,readout,,0,2,"1,0,0,0",,,,,,-3.9990234375,-0.015380859375,0.0615234375,0.484619140625,2.11083984375,0.97412109375
180,readout,,0,3,"1,0,0,0",,,,,,-0.96044921875,-0.057373046875,0.05517578125,0.539794921875,2.11083984375,0.97412109375
180,readout,,0,4,"1,0,0,0",,,,,,0.980224609375,0.0048828125,0.0048828125,0.544677734375,2.11083984375,0.97412109375
180,readout,,0,5,"1,0,0,0",,,,,,0.79052734375,0.10595703125,0.083740234375,0.62841796875,2.11083984375,0.97412109375
180,readout,,0,6,"1,0,0,0",,,,,,-3.53564453125,-0.00244140625,0.008544921875,0.636962890625,2.11083984375,0.97412109375
180,readout,,0,7,"1,0,0,0",,,,,,-2.9775390625,0.31591796875,-0.940673828125,-0.3037109375,2.11083984375,0.97412109375
180,readout,,0,8,"1,0,0,0",,,,,,1.208251953125,1.9990234375,2.415283203125,2.111572265625,2.11083984375,0.97412109375
180,readout,,0,9,"1,0,0,0",,,,,,0.003173828125,-1.9990234375,-0.00634765625,2.105224609375,2.11083984375,0.97412109375
180,readout,,0,10,"1,0,0,0",,,,,,1.0,0.005615234375,0.005615234375,2.11083984375,2.11083984375,0.97412109375
180,readout,,1,0,"1,0,0,0",,,,,,-1.59716796875,0.021240234375,-0.033935546875,-0.033935546875,2.11083984375,0.97412109375
180,readout,,1,1,"1,0,0,0",,,,,,0.122314453125,-0.540771484375,-0.066162109375,-0.10009765625,2.11083984375,0.97412109375
180,readout,,1,2,"1,0,0,0",,,,,,-3.9990234375,0.103271484375,-0.4130859375,-0.51318359375,2.11083984375,0.97412109375
180,readout,,1,3,"1,0,0,0",,,,,,-0.96044921875,0.0478515625,-0.0458984375,-0.55908203125,2.11083984375,0.97412109375
180,readout,,1,4,"1,0,0,0",,,,,,0.980224609375,-0.000244140625,-0.000244140625,-0.559326171875,2.11083984375,0.97412109375
180,readout,,1,5,"1,0,0,0",,,,,,0.79052734375,0.17724609375,0.14013671875,-0.419189453125,2.11083984375,0.97412109375
180,readout,,1,6,"1,0,0,0",,,,,,-3.53564453125,-0.113525390625,0.4013671875,-0.017822265625,2.11083984375,0.97412109375
180,readout,,1,7,"1,0,0,0",,,,,,-2.9775390625,-0.090576171875,0.269775390625,0.251953125,2.11083984375,0.97412109375
180,readout,,1,8,"1,0,0,0",,,,,,1.208251953125,0.736328125,0.8896484375,1.1416015625,2.11083984375,0.97412109375
180,readout,,1,9,"1,0,0,0",,,,,,0.003173828125,0.166015625,0.00048828125,1.14208984375,2.11083984375,0.97412109375
180,readout,,1,10,"1,0,0,0",,,,,,1.0,-0.16796875,-0.16796875,0.97412109375,2.11083984375,0.97412109375
181,neuron,0,,,"1,0,0,0",-1.3974609375,-0.21142578125,0.0,-1.60888671875,0,,,,,,
181,neuron,1,,,"1,0,0,0",0.10693359375,0.04296875,0.0,0.14990234375,0,,,,,,
181,neuron,2,,,"1,0,0,0",-3.4990234375,-0.554931640625,0.0,-3.9990234375,0,,,,,,
181,neuron,3,,,"1,0,0,0",-0.84033203125,-0.090576171875,0.0,-0.930908203125,0,,,,,,
181,neuron,4,,,"1,0,0,0",0.857666015625,0.15283203125,0.0,0.010498046875,1,,,,,,
181,neuron,5,,,"1,0,0,0",0.691650390625,0.571533203125,0.0,0.26318359375,1,,,,,,
181,neuron,6,,,"1,0,0,0",-3.09375,-0.427001953125,0.0,-3.520751953125,0,,,,,,
181,neuron,7,,,"1,0,0,0",-2.60546875,-0.383056640625,0.0,-2.988525390625,0,,,,,,
181,readout,,0,0,"1,0,0,0",,,,,,-1.60888671875,-0.245849609375,0.3955078125,0.3955078125,2.049560546875,0.8564453125
181,readout,,0,1,"1,0,0,0",,,,,,0.14990234375,0.25048828125,0.03759765625,0.43310546875,2.049560546875,0.8564453125
181,readout,,0,2,"1,0,0,0",,,,,,-3.9990234375,-0.015380859375,0.0615234375,0.49462890625,2.049560546875,0.8564453125
181,readout,,0,3,"1,0,0,0",,,,,,-0.930908203125,-0.057373046875,0.053466796875,0.548095703125,2.049560546875,0.8564453125
181,readout,,0,4,"1,0,0,0",,,,,,0.010498046875,0.0048828125,0.0,0.548095703125,2.049560546875,0.8564453125
181,readout,,0,5,"1,0,0,0",,,,,,0.26318359375,0.10595703125,0.02783203125,0.575927734375,2.049560546875,0.8564453125
181,readout,,0,6,"1,0,0,0",,,,,,-3.520751953125,-0.00244140625,0.008544921875,0.58447265625,2.049560546875,0.8564453125
181,readout,,0,7,"1,0,0,0",,,,,,-2.988525390625,0.31591796875,-0.944091796875,-0.359619140625,2.049560546875,0.8564453125
181,readout,,0,8,"1,0,0,0",,,,,,1.19677734375,1.9990234375,2.392333984375,2.03271484375,2.049560546875,0.8564453125
181,readout,,0,9,"1,0,0,0",,,,,,-0.005615234375,-1.9990234375,0.01123046875,2.0439453125,2.049560546875,0.8564453125
181,readout,,0,10,"1,0,0,0",,,,,,1.0,0.005615234375,0.005615234375,2.049560546875,2.049560546875,0.8564453125
181,readout,,1,0,"1,0,0,0",,,,,,-1.60888671875,0.021240234375,-0.0341796875,-0.0341796875,2.049560546875,0.8564453125
181,readout,,1,1,"1,0,0,0",,,,,,0.14990234375,-0.540771484375,-0.0810546875,-0.115234375,2.049560546875,0.8564453125
181,readout,,1,2,"1,0,0,0",,,,,,-3.9990234375,0.103271484375,-0.4130859375,-0.5283203125,2.049560546875,0.8564453125
181,readout,,1,3,"1,0,0,0",,,,,,-0.930908203125,0.0478515625,-0.04443359375,-0.57275390625,2.049560546875,0.8564453125
181,readout,,1,4,"1,0,0,0",,,,,,0.010498046875,-0.000244140625,0.0,-0.57275390625,2.049560546875,0.8564453125
181,readout,,1,5,"1,0,0,0",,,,,,0.26318359375,0.17724609375,0.046630859375,-0.526123046875,2.049560546875,0.8564453125
181,readout,,1,6,"1,0,0,0",,,,,,-3.520751953125,-0.113525390625,0.399658203125,-0.12646484375,2.049560546875,0.8564453125
181,readout,,1,7,"1,0,0,0",,,,,,-2.988525390625,-0.090576171875,0.270751953125,0.144287109375,2.049560546875,0.8564453125
181,readout,,1,8,"1,0,0,0",,,,,,1.19677734375,0.736328125,0.881103515625,1.025390625,2.049560546875,0.8564453125
181,readout,,1,9,"1,0,0,0",,,,,,-0.005615234375,0.166015625,-0.0009765625,1.0244140625,2.049560546875,0.8564453125
181,readout,,1,10,"1,0,0,0",,,,,,1.0,-0.16796875,-0.16796875,0.8564453125,2.049560546875,0.8564453125
182,neuron,0,,,"1,0,0,0",-1.40771484375,-0.21142578125,0.0,-1.619140625,0,,,,,,
182,neuron,1,,,"1,0,0,0",0.131103515625,0.04296875,0.052001953125,0.22607421875,0,,,,,,
182,neuron,2,,,"1,0,0,0",-3.4990234375,-0.554931640625,-0.0078125,-3.9990234375,0,,,,,,
182,neuron,3,,,"1,0,0,0",-0.814453125,-0.090576171875,0.0,-0.905029296875,0,,,,,,
182,neuron,4,,,"1,0,0,0",0.00927734375,0.15283203125,0.14111328125,0.30322265625,0,,,,,,
182,neuron,5,,,"1,0,0,0",0.230224609375,0.571533203125,-0.02685546875,0.77490234375,0,,,,,,
182,neuron,6,,,"1,0,0,0",-3.08056640625,-0.427001953125,0.0,-3.507568359375,0,,,,,,
182,neuron,7,,,"1,0,0,0",-2.614990234375,-0.383056640625,0.0,-2.998046875,0,,,,,,
182,readout,,0,0,"1,0,0,0",,,,,,-1.619140625,-0.245849609375,0.39794921875,0.39794921875,2.147705078125,0.937744140625
182,readout,,0,1,"1,0,0,0",,,,,,0.22607421875,0.25048828125,0.056640625,0.45458984375,2.147705078125,0.937744140625
182,readout,,0,2,"1,0,0,0",,,,,,-3.9990234375,-0.015380859375,0.0615234375,0.51611328125,2.147705078125,0.937744140625
182,readout,,0,3,"1,0,0,0",,,,,,-0.905029296875,-0.057373046875,0.052001953125,0.568115234375,2.147705078125,0.937744140625
182,readout,,0,4,"1,0,0,0",,,,,,0.30322265625,0.0048828125,0.00146484375,0.569580078125,2.147705078125,0.937744140625
182,readout,,0,5,"1,0,0,0",,,,,,0.77490234375,0.10595703125,0.08203125,0.651611328125,2.147705078125,0.937744140625
182,readout,,0,6,"1,0,0,0",,,,,,-3.507568359375,-0.00244140625,0.008544921875,0.66015625,2.147705078125,0.937744140625
182,readout,,0,7,"1,0,0,0",,,,,,-2.998046875,0.31591796875,-0.947021484375,-0.286865234375,2.147705078125,0.937744140625
182,readout,,0,8,"1,0,0,0",,,,,,1.233642578125,1.9990234375,2.466064453125,2.17919921875,2.147705078125,0.937744140625
182,readout,,0,9,"1,0,0,0",,,,,,0.0185546875,-1.9990234375,-0.037109375,2.14208984375,2.147705078125,0.937744140625
182,readout,,0,10,"1,0,0,0",,,,,,1.0,0.005615234375,0.005615234375,2.147705078125,2.147705078125,0.937744140625
182,readout,,1,0,"1,0,0,0",,,,,,-1.619140625,0.021240234375,-0.034423828125,-0.034423828125,2.147705078125,0.937744140625
182,readout,,1,1,"1,0,0,0",,,,,,0.22607421875,-0.540771484375,-0.122314453125,-0.15673828125,2.147705078125,0.937744140625
182,readout,,1,2,"1,0,0,0",,,,,,-3.9990234375,0.103271484375,-0.4130859375,-0.56982421875,2.147705078125,0.937744140625
182,readout,,1,3,"1,0,0,0",,,,,,-0.905029296875,0.0478515625,-0.043212890625,-0.613037109375,2.147705078125,0.937744140625
182,readout,,1,4,"1,0,0,0",,,,,,0.30322265625,-0.000244140625,0.0,-0.613037109375,2.147705078125,0.937744140625
182,readout,,1,5,"1,0,0,0",,,,,,0.77490234375,0.17724609375,0.137451171875,-0.4755859375,2.147705078125,0.937744140625
182,readout,,1,6,"1,0,0,0",,,,,,-3.507568359375,-0.113525390625,0.398193359375,-0.077392578125,2.147705078125,0.937744140625
182,readout,,1,7,"1,0,0,0",,,,,,-2.998046875,-0.090576171875,0.271484375,0.194091796875,2.147705078125,0.937744140625
182,readout,,1,8,"1,0,0,0",,,,,,1.233642578125,0.736328125,0.908447265625,1.1025390625,2.147705078125,0.937744140625
182,readout,,1,9,"1,0,0,0",,,,,,0.0185546875,0.166015625,0.003173828125,1.105712890625,2.147705078125,0.937744140625
182,readout,,1,10,"1,0,0,0",,,,,,1.0,-0.16796875,-0.16796875,0.937744140625,2.147705078125,0.937744140625
183,neuron,0,,,"1,0,0,0",-1.416748046875,-0.21142578125,0.0,-1.628173828125,0,,,,,,
183,neuron,1,,,"1,0,0,0",0.19775390625,0.04296875,0.0,0.24072265625,0,,,,,,
183,neuron,2,,,"1,0,0,0",-3.4990234375,-0.554931640625,0.0,-3.9990234375,0,,,,,,
183,neuron,3,,,"1,0,0,0",-0.7919921875,-0.090576171875,0.0,-0.882568359375,0,,,,,,
183,neuron,4,,,"1,0,0,0",0.265380859375,0.15283203125,0.0,0.418212890625,0,,,,,,
183,neuron,5,,,"1,0,0,0",0.677978515625,0.571533203125,0.0,0.24951171875,1,,,,,,
183,neuron,6,,,"1,0,0,0",-3.069091796875,-0.427001953125,0.0,-3.49609375,0,,,,,,
183,neuron,7,,,"1,0,0,0",-2.623291015625,-0.383056640625,0.0,-3.00634765625,0,,,,,,
183,readout,,0,0,"1,0,0,0",,,,,,-1.628173828125,-0.245849609375,0.400390625,0.400390625,2.094482421875,0.80322265625
183,readout,,0,1,"1,0,0,0",,,,,,0.24072265625,0.25048828125,0.060302734375,0.460693359375,2.094482421875,0.80322265625
183,readout,,0,2,"1,0,0,0",,,,,,-3.9990234375,-0.015380859375,0.0615234375,0.522216796875,2.094482421875,0.80322265625
183,readout,,0,3,"1,0,0,0",,,,,,-0.882568359375,-0.057373046875,0.050537109375,0.57275390625,2.094482421875,0.80322265625
183,readout,,0,4,"1,0,0,0",,,,,,0.418212890625,0.0048828125,0.001953125,0.57470703125,2.094482421875,0.80322265625
183,readout,,0,5,"1,0,0,0",,,,,,0.24951171875,0.10595703125,0.0263671875,0.60107421875,2.094482421875,0.80322265625
183,readout,,0,6,"1,0,0,0",,,,,,-3.49609375,-0.00244140625,0.008544921875,0.609619140625,2.094482421875,0.80322265625
183,readout,,0,7,"1,0,0,0",,,,,,-3.00634765625,0.31591796875,-0.94970703125,-0.340087890625,2.094482421875,0.80322265625
183,readout,,0,8,"1,0,0,0",,,,,,1.196533203125,1.9990234375,2.391845703125,2.0517578125,2.094482421875,0.80322265625
183,readout,,0,9,"1,0,0,0",,,,,,-0.0185546875,-1.9990234375,0.037109375,2.0888671875,2.094482421875,0.80322265625
183,readout,,0,10,"1,0,0,0",,,,,,1.0,0.005615234375,0.005615234375,2.094482421875,2.094482421875,0.80322265625
183,readout,,1,0,"1,0,0,0",,,,,,-1.628173828125,0.021240234375,-0.03466796875,-0.03466796875,2.094482421875,0.80322265625
183,readout,,1,1,"1,0,0,0",,,,,,0.24072265625,-0.540771484375,-0.130126953125,-0.164794921875,2.094482421875,0.80322265625
183,readout,,1,2,"1,0,0,0",,,,,,-3.9990234375,0.103271484375,-0.4130859375,-0.577880859375,2.094482421875,0.80322265625
183,readout,,1,3,"1,0,0,0",,,,,,-0.882568359375,0.0478515625,-0.042236328125,-0.6201171875,2.094482421875,0.80322265625
183,readout,,1,4,"1,0,0,0",,,,,,0.418212890625,-0.000244140625,0.0,-0.6201171875,2.094482421875,0.80322265625
183,readout,,1,5,"1,0,0,0",,,,,,0.24951171875,0.17724609375,0.044189453125,-0.575927734375,2.094482421875,0.80322265625
183,readout,,1,6,"1,0,0,0",,,,,,-3.49609375,-0.113525390625,0.39697265625,-0.178955078125,2.094482421875,0.80322265625
183,readout,,1,7,"1,0,0,0",,,,,,-3.00634765625,-0.090576171875,0.272216796875,0.09326171875,2.094482421875,0.80322265625
183,readout,,1,8,"1,0,0,0",,,,,,1.196533203125,0.736328125,0.881103515625,0.974365234375,2.094482421875,0.80322265625
183,readout,,1,9,"1,0,0,0",,,,,,-0.0185546875,0.166015625,-0.003173828125,0.97119140625,2.094482421875,0.80322265625
183,readout,,1,10,"1,0,0,0",,,,,,1.0,-0.16796875,-0.16796875,0.80322265625,2.094482421875,0.80322265625
184,neuron,0,,,"1,0,0,0",-1.424560546875,-0.21142578125,0.0,-1.635986328125,0,,,,,,
184,neuron,1,,,"1,0,0,0",0.210693359375,0.04296875,0.0,0.253662109375,0,,,,,,
184,neuron,2,,,"1,0,0,0",-3.4990234375,-0.554931640625,-0.0078125,-3.9990234375,0,,,,,,
184,neuron,3,,,"1,0,0,0",-0.772216796875,-0.090576171875,0.0,-0.86279296875,0,,,,,,
184,neuron,4,,,"1,0,0,0",0.365966796875,0.15283203125,0.14111328125,0.659912109375,0,,,,,,
184,neuron,5,,,"1,0,0,0",0.21826171875,0.571533203125,0.0,0.789794921875,0,,,,,,
184,neuron,6,,,"1,0,0,0",-3.05908203125,-0.427001953125,0.0,-3.486083984375,0,,,,,,
184,neuron,7,,,"1,0,0,0",-2.630615234375,-0.383056640625,0.0,-3.013671875,0,,,,,,
184,readout,,0,0,"1,0,0,0",,,,,,-1.635986328125,-0.245849609375,0.402099609375,0.402099609375,2.130615234375,0.90625
184,readout,,0,1,"1,0,0,0",,,,,,0.253662109375,0.25048828125,0.0634765625,0.465576171875,2.130615234375,0.90625
184,readout,,0,2,"1,0,0,0",,,,,,-3.9990234375,-0.015380859375,0.0615234375,0.527099609375,2.130615234375,0.90625
184,readout,,0,3,"1,0,0,0",,,,,,-0.86279296875,-0.057373046875,0.049560546875,0.57666015625,2.130615234375,0.90625
184,readout,,0,4,"1,0,0,0",,,,,,0.659912109375,0.0048828125,0.003173828125,0.579833984375,2.130615234375,0.90625
184,readout,,0,5,"1,0,0,0",,,,,,0.789794921875,0.10595703125,0.083740234375,0.66357421875,2.130615234375,0.90625
184,readout,,0,6,"1,0,0,0",,,,,,-3.486083984375,-0.00244140625,0.008544921875,0.672119140625,2.130615234375,0.90625
184,readout,,0,7,"1,0,0,0",,,,,,-3.013671875,0.31591796875,-0.9521484375,-0.280029296875,2.130615234375,0.90625
184,readout,,0,8,"1,0,0,0",,,,,,1.2099609375,1.9990234375,2.418701171875,2.138671875,2.130615234375,0.90625
184,readout,,0,9,"1,0,0,0",,,,,,0.0068359375,-1.9990234375,-0.013671875,2.125,2.130615234375,0.90625
184,readout,,0,10,"1,0,0,0",,,,,,1.0,0.005615234375,0.005615234375,2.130615234375,2.130615234375,0.90625
184,readout,,1,0,"1,0,0,0",,,,,,-1.635986328125,0.021240234375,-0.03466796875,-0.03466796875,2.130615234375,0.90625
184,readout,,1,1,"1,0,0,0",,,,,,0.253662109375,-0.540771484375,-0.13720703125,-0.171875,2.130615234375,0.90625
184,readout,,1,2,"1,0,0,0",,,,,,-3.9990234375,0.103271484375,-0.4130859375,-0.5849609375,2.130615234375,0.90625
184,readout,,1,3,"1,0,0,0",,,,,,-0.86279296875,0.0478515625,-0.041259765625,-0.626220703125,2.130615234375,0.90625
184,readout,,1,4,"1,0,0,0",,,,,,0.659912109375,-0.000244140625,-0.000244140625,-0.62646484375,2.130615234375,0.90625
184,readout,,1,5,"1,0,0,0",,,,,,0.789794921875,0.17724609375,0.139892578125,-0.486572265625,2.130615234375,0.90625
184,readout,,1,6,"1,0,0,0",,,,,,-3.486083984375,-0.113525390625,0.395751953125,-0.0908203125,2.130615234375,0.90625
184,readout,,1,7,"1,0,0,0",,,,,,-3.013671875,-0.090576171875,0.27294921875,0.18212890625,2.130615234375,0.90625
184,readout,,1,8,"1,0,0,0",,,,,,1.2099609375,0.736328125,0.890869140625,1.072998046875,2.130615234375,0.90625
184,readout,,1,9,"1,0,0,0",,,,,,0.0068359375,0.166015625,0.001220703125,1.07421875,2.130615234375,0.90625
184,readout,,1,10,"1,0,0,0",,,,,,1.0,-0.16796875,-0.16796875,0.90625,2.130615234375,0.90625
185,neuron,0,,,"1,0,0,0",-1.431396484375,-0.21142578125,0.0,-1.642822265625,0,,,,,,
185,neuron,1,,,"1,0,0,0",0.221923828125,0.04296875,0.0,0.264892578125,0,,,,,,
185,neuron,2,,,"1,0,0,0",-3.4990234375,-0.554931640625,0.0,-3.9990234375,0,,,,,,
185,neuron,3,,,"1,0,0,0",-0.7548828125,-0.090576171875,0.0,-0.845458984375,0,,,,,,
185,neuron,4,,,"1,0,0,0",0.577392578125,0.15283203125,0.0,0.730224609375,0,,,,,,
185,neuron,5,,,"1,0,0,0",0.691162109375,0.571533203125,0.0,0.2626953125,1,,,,,,
185,neuron,6,,,"1,0,0,0",-3.05029296875,-0.427001953125,0.0,-3.477294921875,0,,,,,,
185,neuron,7,,,"1,0,0,0",-2.636962890625,-0.383056640625,0.0,-3.02001953125,0,,,,,,
185,readout,,0,0,"1,0,0,0",,,,,,-1.642822265625,-0.245849609375,0.40380859375,0.40380859375,2.117919921875,0.827880859375
185,readout,,0,1,"1,0,0,0",,,,,,0.264892578125,0.25048828125,0.06640625,0.47021484375,2.117919921875,0.827880859375
185,readout,,0,2,"1,0,0,0",,,,,,-3.9990234375,-0.015380859375,0.0615234375,0.53173828125,2.117919921875,0.827880859375
185,readout,,0,3,"1,0,0,0",,,,,,-0.845458984375,-0.057373046875,0.048583984375,0.580322265625,2.117919921875,0.827880859375
185,readout,,0,4,"1,0,0,0",,,,,,0.730224609375,0.0048828125,0.003662109375,0.583984375,2.117919921875,0.827880859375
185,readout,,0,5,"1,0,0,0",,,,,,0.2626953125,0.10595703125,0.02783203125,0.61181640625,2.117919921875,0.827880859375
185,readout,,0,6,"1,0,0,0",,,,,,-3.477294921875,-0.00244140625,0.008544921875,0.620361328125,2.117919921875,0.827880859375
185,readout,,0,7,"1,0,0,0",,,,,,-3.02001953125,0.31591796875,-0.9541015625,-0.333740234375,2.117919921875,0.827880859375
185,readout,,0,8,"1,0,0,0",,,,,,1.237060546875,1.9990234375,2.472900390625,2.13916015625,2.117919921875,0.827880859375
185,readout,,0,9,"1,0,0,0",,,,,,0.013427734375,-1.9990234375,-0.02685546875,2.1123046875,2.117919921875,0.827880859375
185,readout,,0,10,"1,0,0,0",,,,,,1.0,0.005615234375,0.005615234375,2.117919921875,2.117919921875,0.827880859375
185,readout,,1,0,"1,0,0,0",,,,,,-1.642822265625,0.021240234375,-0.034912109375,-0.034912109375,2.117919921875,0.827880859375
185,readout,,1,1,"1,0,0,0",,,,,,0.264892578125,-0.540771484375,-0.143310546875,-0.17822265625,2.117919921875,0.827880859375
185,readout,,1,2,"1,0,0,0",,,,,,-3.9990234375,0.103271484375,-0.4130859375,-0.59130859375,2.117919921875,0.827880859375
185,readout,,1,3,"1,0,0,0",,,,,,-0.845458984375,0.0478515625,-0.04052734375,-0.6318359375,2.117919921875,0.827880859375
185,readout,,1,4,"1,0,0,0",,,,,,0.730224609375,-0.000244140625,-0.000244140625,-0.632080078125,2.117919921875,0.827880859375
185,readout,,1,5,"1,0,0,0",,,,,,0.2626953125,0.17724609375,0.046630859375,-0.58544921875,2.117919921875,0.827880859375
185,readout,,1,6,"1,0,0,0",,,,,,-3.477294921875,-0.113525390625,0.394775390625,-0.190673828125,2.117919921875,0.827880859375
185,readout,,1,7,"1,0,0,0",,,,,,-3.02001953125,-0.090576171875,0.2734375,0.082763671875,2.117919921875,0.827880859375
185,readout,,1,8,"1,0,0,0",,,,,,1.237060546875,0.736328125,0.910888671875,0.99365234375,2.117919921875,0.827880859375
185,readout,,1,9,"1,0,0,0",,,,,,0.013427734375,0.166015625,0.002197265625,0.995849609375,2.117919921875,0.827880859375
185,readout,,1,10,"1,0,0,0",,,,,,1.0,-0.16796875,-0.16796875,0.827880859375,2.117919921875,0.827880859375
186,neuron,0,,,"1,0,0,0",-1.4375,-0.21142578125,0.0,-1.64892578125,0,,,,,,
186,neuron,1,,,"1,0,0,0",0.231689453125,0.04296875,0.0,0.274658203125,0,,,,,,
186,neuron,2,,,"1,0,0,0",-3.4990234375,-0.554931640625,-0.0078125,-3.9990234375,0,,,,,,
186,neuron,3,,,"1,0,0,0",-0.73974609375,-0.090576171875,0.0,-0.830322265625,0,,,,,,
186,neuron,4,,,"1,0,0,0",0.638916015625,0.15283203125,0.14111328125,0.932861328125,0,,,,,,
186,neuron,5,,,"1,0,0,0",0.22998046875,0.571533203125,0.0,0.801513671875,0,,,,,,
186,neuron,6,,,"1,0,0,0",-3.042724609375,-0.427001953125,0.0,-3.4697265625,0,,,,,,
186,neuron,7,,,"1,0,0,0",-2.642578125,-0.383056640625,0.0,-3.025634765625,0,,,,,,
186,readout,,0,0,"1,0,0,0",,,,,,-1.64892578125,-0.245849609375,0.4052734375,0.4052734375,2.2041015625,0.91650390625
186,readout,,0,1,"1,0,0,0",,,,,,0.274658203125,0.25048828125,0.06884765625,0.47412109375,2.2041015625,0.91650390625
186,readout,,0,2,"1,0,0,0",,,,,,-3.9990234375,-0.015380859375,0.0615234375,0.53564453125,2.2041015625,0.91650390625
186,readout,,0,3,"1,0,0,0",,,,,,-0.830322265625,-0.057373046875,0.047607421875,0.583251953125,2.2041015625,0.91650390625
186,readout,,0,4,"1,0,0,0",,,,,,0.932861328125,0.0048828125,0.004638671875,0.587890625,2.2041015625,0.91650390625
186,readout,,0,5,"1,0,0,0",,,,,,0.801513671875,0.10595703125,0.0849609375,0.6728515625,2.2041015625,0.91650390625
186,readout,,0,6,"1,0,0,0",,,,,,-3.4697265625,-0.00244140625,0.008544921875,0.681396484375,2.2041015625,0.91650390625
186,readout,,0,7,"1,0,0,0",,,,,,-3.025634765625,0.31591796875,-0.955810546875,-0.2744140625,2.2041015625,0.91650390625
186,readout,,0,8,"1,0,0,0",,,,,,1.237060546875,1.9990234375,2.472900390625,2.198486328125,2.2041015625,0.91650390625
186,readout,,0,9,"1,0,0,0",,,,,,0.0,-1.9990234375,0.0,2.198486328125,2.2041015625,0.91650390625
186,readout,,0,10,"1,0,0,0",,,,,,1.0,0.005615234375,0.005615234375,2.2041015625,2.2041015625,0.91650390625
186,readout,,1,0,"1,0,0,0",,,,,,-1.64892578125,0.021240234375,-0.034912109375,-0.034912109375,2.2041015625,0.91650390625
186,readout,,1,1,"1,0,0,0",,,,,,0.274658203125,-0.540771484375,-0.1484375,-0.183349609375,2.2041015625,0.91650390625
186,readout,,1,2,"1,0,0,0",,,,,,-3.9990234375,0.103271484375,-0.4130859375,-0.596435546875,2.2041015625,0.91650390625
186,readout,,1,3,"1,0,0,0",,,,,,-0.830322265625,0.0478515625,-0.039794921875,-0.63623046875,2.2041015625,0.91650390625
186,readout,,1,4,"1,0,0,0",,,,,,0.932861328125,-0.000244140625,-0.000244140625,-0.636474609375,2.2041015625,0.91650390625
186,readout,,1,5,"1,0,0,0",,,,,,0.801513671875,0.17724609375,0.14208984375,-0.494384765625,2.2041015625,0.91650390625
186,readout,,1,6,"1,0,0,0",,,,,,-3.4697265625,-0.113525390625,0.393798828125,-0.1005859375,2.2041015625,0.91650390625
186,readout,,1,7,"1,0,0,0",,,,,,-3.025634765625,-0.090576171875,0.274169921875,0.173583984375,2.2041015625,0.91650390625
186,readout,,1,8,"1,0,0,0",,,,,,1.237060546875,0.736328125,0.910888671875,1.08447265625,2.2041015625,0.91650390625
186,readout,,1,9,"1,0,0,0",,,,,,0.0,0.166015625,0.0,1.08447265625,2.2041015625,0.91650390625
186,readout,,1,10,"1,0,0,0",,,,,,1.0,-0.16796875,-0.16796875,0.91650390625,2.2041015625,0.91650390625
187,neuron,0,,,"1,0,0,0",-1.44287109375,-0.21142578125,0.0,-1.654296875,0,,,,,,
187,neuron,1,,,"1,0,0,0",0.240234375,0.04296875,0.0,0.283203125,0,,,,,,
187,neuron,2,,,"1,0,0,0",-3.4990234375,-0.554931640625,0.0,-3.9990234375,0,,,,,,
187,neuron,3,,,"1,0,0,0",-0.7265625,-0.090576171875,0.0,-0.817138671875,0,,,,,,
187,neuron,4,,,"1,0,0,0",0.816162109375,0.15283203125,0.0,0.968994140625,0,,,,,,
187,neuron,5,,,"1,0,0,0",0.701416015625,0.571533203125,0.0,0.27294921875,1,,,,,,
187,neuron,6,,,"1,0,0,0",-3.0361328125,-0.427001953125,0.0,-3.463134765625,0,,,,,,
187,neuron,7,,,"1,0,0,0",-2.6474609375,-0.383056640625,0.0,-3.030517578125,0,,,,,,
187,readout,,0,0,"1,0,0,0",,,,,,-1.654296875,-0.245849609375,0.40673828125,0.40673828125,2.18408203125,0.8466796875
187,readout,,0,1,"1,0,0,0",,,,,,0.283203125,0.25048828125,0.071044921875,0.477783203125,2.18408203125,0.8466796875
187,readout,,0,2,"1,0,0,0",,,,,,-3.9990234375,-0.015380859375,0.0615234375,0.539306640625,2.18408203125,0.8466796875
187,readout,,0,3,"1,0,0,0",,,,,,-0.817138671875,-0.057373046875,0.046875,0.586181640625,2.18408203125,0.8466796875
187,readout,,0,4,"1,0,0,0",,,,,,0.968994140625,0.0048828125,0.004638671875,0.5908203125,2.18408203125,0.8466796875
187,readout,,0,5,"1,0,0,0",,,,,,0.27294921875,0.10595703125,0.02880859375,0.61962890625,2.18408203125,0.8466796875
187,readout,,0,6,"1,0,0,0",,,,,,-3.463134765625,-0.00244140625,0.008544921875,0.628173828125,2.18408203125,0.8466796875
187,readout,,0,7,"1,0,0,0",,,,,,-3.030517578125,0.31591796875,-0.957275390625,-0.3291015625,2.18408203125,0.8466796875
187,readout,,0,8,"1,0,0,0",,,,,,1.271728515625,1.9990234375,2.542236328125,2.213134765625,2.18408203125,0.8466796875
187,readout,,0,9,"1,0,0,0",,,,,,0.017333984375,-1.9990234375,-0.03466796875,2.178466796875,2.18408203125,0.8466796875
187,readout,,0,10,"1,0,0,0",,,,,,1.0,0.005615234375,0.005615234375,2.18408203125,2.18408203125,0.8466796875
187,readout,,1,0,"1,0,0,0",,,,,,-1.654296875,0.021240234375,-0.03515625,-0.03515625,2.18408203125,0.8466796875
187,readout,,1,1,"1,0,0,0",,,,,,0.283203125,-0.540771484375,-0.153076171875,-0.188232421875,2.18408203125,0.8466796875
187,readout,,1,2,"1,0,0,0",,,,,,-3.9990234375,0.103271484375,-0.4130859375,-0.601318359375,2.18408203125,0.8466796875
187,readout,,1,3,"1,0,0,0",,,,,,-0.817138671875,0.0478515625,-0.0390625,-0.640380859375,2.18408203125,0.8466796875
187,readout,,1,4,"1,0,0,0",,,,,,0.968994140625,-0.000244140625,-0.000244140625,-0.640625,2.18408203125,0.8466796875
187,readout,,1,5,"1,0,0,0",,,,,,0.27294921875,0.17724609375,0.04833984375,-0.59228515625,2.18408203125,0.8466796875
187,readout,,1,6,"1,0,0,0",,,,,,-3.463134765625,-0.113525390625,0.39306640625,-0.19921875,2.18408203125,0.8466796875
187,readout,,1,7,"1,0,0,0",,,,,,-3.030517578125,-0.090576171875,0.2744140625,0.0751953125,2.18408203125,0.8466796875
187,readout,,1,8,"1,0,0,0",,,,,,1.271728515625,0.736328125,0.9365234375,1.01171875,2.18408203125,0.8466796875
187,readout,,1,9,"1,0,0,0",,,,,,0.017333984375,0.166015625,0.0029296875,1.0146484375,2.18408203125,0.8466796875
187,readout,,1,10,"1,0,0,0",,,,,,1.0,-0.16796875,-0.16796875,0.8466796875,2.18408203125,0.8466796875
188,neuron,0,,,"1,0,0,0",-1.447509765625,-0.21142578125,0.0,-1.658935546875,0,,,,,,
188,neuron,1,,,"1,0,0,0",0.247802734375,0.04296875,0.0,0.290771484375,0,,,,,,
188,neuron,2,,,"1,0,0,0",-3.4990234375,-0.554931640625,-0.0078125,-3.9990234375,0,,,,,,
188,neuron,3,,,"1,0,0,0",-0.715087890625,-0.090576171875,0.0,-0.8056640625,0,,,,,,
188,neuron,4,,,"1,0,0,0",0.847900390625,0.15283203125,0.14111328125,0.141845703125,1,,,,,,
188,neuron,5,,,"1,0,0,0",0.23876953125,0.571533203125,0.0,0.810302734375,0,,,,,,
188,neuron,6,,,"1,0,0,0",-3.0302734375,-0.427001953125,0.0,-3.457275390625,0,,,,,,
188,neuron,7,,,"1,0,0,0",-2.651611328125,-0.383056640625,0.0,-3.03466796875,0,,,,,,
188,readout,,0,0,"1,0,0,0",,,,,,-1.658935546875,-0.245849609375,0.407958984375,0.407958984375,2.282470703125,0.943603515625
188,readout,,0,1,"1,0,0,0",,,,,,0.290771484375,0.25048828125,0.07275390625,0.480712890625,2.282470703125,0.943603515625
188,readout,,0,2,"1,0,0,0",,,,,,-3.9990234375,-0.015380859375,0.0615234375,0.542236328125,2.282470703125,0.943603515625
188,readout,,0,3,"1,0,0,0",,,,,,-0.8056640625,-0.057373046875,0.046142578125,0.58837890625,2.282470703125,0.943603515625
188,readout,,0,4,"1,0,0,0",,,,,,0.141845703125,0.0048828125,0.000732421875,0.589111328125,2.282470703125,0.943603515625
188,readout,,0,5,"1,0,0,0",,,,,,0.810302734375,0.10595703125,0.0859375,0.675048828125,2.282470703125,0.943603515625
188,readout,,0,6,"1,0,0,0",,,,,,-3.457275390625,-0.00244140625,0.008544921875,0.68359375,2.282470703125,0.943603515625
188,readout,,0,7,"1,0,0,0",,,,,,-3.03466796875,0.31591796875,-0.958740234375,-0.275146484375,2.282470703125,0.943603515625
188,readout,,0,8,"1,0,0,0",,,,,,1.28173828125,1.9990234375,2.562255859375,2.287109375,2.282470703125,0.943603515625
188,readout,,0,9,"1,0,0,0",,,,,,0.005126953125,-1.9990234375,-0.01025390625,2.27685546875,2.282470703125,0.943603515625
188,readout,,0,10,"1,0,0,0",,,,,,1.0,0.005615234375,0.005615234375,2.282470703125,2.282470703125,0.943603515625
188,readout,,1,0,"1,0,0,0",,,,,,-1.658935546875,0.021240234375,-0.03515625,-0.03515625,2.282470703125,0.943603515625
188,readout,,1,1,"1,0,0,0",,,,,,0.290771484375,-0.540771484375,-0.1572265625,-0.1923828125,2.282470703125,0.943603515625
188,readout,,1,2,"1,0,0,0",,,,,,-3.9990234375,0.103271484375,-0.4130859375,-0.60546875,2.282470703125,0.943603515625
188,readout,,1,3,"1,0,0,0",,,,,,-0.8056640625,0.0478515625,-0.03857421875,-0.64404296875,2.282470703125,0.943603515625
188,readout,,1,4,"1,0,0,0",,,,,,0.141845703125,-0.000244140625,0.0,-0.64404296875,2.282470703125,0.943603515625
188,readout,,1,5,"1,0,0,0",,,,,,0.810302734375,0.17724609375,0.1435546875,-0.50048828125,2.282470703125,0.943603515625
188,readout,,1,6,"1,0,0,0",,,,,,-3.457275390625,-0.113525390625,0.392578125,-0.10791015625,2.282470703125,0.943603515625
188,readout,,1,7,"1,0,0,0",,,,,,-3.03466796875,-0.090576171875,0.27490234375,0.1669921875,2.282470703125,0.943603515625
188,readout,,1,8,"1,0,0,0",,,,,,1.28173828125,0.736328125,0.94384765625,1.11083984375,2.282470703125,0.943603515625
188,readout,,1,9,"1,0,0,0",,,,,,0.005126953125,0.166015625,0.000732421875,1.111572265625,2.282470703125,0.943603515625
188,readout,,1,10,"1,0,0,0",,,,,,1.0,-0.16796875,-0.16796875,0.943603515625,2.282470703125,0.943603515625
189,neuron,0,,,"1,0,0,0",-1.45166015625,-0.21142578125,0.0,-1.6630859375,0,,,,,,
189,neuron,1,,,"1,0,0,0",0.25439453125,0.04296875,0.052001953125,0.349365234375,0,,,,,,
189,neuron,2,,,"1,0,0,0",-3.4990234375,-0.554931640625,0.0,-3.9990234375,0,,,,,,
189,neuron,3,,,"1,0,0,0",-0.705078125,-0.090576171875,0.0,-0.795654296875,0,,,,,,
189,neuron,4,,,"1,0,0,0",0.1240234375,0.15283203125,0.0,0.27685546875,0,,,,,,
189,neuron,5,,,"1,0,0,0",0.708984375,0.571533203125,-0.02685546875,0.253662109375,1,,,,,,
189,neuron,6,,,"1,0,0,0",-3.025146484375,-0.427001953125,0.0,-3.4521484375,0,,,,,,
189,neuron,7,,,"1,0,0,0",-2.6552734375,-0.383056640625,0.0,-3.038330078125,0,,,,,,
189,readout,,0,0,"1,0,0,0",,,,,,-1.6630859375,-0.245849609375,0.408935546875,0.408935546875,2.189697265625,0.76416015625
189,readout,,0,1,"1,0,0,0",,,,,,0.349365234375,0.25048828125,0.08740234375,0.496337890625,2.189697265625,0.76416015625
189,readout,,0,2,"1,0,0,0",,,,,,-3.9990234375,-0.015380859375,0.0615234375,0.557861328125,2.189697265625,0.76416015625
189,readout,,0,3,"1,0,0,0",,,,,,-0.795654296875,-0.057373046875,0.045654296875,0.603515625,2.189697265625,0.76416015625
189,readout,,0,4,"1,0,0,0",,,,,,0.27685546875,0.0048828125,0.00146484375,0.60498046875,2.189697265625,0.76416015625
189,readout,,0,5,"1,0,0,0",,,,,,0.253662109375,0.10595703125,0.02685546875,0.6318359375,2.189697265625,0.76416015625
189,readout,,0,6,"1,0,0,0",,,,,,-3.4521484375,-0.00244140625,0.008544921875,0.640380859375,2.189697265625,0.76416015625
189,readout,,0,7,"1,0,0,0",,,,,,-3.038330078125,0.31591796875,-0.9599609375,-0.319580078125,2.189697265625,0.76416015625
189,readout,,0,8,"1,0,0,0",,,,,,1.22314453125,1.9990234375,2.445068359375,2.12548828125,2.189697265625,0.76416015625
189,readout,,0,9,"1,0,0,0",,,,,,-0.029296875,-1.9990234375,0.05859375,2.18408203125,2.189697265625,0.76416015625
189,readout,,0,10,"1,0,0,0",,,,,,1.0,0.005615234375,0.005615234375,2.189697265625,2.189697265625,0.76416015625
189,readout,,1,0,"1,0,0,0",,,,,,-1.6630859375,0.021240234375,-0.035400390625,-0.035400390625,2.189697265625,0.76416015625
189,readout,,1,1,"1,0,0,0",,,,,,0.349365234375,-0.540771484375,-0.18896484375,-0.224365234375,2.189697265625,0.76416015625
189,readout,,1,2,"1,0,0,0",,,,,,-3.9990234375,0.103271484375,-0.4130859375,-0.637451171875,2.189697265625,0.76416015625
189,readout,,1,3,"1,0,0,0",,,,,,-0.795654296875,0.0478515625,-0.0380859375,-0.675537109375,2.189697265625,0.76416015625
189,readout,,1,4,"1,0,0,0",,,,,,0.27685546875,-0.000244140625,0.0,-0.675537109375,2.189697265625,0.76416015625
189,readout,,1,5,"1,0,0,0",,,,,,0.253662109375,0.17724609375,0.044921875,-0.630615234375,2.189697265625,0.76416015625
189,readout,,1,6,"1,0,0,0",,,,,,-3.4521484375,-0.113525390625,0.391845703125,-0.23876953125,2.189697265625,0.76416015625
189,readout,,1,7,"1,0,0,0",,,,,,-3.038330078125,-0.090576171875,0.275146484375,0.036376953125,2.189697265625,0.76416015625
189,readout,,1,8,"1,0,0,0",,,,,,1.22314453125,0.736328125,0.900634765625,0.93701171875,2.189697265625,0.76416015625
189,readout,,1,9,"1,0,0,0",,,,,,-0.029296875,0.166015625,-0.0048828125,0.93212890625,2.189697265625,0.76416015625
189,readout,,1,10,"1,0,0,0",,,,,,1.0,-0.16796875,-0.16796875,0.76416015625,2.189697265625,0.76416015625
190,neuron,0,,,"1,0,1,0",-1.455078125,-0.0302734375,0.0,-1.4853515625,0,,,,,,
190,neuron,1,,,"1,0,1,0",0.3056640625,-0.487548828125,0.0,-0.181884765625,0,,,,,,
190,neuron,2,,,"1,0,1,0",-3.4990234375,-1.071044921875,-0.0078125,-3.9990234375,0,,,,,,
190,neuron,3,,,"1,0,1,0",-0.6962890625,-0.5419921875,0.0,-1.23828125,0,,,,,,
190,neuron,4,,,"1,0,1,0",0.2421875,0.245361328125,0.14111328125,0.628662109375,0,,,,,,
190,neuron,5,,,"1,0,1,0",0.221923828125,1.001708984375,0.0,0.2236328125,1,,,,,,
190,neuron,6,,,"1,0,1,0",-3.0205078125,-0.65673828125,0.0,-3.67724609375,0,,,,,,
190,neuron,7,,,"1,0,1,0",-2.658447265625,-0.21630859375,0.0,-2.874755859375,0,,,,,,
190,readout,,0,0,"1,0,1,0",,,,,,-1.4853515625,-0.245849609375,0.365234375,0.365234375,2.121826171875,1.119140625
190,readout,,0,1,"1,0,1,0",,,,,,-0.181884765625,0.25048828125,-0.045654296875,0.319580078125,2.121826171875,1.119140625
190,readout,,0,2,"1,0,1,0",,,,,,-3.9990234375,-0.015380859375,0.0615234375,0.381103515625,2.121826171875,1.119140625
190,readout,,0,3,"1,0,1,0",,,,,,-1.23828125,-0.057373046875,0.071044921875,0.4521484375,2.121826171875,1.119140625
190,readout,,0,4,"1,0,1,0",,,,,,0.628662109375,0.0048828125,0.003173828125,0.455322265625,2.121826171875,1.119140625
190,readout,,0,5,"1,0,1,0",,,,,,0.2236328125,0.10595703125,0.023681640625,0.47900390625,2.121826171875,1.119140625
190,readout,,0,6,"1,0,1,0",,,,,,-3.67724609375,-0.00244140625,0.009033203125,0.488037109375,2.121826171875,1.119140625
190,readout,,0,7,"1,0,1,0",,,,,,-2.874755859375,0.31591796875,-0.908203125,-0.420166015625,2.121826171875,1.119140625
190,readout,,0,8,"1,0,1,0",,,,,,1.314453125,1.9990234375,2.627685546875,2.20751953125,2.121826171875,1.119140625
190,readout,,0,9,"1,0,1,0",,,,,,0.045654296875,-1.9990234375,-0.09130859375,2.1162109375,2.121826171875,1.119140625
190,readout,,0,10,"1,0,1,0",,,,,,1.0,0.005615234375,0.005615234375,2.121826171875,2.121826171875,1.119140625
190,readout,,1,0,"1,0,1,0",,,,,,-1.4853515625,0.021240234375,-0.031494140625,-0.031494140625,2.121826171875,1.119140625
190,readout,,1,1,"1,0,1,0",,,,,,-0.181884765625,-0.540771484375,0.098388671875,0.06689453125,2.121826171875,1.119140625
190,readout,,1,2,"1,0,1,0",,,,,,-3.9990234375,0.103271484375,-0.4130859375,-0.34619140625,2.121826171875,1.119140625
190,readout,,1,3,"1,0,1,0",,,,,,-1.23828125,0.0478515625,-0.059326171875,-0.405517578125,2.121826171875,1.119140625
190,readout,,1,4,"1,0,1,0",,,,,,0.628662109375,-0.000244140625,-0.000244140625,-0.40576171875,2.121826171875,1.119140625
190,readout,,1,5,"1,0,1,0",,,,,,0.2236328125,0.17724609375,0.03955078125,-0.3662109375,2.121826171875,1.119140625
190,readout,,1,6,"1,0,1,0",,,,,,-3.67724609375,-0.113525390625,0.41748046875,0.05126953125,2.121826171875,1.119140625
190,readout,,1,7,"1,0,1,0",,,,,,-2.874755859375,-0.090576171875,0.260498046875,0.311767578125,2.121826171875,1.119140625
190,readout,,1,8,"1,0,1,0",,,,,,1.314453125,0.736328125,0.9677734375,1.279541015625,2.121826171875,1.119140625
190,readout,,1,9,"1,0,1,0",,,,,,0.045654296875,0.166015625,0.007568359375,1.287109375,2.121826171875,1.119140625
190,readout,,1,10,"1,0,1,0",,,,,,1.0,-0.16796875,-0.16796875,1.119140625,2.121826171875,1.119140625
191,neuron,0,,,"1,0,0,0",-1.2998046875,-0.21142578125,0.0,-1.51123046875,0,,,,,,
191,neuron,1,,,"1,0,0,0",-0.1591796875,0.04296875,0.0,-0.1162109375,0,,,,,,
191,neuron,2,,,"1,0,0,0",-3.4990234375,-0.554931640625,-0.0078125,-3.9990234375,0,,,,,,
191,neuron,3,,,"1,0,0,0",-1.08349609375,-0.090576171875,0.0,-1.174072265625,0,,,,,,
191,neuron,4,,,"1,0,0,0",0.550048828125,0.15283203125,0.14111328125,0.843994140625,0,,,,,,
191,neuron,5,,,"1,0,0,0",0.19580078125,0.571533203125,0.0,0.767333984375,0,,,,,,
191,neuron,6,,,"1,0,0,0",-3.217529296875,-0.427001953125,0.0,-3.64453125,0,,,,,,
191,neuron,7,,,"1,0,0,0",-2.515380859375,-0.383056640625,0.0,-2.8984375,0,,,,,,
191,readout,,0,0,"1,0,0,0",,,,,,-1.51123046875,-0.245849609375,0.37158203125,0.37158203125,2.25048828125,1.146484375
191,readout,,0,1,"1,0,0,0",,,,,,-0.1162109375,0.25048828125,-0.029052734375,0.342529296875,2.25048828125,1.146484375
191,readout,,0,2,"1,0,0,0",,,,,,-3.9990234375,-0.015380859375,0.0615234375,0.404052734375,2.25048828125,1.146484375
191,readout,,0,3,"1,0,0,0",,,,,,-1.174072265625,-0.057373046875,0.0673828125,0.471435546875,2.25048828125,1.146484375
191,readout,,0,4,"1,0,0,0",,,,,,0.843994140625,0.0048828125,0.004150390625,0.4755859375,2.25048828125,1.146484375
191,readout,,0,5,"1,0,0,0",,,,,,0.767333984375,0.10595703125,0.081298828125,0.556884765625,2.25048828125,1.146484375
191,readout,,0,6,"1,0,0,0",,,,,,-3.64453125,-0.00244140625,0.0087890625,0.565673828125,2.25048828125,1.146484375
191,readout,,0,7,"1,0,0,0",,,,,,-2.8984375,0.31591796875,-0.915771484375,-0.35009765625,2.25048828125,1.146484375
191,readout,,0,8,"1,0,0,0",,,,,,1.281494140625,1.9990234375,2.561767578125,2.211669921875,2.25048828125,1.146484375
191,readout,,0,9,"1,0,0,0",,,,,,-0.0166015625,-1.9990234375,0.033203125,2.244873046875,2.25048828125,1.146484375
191,readout,,0,10,"1,0,0,0",,,,,,1.0,0.005615234375,0.005615234375,2.25048828125,2.25048828125,1.146484375
191,readout,,1,0,"1,0,0,0",,,,,,-1.51123046875,0.021240234375,-0.031982421875,-0.031982421875,2.25048828125,1.146484375
191,readout,,1,1,"1,0,0,0",,,,,,-0.1162109375,-0.540771484375,0.062744140625,0.03076171875,2.25048828125,1.146484375
191,readout,,1,2,"1,0,0,0",,,,,,-3.9990234375,0.103271484375,-0.4130859375,-0.38232421875,2.25048828125,1.146484375
191,readout,,1,3,"1,0,0,0",,,,,,-1.174072265625,0.0478515625,-0.05615234375,-0.4384765625,2.25048828125,1.146484375
191,readout,,1,4,"1,0,0,0",,,,,,0.843994140625,-0.000244140625,-0.000244140625,-0.438720703125,2.25048828125,1.146484375
191,readout,,1,5,"1,0,0,0",,,,,,0.767333984375,0.17724609375,0.135986328125,-0.302734375,2.25048828125,1.146484375
191,readout,,1,6,"1,0,0,0",,,,,,-3.64453125,-0.113525390625,0.413818359375,0.111083984375,2.25048828125,1.146484375
191,readout,,1,7,"1,0,0,0",,,,,,-2.8984375,-0.090576171875,0.262451171875,0.37353515625,2.25048828125,1.146484375
191,readout,,1,8,"1,0,0,0",,,,,,1.281494140625,0.736328125,0.943603515625,1.317138671875,2.25048828125,1.146484375
191,readout,,1,9,"1,0,0,0",,,,,,-0.0166015625,0.166015625,-0.002685546875,1.314453125,2.25048828125,1.146484375
191,readout,,1,10,"1,0,0,0",,,,,,1.0,-0.16796875,-0.16796875,1.146484375,2.25048828125,1.146484375
192,neuron,0,,,"1,0,0,0",-1.322265625,-0.21142578125,0.0,-1.53369140625,0,,,,,,
192,neuron,1,,,"1,0,0,0",-0.1015625,0.04296875,0.0,-0.05859375,0,,,,,,
192,neuron,2,,,"1,0,0,0",-3.4990234375,-0.554931640625,0.0,-3.9990234375,0,,,,,,
192,neuron,3,,,"1,0,0,0",-1.02734375,-0.090576171875,0.0,-1.117919921875,0,,,,,,
192,neuron,4,,,"1,0,0,0",0.738525390625,0.15283203125,0.0,0.891357421875,0,,,,,,
192,neuron,5,,,"1,0,0,0",0.67138671875,0.571533203125,0.0,0.242919921875,1,,,,,,
192,neuron,6,,,"1,0,0,0",-3.18896484375,-0.427001953125,0.0,-3.615966796875,0,,,,,,
192,neuron,7,,,"1,0,0,0",-2.5361328125,-0.383056640625,0.0,-2.919189453125,0,,,,,,
192,readout,,0,0,"1,0,0,0",,,,,,-1.53369140625,-0.245849609375,0.376953125,0.376953125,2.180419921875,1.032470703125
192,readout,,0,1,"1,0,0,0",,,,,,-0.05859375,0.25048828125,-0.0146484375,0.3623046875,2.180419921875,1.032470703125
192,readout,,0,2,"1,0,0,0",,,,,,-3.9990234375,-0.015380859375,0.0615234375,0.423828125,2.180419921875,1.032470703125
192,readout,,0,3,"1,0,0,0",,,,,,-1.117919921875,-0.057373046875,0.064208984375,0.488037109375,2.180419921875,1.032470703125
192,readout,,0,4,"1,0,0,0",,,,,,0.891357421875,0.0048828125,0.00439453125,0.492431640625,2.180419921875,1.032470703125
192,readout,,0,5,"1,0,0,0",,,,,,0.242919921875,0.10595703125,0.025634765625,0.51806640625,2.180419921875,1.032470703125
192,readout,,0,6,"1,0,0,0",,,,,,-3.615966796875,-0.00244140625,0.0087890625,0.52685546875,2.180419921875,1.032470703125
192,readout,,0,7,"1,0,0,0",,,,,,-2.919189453125,0.31591796875,-0.922119140625,-0.395263671875,2.180419921875,1.032470703125
192,readout,,0,8,"1,0,0,0",,,,,,1.28955078125,1.9990234375,2.577880859375,2.1826171875,2.180419921875,1.032470703125
192,readout,,0,9,"1,0,0,0",,,,,,0.00390625,-1.9990234375,-0.0078125,2.1748046875,2.180419921875,1.032470703125
192,readout,,0,10,"1,0,0,0",,,,,,1.0,0.005615234375,0.005615234375,2.180419921875,2.180419921875,1.032470703125
192,readout,,1,0,"1,0,0,0",,,,,,-1.53369140625,0.021240234375,-0.032470703125,-0.032470703125,2.180419921875,1.032470703125
192,readout,,1,1,"1,0,0,0",,,,,,-0.05859375,-0.540771484375,0.03173828125,-0.000732421875,2.180419921875,1.032470703125
192,readout,,1,2,"1,0,0,0",,,,,,-3.9990234375,0.103271484375,-0.4130859375,-0.413818359375,2.180419921875,1.032470703125
192,readout,,1,3,"1,0,0,0",,,,,,-1.117919921875,0.0478515625,-0.053466796875,-0.46728515625,2.180419921875,1.032470703125
192,readout,,1,4,"1,0,0,0",,,,,,0.891357421875,-0.000244140625,-0.000244140625,-0.467529296875,2.180419921875,1.032470703125
192,readout,,1,5,"1,0,0,0",,,,,,0.242919921875,0.17724609375,0.04296875,-0.424560546875,2.180419921875,1.032470703125
192,readout,,1,6,"1,0,0,0",,,,,,-3.615966796875,-0.113525390625,0.410400390625,-0.01416015625,2.180419921875,1.032470703125
192,readout,,1,7,"1,0,0,0",,,,,,-2.919189453125,-0.090576171875,0.264404296875,0.250244140625,2.180419921875,1.032470703125
192,readout,,1,8,"1,0,0,0",,,,,,1.28955078125,0.736328125,0.949462890625,1.19970703125,2.180419921875,1.032470703125
192,readout,,1,9,"1,0,0,0",,,,,,0.00390625,0.166015625,0.000732421875,1.200439453125,2.180419921875,1.032470703125
192,readout,,1,10,"1,0,0,0",,,,,,1.0,-0.16796875,-0.16796875,1.032470703125,2.180419921875,1.032470703125
193,neuron,0,,,"1,0,0,0",-1.342041015625,-0.21142578125,0.0,-1.553466796875,0,,,,,,
193,neuron,1,,,"1,0,0,0",-0.05126953125,0.04296875,0.0,-0.00830078125,0,,,,,,
193,neuron,2,,,"1,0,0,0",-3.4990234375,-0.554931640625,-0.0078125,-3.9990234375,0,,,,,,
193,neuron,3,,,"1,0,0,0",-0.978271484375,-0.090576171875,0.0,-1.06884765625,0,,,,,,
193,neuron,4,,,"1,0,0,0",0.780029296875,0.15283203125,0.14111328125,0.073974609375,1,,,,,,
193,neuron,5,,,"1,0,0,0",0.212646484375,0.571533203125,0.0,0.7841796875,0,,,,,,
193,neuron,6,,,"1,0,0,0",-3.1640625,-0.427001953125,0.0,-3.591064453125,0,,,,,,
193,neuron,7,,,"1,0,0,0",-2.55419921875,-0.383056640625,0.0,-2.937255859375,0,,,,,,
193,readout,,0,0,"1,0,0,0",,,,,,-1.553466796875,-0.245849609375,0.3818359375,0.3818359375,2.22119140625,1.078125
193,readout,,0,1,"1,0,0,0",,,,,,-0.00830078125,0.25048828125,-0.002197265625,0.379638671875,2.22119140625,1.078125
193,readout,,0,2,"1,0,0,0",,,,,,-3.9990234375,-0.015380859375,0.0615234375,0.441162109375,2.22119140625,1.078125
193,readout,,0,3,"1,0,0,0",,,,,,-1.06884765625,-0.057373046875,0.061279296875,0.50244140625,2.22119140625,1.078125
193,readout,,0,4,"1,0,0,0",,,,,,0.073974609375,0.0048828125,0.000244140625,0.502685546875,2.22119140625,1.078125
193,readout,,0,5,"1,0,0,0",,,,,,0.7841796875,0.10595703125,0.0830078125,0.585693359375,2.22119140625,1.078125
193,readout,,0,6,"1,0,0,0",,,,,,-3.591064453125,-0.00244140625,0.0087890625,0.594482421875,2.22119140625,1.078125
193,readout,,0,7,"1,0,0,0",,,,,,-2.937255859375,0.31591796875,-0.927978515625,-0.33349609375,2.22119140625,1.078125
193,readout,,0,8,"1,0,0,0",,,,,,1.260986328125,1.9990234375,2.520751953125,2.187255859375,2.22119140625,1.078125
193,readout,,0,9,"1,0,0,0",,,,,,-0.01416015625,-1.9990234375,0.0283203125,2.215576171875,2.22119140625,1.078125
193,readout,,0,10,"1,0,0,0",,,,,,1.0,0.005615234375,0.005615234375,2.22119140625,2.22119140625,1.078125
193,readout,,1,0,"1,0,0,0",,,,,,-1.553466796875,0.021240234375,-0.032958984375,-0.032958984375,2.22119140625,1.078125
193,readout,,1,1,"1,0,0,0",,,,,,-0.00830078125,-0.540771484375,0.00439453125,-0.028564453125,2.22119140625,1.078125
193,readout,,1,2,"1,0,0,0",,,,,,-3.9990234375,0.103271484375,-0.4130859375,-0.441650390625,2.22119140625,1.078125
193,readout,,1,3,"1,0,0,0",,,,,,-1.06884765625,0.0478515625,-0.051025390625,-0.49267578125,2.22119140625,1.078125
193,readout,,1,4,"1,0,0,0",,,,,,0.073974609375,-0.000244140625,0.0,-0.49267578125,2.22119140625,1.078125
193,readout,,1,5,"1,0,0,0",,,,,,0.7841796875,0.17724609375,0.138916015625,-0.353759765625,2.22119140625,1.078125
193,readout,,1,6,"1,0,0,0",,,,,,-3.591064453125,-0.113525390625,0.40771484375,0.053955078125,2.22119140625,1.078125
193,readout,,1,7,"1,0,0,0",,,,,,-2.937255859375,-0.090576171875,0.26611328125,0.320068359375,2.22119140625,1.078125
193,readout,,1,8,"1,0,0,0",,,,,,1.260986328125,0.736328125,0.928466796875,1.24853515625,2.22119140625,1.078125
193,readout,,1,9,"1,0,0,0",,,,,,-0.01416015625,0.166015625,-0.00244140625,1.24609375,2.22119140625,1.078125
193,readout,,1,10,"1,0,0,0",,,,,,1.0,-0.16796875,-0.16796875,1.078125,2.22119140625,1.078125
194,neuron,0,,,"1,0,0,0",-1.359375,-0.21142578125,0.0,-1.57080078125,0,,,,,,
194,neuron,1,,,"1,0,0,0",-0.00732421875,0.04296875,0.052001953125,0.087646484375,0,,,,,,
194,neuron,2,,,"1,0,0,0",-3.4990234375,-0.554931640625,0.0,-3.9990234375,0,,,,,,
194,neuron,3,,,"1,0,0,0",-0.935302734375,-0.090576171875,0.0,-1.02587890625,0,,,,,,
194,neuron,4,,,"1,0,0,0",0.064697265625,0.15283203125,0.0,0.217529296875,0,,,,,,
194,neuron,5,,,"1,0,0,0",0.68603515625,0.571533203125,-0.02685546875,0.230712890625,1,,,,,,
194,neuron,6,,,"1,0,0,0",-3.14208984375,-0.427001953125,0.0,-3.569091796875,0,,,,,,
194,neuron,7,,,"1,0,0,0",-2.570068359375,-0.383056640625,0.0,-2.953125,0,,,,,,
194,readout,,0,0,"1,0,0,0",,,,,,-1.57080078125,-0.245849609375,0.38623046875,0.38623046875,2.1943359375,0.96240234375
194,readout,,0,1,"1,0,0,0",,,,,,0.087646484375,0.25048828125,0.02197265625,0.408203125,2.1943359375,0.96240234375
194,readout,,0,2,"1,0,0,0",,,,,,-3.9990234375,-0.015380859375,0.0615234375,0.4697265625,2.1943359375,0.96240234375
194,readout,,0,3,"1,0,0,0",,,,,,-1.02587890625,-0.057373046875,0.058837890625,0.528564453125,2.1943359375,0.96240234375
194,readout,,0,4,"1,0,0,0",,,,,,0.217529296875,0.0048828125,0.0009765625,0.529541015625,2.1943359375,0.96240234375
194,readout,,0,5,"1,0,0,0",,,,,,0.230712890625,0.10595703125,0.0244140625,0.553955078125,2.1943359375,0.96240234375
194,readout,,0,6,"1,0,0,0",,,,,,-3.569091796875,-0.00244140625,0.0087890625,0.562744140625,2.1943359375,0.96240234375
194,readout,,0,7,"1,0,0,0",,,,,,-2.953125,0.31591796875,-0.932861328125,-0.3701171875,2.1943359375,0.96240234375
194,readout,,0,8,"1,0,0,0",,,,,,1.299072265625,1.9990234375,2.596923828125,2.226806640625,2.1943359375,0.96240234375
194,readout,,0,9,"1,0,0,0",,,,,,0.01904296875,-1.9990234375,-0.0380859375,2.188720703125,2.1943359375,0.96240234375
194,readout,,0,10,"1,0,0,0",,,,,,1.0,0.005615234375,0.005615234375,2.1943359375,2.1943359375,0.96240234375
194,readout,,1,0,"1,0,0,0",,,,,,-1.57080078125,0.021240234375,-0.033447265625,-0.033447265625,2.1943359375,0.96240234375
194,readout,,1,1,"1,0,0,0",,,,,,0.087646484375,-0.540771484375,-0.04736328125,-0.080810546875,2.1943359375,0.96240234375
194,readout,,1,2,"1,0,0,0",,,,,,-3.9990234375,0.103271484375,-0.4130859375,-0.493896484375,2.1943359375,0.96240234375
194,readout,,1,3,"1,0,0,0",,,,,,-1.02587890625,0.0478515625,-0.049072265625,-0.54296875,2.1943359375,0.96240234375
194,readout,,1,4,"1,0,0,0",,,,,,0.217529296875,-0.000244140625,0.0,-0.54296875,2.1943359375,0.96240234375
194,readout,,1,5,"1,0,0,0",,,,,,0.230712890625,0.17724609375,0.040771484375,-0.502197265625,2.1943359375,0.96240234375
194,readout,,1,6,"1,0,0,0",,,,,,-3.569091796875,-0.113525390625,0.4052734375,-0.096923828125,2.1943359375,0.96240234375
194,readout,,1,7,"1,0,0,0",,,,,,-2.953125,-0.090576171875,0.267578125,0.170654296875,2.1943359375,0.96240234375
194,readout,,1,8,"1,0,0,0",,,,,,1.299072265625,0.736328125,0.95654296875,1.127197265625,2.1943359375,0.96240234375
194,readout,,1,9,"1,0,0,0",,,,,,0.01904296875,0.166015625,0.003173828125,1.13037109375,2.1943359375,0.96240234375
194,readout,,1,10,"1,0,0,0",,,,,,1.0,-0.16796875,-0.16796875,0.96240234375,2.1943359375,0.96240234375
195,neuron,0,,,"1,0,0,0",-1.37451171875,-0.21142578125,0.0,-1.5859375,0,,,,,,
195,neuron,1,,,"1,0,0,0",0.07666015625,0.04296875,0.0,0.11962890625,0,,,,,,
195,neuron,2,,,"1,0,0,0",-3.4990234375,-0.554931640625,-0.0078125,-3.9990234375,0,,,,,,
195,neuron,3,,,"1,0,0,0",-0.897705078125,-0.090576171875,0.0,-0.98828125,0,,,,,,
195,neuron,4,,,"1,0,0,0",0.1904296875,0.15283203125,0.14111328125,0.484375,0,,,,,,
195,neuron,5,,,"1,0,0,0",0.201904296875,0.571533203125,0.0,0.7734375,0,,,,,,
195,neuron,6,,,"1,0,0,0",-3.123046875,-0.427001953125,0.0,-3.550048828125,0,,,,,,
195,neuron,7,,,"1,0,0,0",-2.583984375,-0.383056640625,0.0,-2.967041015625,0,,,,,,
195,readout,,0,0,"1,0,0,0",,,,,,-1.5859375,-0.245849609375,0.389892578125,0.389892578125,2.227783203125,0.982666015625
195,readout,,0,1,"1,0,0,0",,,,,,0.11962890625,0.25048828125,0.030029296875,0.419921875,2.227783203125,0.982666015625
195,readout,,0,2,"1,0,0,0",,,,,,-3.9990234375,-0.015380859375,0.0615234375,0.4814453125,2.227783203125,0.982666015625
195,readout,,0,3,"1,0,0,0",,,,,,-0.98828125,-0.057373046875,0.056640625,0.5380859375,2.227783203125,0.982666015625
195,readout,,0,4,"1,0,0,0",,,,,,0.484375,0.0048828125,0.00244140625,0.54052734375,2.227783203125,0.982666015625
195,readout,,0,5,"1,0,0,0",,,,,,0.7734375,0.10595703125,0.08203125,0.62255859375,2.227783203125,0.982666015625
195,readout,,0,6,"1,0,0,0",,,,,,-3.550048828125,-0.00244140625,0.0087890625,0.63134765625,2.227783203125,0.982666015625
195,readout,,0,7,"1,0,0,0",,,,,,-2.967041015625,0.31591796875,-0.937255859375,-0.305908203125,2.227783203125,0.982666015625
195,readout,,0,8,"1,0,0,0",,,,,,1.23046875,1.9990234375,2.459716796875,2.15380859375,2.227783203125,0.982666015625
195,readout,,0,9,"1,0,0,0",,,,,,-0.0341796875,-1.9990234375,0.068359375,2.22216796875,2.227783203125,0.982666015625
195,readout,,0,10,"1,0,0,0",,,,,,1.0,0.005615234375,0.005615234375,2.227783203125,2.227783203125,0.982666015625
195,readout,,1,0,"1,0,0,0",,,,,,-1.5859375,0.021240234375,-0.03369140625,-0.03369140625,2.227783203125,0.982666015625
195,readout,,1,1,"1,0,0,0",,,,,,0.11962890625,-0.540771484375,-0.064697265625,-0.098388671875,2.227783203125,0.982666015625
195,readout,,1,2,"1,0,0,0",,,,,,-3.9990234375,0.103271484375,-0.4130859375,-0.511474609375,2.227783203125,0.982666015625
195,readout,,1,3,"1,0,0,0",,,,,,-0.98828125,0.0478515625,-0.04736328125,-0.558837890625,2.227783203125,0.982666015625
195,readout,,1,4,"1,0,0,0",,,,,,0.484375,-0.000244140625,0.0,-0.558837890625,2.227783203125,0.982666015625
195,readout,,1,5,"1,0,0,0",,,,,,0.7734375,0.17724609375,0.13720703125,-0.421630859375,2.227783203125,0.982666015625
195,readout,,1,6,"1,0,0,0",,,,,,-3.550048828125,-0.113525390625,0.403076171875,-0.0185546875,2.227783203125,0.982666015625
195,readout,,1,7,"1,0,0,0",,,,,,-2.967041015625,-0.090576171875,0.268798828125,0.250244140625,2.227783203125,0.982666015625
195,readout,,1,8,"1,0,0,0",,,,,,1.23046875,0.736328125,0.906005859375,1.15625,2.227783203125,0.982666015625
195,readout,,1,9,"1,0,0,0",,,,,,-0.0341796875,0.166015625,-0.005615234375,1.150634765625,2.227783203125,0.982666015625
195,readout,,1,10,"1,0,0,0",,,,,,1.0,-0.16796875,-0.16796875,0.982666015625,2.227783203125,0.982666015625
196,neuron,0,,,"1,0,0,0",-1.3876953125,-0.21142578125,0.0,-1.59912109375,0,,,,,,
196,neuron,1,,,"1,0,0,0",0.104736328125,0.04296875,0.0,0.147705078125,0,,,,,,
196,neuron,2,,,"1,0,0,0",-3.4990234375,-0.554931640625,0.0,-3.9990234375,0,,,,,,
196,neuron,3,,,"1,0,0,0",-0.86474609375,-0.090576171875,0.0,-0.955322265625,0,,,,,,
196,neuron,4,,,"1,0,0,0",0.423828125,0.15283203125,0.0,0.57666015625,0,,,,,,
196,neuron,5,,,"1,0,0,0",0.6767578125,0.571533203125,0.0,0.248291015625,1,,,,,,
196,neuron,6,,,"1,0,0,0",-3.106201171875,-0.427001953125,0.0,-3.533203125,0,,,,,,
196,neuron,7,,,"1,0,0,0",-2.59619140625,-0.383056640625,0.0,-2.979248046875,0,,,,,,
196,readout,,0,0,"1,0,0,0",,,,,,-1.59912109375,-0.245849609375,0.39306640625,0.39306640625,2.148193359375,0.912353515625
196,readout,,0,1,"1,0,0,0",,,,,,0.147705078125,0.25048828125,0.037109375,0.43017578125,2.148193359375,0.912353515625
196,readout,,0,2,"1,0,0,0",,,,,,-3.9990234375,-0.015380859375,0.0615234375,0.49169921875,2.148193359375,0.912353515625
196,readout,,0,3,"1,0,0,0",,,,,,-0.955322265625,-0.057373046875,0.054931640625,0.546630859375,2.148193359375,0.912353515625
196,readout,,0,4,"1,0,0,0",,,,,,0.57666015625,0.0048828125,0.0029296875,0.549560546875,2.148193359375,0.912353515625
196,readout,,0,5,"1,0,0,0",,,,,,0.248291015625,0.10595703125,0.0263671875,0.575927734375,2.148193359375,0.912353515625
196,readout,,0,6,"1,0,0,0",,,,,,-3.533203125,-0.00244140625,0.008544921875,0.58447265625,2.148193359375,0.912353515625
196,readout,,0,7,"1,0,0,0",,,,,,-2.979248046875,0.31591796875,-0.941162109375,-0.356689453125,2.148193359375,0.912353515625
196,readout,,0,8,"1,0,0,0",,,,,,1.27001953125,1.9990234375,2.538818359375,2.18212890625,2.148193359375,0.912353515625
196,readout,,0,9,"1,0,0,0",,,,,,0.019775390625,-1.9990234375,-0.03955078125,2.142578125,2.148193359375,0.912353515625
196,readout,,0,10,"1,0,0,0",,,,,,1.0,0.005615234375,0.005615234375,2.148193359375,2.148193359375,0.912353515625
196,readout,,1,0,"1,0,0,0",,,,,,-1.59912109375,0.021240234375,-0.033935546875,-0.033935546875,2.148193359375,0.912353515625
196,readout,,1,1,"1,0,0,0",,,,,,0.147705078125,-0.540771484375,-0.079833984375,-0.11376953125,2.148193359375,0.912353515625
196,readout,,1,2,"1,0,0,0",,,,,,-3.9990234375,0.103271484375,-0.4130859375,-0.52685546875,2.148193359375,0.912353515625
196,readout,,1,3,"1,0,0,0",,,,,,-0.955322265625,0.0478515625,-0.045654296875,-0.572509765625,2.148193359375,0.912353515625
196,readout,,1,4,"1,0,0,0",,,,,,0.57666015625,-0.000244140625,-0.000244140625,-0.57275390625,2.148193359375,0.912353515625
196,readout,,1,5,"1,0,0,0",,,,,,0.248291015625,0.17724609375,0.0439453125,-0.52880859375,2.148193359375,0.912353515625
196,readout,,1,6,"1,0,0,0",,,,,,-3.533203125,-0.113525390625,0.401123046875,-0.127685546875,2.148193359375,0.912353515625
196,readout,,1,7,"1,0,0,0",,,,,,-2.979248046875,-0.090576171875,0.269775390625,0.14208984375,2.148193359375,0.912353515625
196,readout,,1,8,"1,0,0,0",,,,,,1.27001953125,0.736328125,0.93505859375,1.0771484375,2.148193359375,0.912353515625
196,readout,,1,9,"1,0,0,0",,,,,,0.019775390625,0.166015625,0.003173828125,1.080322265625,2.148193359375,0.912353515625
196,readout,,1,10,"1,0,0,0",,,,,,1.0,-0.16796875,-0.16796875,0.912353515625,2.148193359375,0.912353515625
197,neuron,0,,,"1,0,0,0",-1.399169921875,-0.21142578125,0.0,-1.610595703125,0,,,,,,
197,neuron,1,,,"1,0,0,0",0.129150390625,0.04296875,0.0,0.172119140625,0,,,,,,
197,neuron,2,,,"1,0,0,0",-3.4990234375,-0.554931640625,-0.0078125,-3.9990234375,0,,,,,,
197,neuron,3,,,"1,0,0,0",-0.8359375,-0.090576171875,0.0,-0.926513671875,0,,,,,,
197,neuron,4,,,"1,0,0,0",0.504638671875,0.15283203125,0.14111328125,0.798583984375,0,,,,,,
197,neuron,5,,,"1,0,0,0",0.21728515625,0.571533203125,0.0,0.788818359375,0,,,,,,
197,neuron,6,,,"1,0,0,0",-3.091552734375,-0.427001953125,0.0,-3.5185546875,0,,,,,,
197,neuron,7,,,"1,0,0,0",-2.60693359375,-0.383056640625,0.0,-2.989990234375,0,,,,,,
197,readout,,0,0,"1,0,0,0",,,,,,-1.610595703125,-0.245849609375,0.39599609375,0.39599609375,2.232177734375,0.977783203125
197,readout,,0,1,"1,0,0,0",,,,,,0.172119140625,0.25048828125,0.043212890625,0.439208984375,2.232177734375,0.977783203125
197,readout,,0,2,"1,0,0,0",,,,,,-3.9990234375,-0.015380859375,0.0615234375,0.500732421875,2.232177734375,0.977783203125
197,readout,,0,3,"1,0,0,0",,,,,,-0.926513671875,-0.057373046875,0.05322265625,0.553955078125,2.232177734375,0.977783203125
197,readout,,0,4,"1,0,0,0",,,,,,0.798583984375,0.0048828125,0.00390625,0.557861328125,2.232177734375,0.977783203125
197,readout,,0,5,"1,0,0,0",,,,,,0.788818359375,0.10595703125,0.08349609375,0.641357421875,2.232177734375,0.977783203125
197,readout,,0,6,"1,0,0,0",,,,,,-3.5185546875,-0.00244140625,0.008544921875,0.64990234375,2.232177734375,0.977783203125
197,readout,,0,7,"1,0,0,0",,,,,,-2.989990234375,0.31591796875,-0.944580078125,-0.294677734375,2.232177734375,0.977783203125
197,readout,,0,8,"1,0,0,0",,,,,,1.25244140625,1.9990234375,2.503662109375,2.208984375,2.232177734375,0.977783203125
197,readout,,0,9,"1,0,0,0",,,,,,-0.0087890625,-1.9990234375,0.017578125,2.2265625,2.232177734375,0.977783203125
197,readout,,0,10,"1,0,0,0",,,,,,1.0,0.005615234375,0.005615234375,2.232177734375,2.232177734375,0.977783203125
197,readout,,1,0,"1,0,0,0",,,,,,-1.610595703125,0.021240234375,-0.0341796875,-0.0341796875,2.232177734375,0.977783203125
197,readout,,1,1,"1,0,0,0",,,,,,0.172119140625,-0.540771484375,-0.093017578125,-0.127197265625,2.232177734375,0.977783203125
197,readout,,1,2,"1,0,0,0",,,,,,-3.9990234375,0.103271484375,-0.4130859375,-0.540283203125,2.232177734375,0.977783203125
197,readout,,1,3,"1,0,0,0",,,,,,-0.926513671875,0.0478515625,-0.04443359375,-0.584716796875,2.232177734375,0.977783203125
197,readout,,1,4,"1,0,0,0",,,,,,0.798583984375,-0.000244140625,-0.000244140625,-0.5849609375,2.232177734375,0.977783203125
197,readout,,1,5,"1,0,0,0",,,,,,0.788818359375,0.17724609375,0.139892578125,-0.445068359375,2.232177734375,0.977783203125
197,readout,,1,6,"1,0,0,0",,,,,,-3.5185546875,-0.113525390625,0.3994140625,-0.045654296875,2.232177734375,0.977783203125
197,readout,,1,7,"1,0,0,0",,,,,,-2.989990234375,-0.090576171875,0.270751953125,0.22509765625,2.232177734375,0.977783203125
197,readout,,1,8,"1,0,0,0",,,,,,1.25244140625,0.736328125,0.922119140625,1.147216796875,2.232177734375,0.977783203125
197,readout,,1,9,"1,0,0,0",,,,,,-0.0087890625,0.166015625,-0.00146484375,1.145751953125,2.232177734375,0.977783203125
197,readout,,1,10,"1,0,0,0",,,,,,1.0,-0.16796875,-0.16796875,0.977783203125,2.232177734375,0.977783203125
198,neuron,0,,,"1,0,0,0",-1.4091796875,-0.21142578125,0.0,-1.62060546875,0,,,,,,
198,neuron,1,,,"1,0,0,0",0.150634765625,0.04296875,0.0,0.193603515625,0,,,,,,
198,neuron,2,,,"1,0,0,0",-3.4990234375,-0.554931640625,0.0,-3.9990234375,0,,,,,,
198,neuron,3,,,"1,0,0,0",-0.810791015625,-0.090576171875,0.0,-0.9013671875,0,,,,,,
198,neuron,4,,,"1,0,0,0",0.69873046875,0.15283203125,0.0,0.8515625,0,,,,,,
198,neuron,5,,,"1,0,0,0",0.690185546875,0.571533203125,0.0,0.26171875,1,,,,,,
198,neuron,6,,,"1,0,0,0",-3.07861328125,-0.427001953125,0.0,-3.505615234375,0,,,,,,
198,neuron,7,,,"1,0,0,0",-2.6162109375,-0.383056640625,0.0,-2.999267578125,0,,,,,,
198,readout,,0,0,"1,0,0,0",,,,,,-1.62060546875,-0.245849609375,0.3984375,0.3984375,2.2080078125,0.91162109375
198,readout,,0,1,"1,0,0,0",,,,,,0.193603515625,0.25048828125,0.048583984375,0.447021484375,2.2080078125,0.91162109375
198,readout,,0,2,"1,0,0,0",,,,,,-3.9990234375,-0.015380859375,0.0615234375,0.508544921875,2.2080078125,0.91162109375
198,readout,,0,3,"1,0,0,0",,,,,,-0.9013671875,-0.057373046875,0.0517578125,0.560302734375,2.2080078125,0.91162109375
198,readout,,0,4,"1,0,0,0",,,,,,0.8515625,0.0048828125,0.004150390625,0.564453125,2.2080078125,0.91162109375
198,readout,,0,5,"1,0,0,0",,,,,,0.26171875,0.10595703125,0.02783203125,0.59228515625,2.2080078125,0.91162109375
198,readout,,0,6,"1,0,0,0",,,,,,-3.505615234375,-0.00244140625,0.008544921875,0.600830078125,2.2080078125,0.91162109375
198,readout,,0,7,"1,0,0,0",,,,,,-2.999267578125,0.31591796875,-0.947509765625,-0.3466796875,2.2080078125,0.91162109375
198,readout,,0,8,"1,0,0,0",,,,,,1.2978515625,1.9990234375,2.594482421875,2.247802734375,2.2080078125,0.91162109375
198,readout,,0,9,"1,0,0,0",,,,,,0.022705078125,-1.9990234375,-0.04541015625,2.202392578125,2.2080078125,0.91162109375
198,readout,,0,10,"1,0,0,0",,,,,,1.0,0.005615234375,0.005615234375,2.2080078125,2.2080078125,0.91162109375
198,readout,,1,0,"1,0,0,0",,,,,,-1.62060546875,0.021240234375,-0.034423828125,-0.034423828125,2.2080078125,0.91162109375
198,readout,,1,1,"1,0,0,0",,,,,,0.193603515625,-0.540771484375,-0.104736328125,-0.13916015625,2.2080078125,0.91162109375
198,readout,,1,2,"1,0,0,0",,,,,,-3.9990234375,0.103271484375,-0.4130859375,-0.55224609375,2.2080078125,0.91162109375
198,readout,,1,3,"1,0,0,0",,,,,,-0.9013671875,0.0478515625,-0.043212890625,-0.595458984375,2.2080078125,0.91162109375
198,readout,,1,4,"1,0,0,0",,,,,,0.8515625,-0.000244140625,-0.000244140625,-0.595703125,2.2080078125,0.91162109375
198,readout,,1,5,"1,0,0,0",,,,,,0.26171875,0.17724609375,0.04638671875,-0.54931640625,2.2080078125,0.91162109375
198,readout,,1,6,"1,0,0,0",,,,,,-3.505615234375,-0.113525390625,0.39794921875,-0.1513671875,2.2080078125,0.91162109375
198,readout,,1,7,"1,0,0,0",,,,,,-2.999267578125,-0.090576171875,0.271728515625,0.120361328125,2.2080078125,0.91162109375
198,readout,,1,8,"1,0,0,0",,,,,,1.2978515625,0.736328125,0.95556640625,1.075927734375,2.2080078125,0.91162109375
198,readout,,1,9,"1,0,0,0",,,,,,0.022705078125,0.166015625,0.003662109375,1.07958984375,2.2080078125,0.91162109375
198,readout,,1,10,"1,0,0,0",,,,,,1.0,-0.16796875,-0.16796875,0.91162109375,2.2080078125,0.91162109375
199,neuron,0,,,"1,0,0,0",-1.41796875,-0.21142578125,0.0,-1.62939453125,0,,,,,,
199,neuron,1,,,"1,0,0,0",0.16943359375,0.04296875,0.0,0.21240234375,0,,,,,,
199,neuron,2,,,"1,0,0,0",-3.4990234375,-0.554931640625,-0.0078125,-3.9990234375,0,,,,,,
199,neuron,3,,,"1,0,0,0",-0.78857421875,-0.090576171875,0.0,-0.879150390625,0,,,,,,
199,neuron,4,,,"1,0,0,0",0.7451171875,0.15283203125,0.14111328125,0.0390625,1,,,,,,
199,neuron,5,,,"1,0,0,0",0.22900390625,0.571533203125,0.0,0.800537109375,0,,,,,,
199,neuron,6,,,"1,0,0,0",-3.0673828125,-0.427001953125,0.0,-3.494384765625,0,,,,,,
199,neuron,7,,,"1,0,0,0",-2.624267578125,-0.383056640625,0.0,-3.00732421875,0,,,,,,
199,readout,,0,0,"1,0,0,0",,,,,,-1.62939453125,-0.245849609375,0.400634765625,0.400634765625,2.29736328125,0.984130859375
199,readout,,0,1,"1,0,0,0",,,,,,0.21240234375,0.25048828125,0.05322265625,0.453857421875,2.29736328125,0.984130859375
199,readout,,0,2,"1,0,0,0",,,,,,-3.9990234375,-0.015380859375,0.0615234375,0.515380859375,2.29736328125,0.984130859375
199,readout,,0,3,"1,0,0,0",,,,,,-0.879150390625,-0.057373046875,0.050537109375,0.56591796875,2.29736328125,0.984130859375
199,readout,,0,4,"1,0,0,0",,,,,,0.0390625,0.0048828125,0.000244140625,0.566162109375,2.29736328125,0.984130859375
199,readout,,0,5,"1,0,0,0",,,,,,0.800537109375,0.10595703125,0.084716796875,0.65087890625,2.29736328125,0.984130859375
199,readout,,0,6,"1,0,0,0",,,,,,-3.494384765625,-0.00244140625,0.008544921875,0.659423828125,2.29736328125,0.984130859375
199,readout,,0,7,"1,0,0,0",,,,,,-3.00732421875,0.31591796875,-0.949951171875,-0.29052734375,2.29736328125,0.984130859375
199,readout,,0,8,"1,0,0,0",,,,,,1.285400390625,1.9990234375,2.569580078125,2.279052734375,2.29736328125,0.984130859375
199,readout,,0,9,"1,0,0,0",,,,,,-0.00634765625,-1.9990234375,0.0126953125,2.291748046875,2.29736328125,0.984130859375
199,readout,,0,10,"1,0,0,0",,,,,,1.0,0.005615234375,0.005615234375,2.29736328125,2.29736328125,0.984130859375
199,readout,,1,0,"1,0,0,0",,,,,,-1.62939453125,0.021240234375,-0.03466796875,-0.03466796875,2.29736328125,0.984130859375
199,readout,,1,1,"1,0,0,0",,,,,,0.21240234375,-0.540771484375,-0.11474609375,-0.1494140625,2.29736328125,0.984130859375
199,readout,,1,2,"1,0,0,0",,,,,,-3.9990234375,0.103271484375,-0.4130859375,-0.5625,2.29736328125,0.984130859375
199,readout,,1,3,"1,0,0,0",,,,,,-0.879150390625,0.0478515625,-0.0419921875,-0.6044921875,2.29736328125,0.984130859375
199,readout,,1,4,"1,0,0,0",,,,,,0.0390625,-0.000244140625,0.0,-0.6044921875,2.29736328125,0.984130859375
199,readout,,1,5,"1,0,0,0",,,,,,0.800537109375,0.17724609375,0.141845703125,-0.462646484375,2.29736328125,0.984130859375
199,readout,,1,6,"1,0,0,0",,,,,,-3.494384765625,-0.113525390625,0.396728515625,-0.06591796875,2.29736328125,0.984130859375
199,readout,,1,7,"1,0,0,0",,,,,,-3.00732421875,-0.090576171875,0.2724609375,0.20654296875,2.29736328125,0.984130859375
199,readout,,1,8,"1,0,0,0",,,,,,1.285400390625,0.736328125,0.946533203125,1.153076171875,2.29736328125,0.984130859375
199,readout,,1,9,"1,0,0,0",,,,,,-0.00634765625,0.166015625,-0.0009765625,1.152099609375,2.29736328125,0.984130859375
199,readout,,1,10,"1,0,0,0",,,,,,1.0,-0.16796875,-0.16796875,0.984130859375,2.29736328125,0.984130859375
200,neuron,0,,,"1,0,0,0",-1.42578125,-0.21142578125,0.0,-1.63720703125,0,,,,,,
200,neuron,1,,,"1,0,0,0",0.185791015625,0.04296875,0.052001953125,0.28076171875,0,,,,,,
200,neuron,2,,,"1,0,0,0",-3.4990234375,-0.554931640625,0.0,-3.9990234375,0,,,,,,
200,neuron,3,,,"1,0,0,0",-0.769287109375,-0.090576171875,0.0,-0.85986328125,0,,,,,,
200,neuron,4,,,"1,0,0,0",0.0341796875,0.15283203125,0.0,0.18701171875,0,,,,,,
200,neuron,5,,,"1,0,0,0",0.700439453125,0.571533203125,-0.02685546875,0.2451171875,1,,,,,,
200,neuron,6,,,"1,0,0,0",-3.0576171875,-0.427001953125,0.0,-3.484619140625,0,,,,,,
200,neuron,7,,,"1,0,0,0",-2.63134765625,-0.383056640625,0.0,-3.014404296875,0,,,,,,
200,readout,,0,0,"1,0,0,0",,,,,,-1.63720703125,-0.245849609375,0.402587890625,0.402587890625,2.260009765625,0.8642578125
200,readout,,0,1,"1,0,0,0",,,,,,0.28076171875,0.25048828125,0.0703125,0.472900390625,2.260009765625,0.8642578125
200,readout,,0,2,"1,0,0,0",,,,,,-3.9990234375,-0.015380859375,0.0615234375,0.534423828125,2.260009765625,0.8642578125
200,readout,,0,3,"1,0,0,0",,,,,,-0.85986328125,-0.057373046875,0.04931640625,0.583740234375,2.260009765625,0.8642578125
200,readout,,0,4,"1,0,0,0",,,,,,0.18701171875,0.0048828125,0.0009765625,0.584716796875,2.260009765625,0.8642578125
200,readout,,0,5,"1,0,0,0",,,,,,0.2451171875,0.10595703125,0.02587890625,0.610595703125,2.260009765625,0.8642578125
200,readout,,0,6,"1,0,0,0",,,,,,-3.484619140625,-0.00244140625,0.008544921875,0.619140625,2.260009765625,0.8642578125
200,readout,,0,7,"1,0,0,0",,,,,,-3.014404296875,0.31591796875,-0.952392578125,-0.333251953125,2.260009765625,0.8642578125
200,readout,,0,8,"1,0,0,0",,,,,,1.30322265625,1.9990234375,2.605224609375,2.27197265625,2.260009765625,0.8642578125
200,readout,,0,9,"1,0,0,0",,,,,,0.0087890625,-1.9990234375,-0.017578125,2.25439453125,2.260009765625,0.8642578125
200,readout,,0,10,"1,0,0,0",,,,,,1.0,0.005615234375,0.005615234375,2.260009765625,2.260009765625,0.8642578125
200,readout,,1,0,"1,0,0,0",,,,,,-1.63720703125,0.021240234375,-0.03466796875,-0.03466796875,2.260009765625,0.8642578125
200,readout,,1,1,"1,0,0,0",,,,,,0.28076171875,-0.540771484375,-0.15185546875,-0.1865234375,2.260009765625,0.8642578125
200,readout,,1,2,"1,0,0,0",,,,,,-3.9990234375,0.103271484375,-0.4130859375,-0.599609375,2.260009765625,0.8642578125
200,readout,,1,3,"1,0,0,0",,,,,,-0.85986328125,0.0478515625,-0.041259765625,-0.640869140625,2.260009765625,0.8642578125
200,readout,,1,4,"1,0,0,0",,,,,,0.18701171875,-0.000244140625,0.0,-0.640869140625,2.260009765625,0.8642578125
200,readout,,1,5,"1,0,0,0",,,,,,0.2451171875,0.17724609375,0.04345703125,-0.597412109375,2.260009765625,0.8642578125
200,readout,,1,6,"1,0,0,0",,,,,,-3.484619140625,-0.113525390625,0.3955078125,-0.201904296875,2.260009765625,0.8642578125
200,readout,,1,7,"1,0,0,0",,,,,,-3.014404296875,-0.090576171875,0.27294921875,0.071044921875,2.260009765625,0.8642578125
200,readout,,1,8,"1,0,0,0",,,,,,1.30322265625,0.736328125,0.959716796875,1.03076171875,2.260009765625,0.8642578125
200,readout,,1,9,"1,0,0,0",,,,,,0.0087890625,0.166015625,0.00146484375,1.0322265625,2.260009765625,0.8642578125
200,readout,,1,10,"1,0,0,0",,,,,,1.0,-0.16796875,-0.16796875,0.8642578125,2.260009765625,0.8642578125
201,neuron,0,,,"1,0,0,0",-1.4326171875,-0.21142578125,0.0,-1.64404296875,0,,,,,,
201,neuron,1,,,"1,0,0,0",0.24560546875,0.04296875,0.0,0.28857421875,0,,,,,,
201,neuron,2,,,"1,0,0,0",-3.4990234375,-0.554931640625,-0.0078125,-3.9990234375,0,,,,,,
201,neuron,3,,,"1,0,0,0",-0.75244140625,-0.090576171875,0.0,-0.843017578125,0,,,,,,
201,neuron,4,,,"1,0,0,0",0.16357421875,0.15283203125,0.14111328125,0.45751953125,0,,,,,,
201,neuron,5,,,"1,0,0,0",0.21435546875,0.571533203125,0.0,0.785888671875,0,,,,,,
201,neuron,6,,,"1,0,0,0",-3.049072265625,-0.427001953125,0.0,-3.47607421875,0,,,,,,
201,neuron,7,,,"1,0,0,0",-2.6376953125,-0.383056640625,0.0,-3.020751953125,0,,,,,,
201,readout,,0,0,"1,0,0,0",,,,,,-1.64404296875,-0.245849609375,0.404296875,0.404296875,2.359375,0.9736328125
201,readout,,0,1,"1,0,0,0",,,,,,0.28857421875,0.25048828125,0.072265625,0.4765625,2.359375,0.9736328125
201,readout,,0,2,"1,0,0,0",,,,,,-3.9990234375,-0.015380859375,0.0615234375,0.5380859375,2.359375,0.9736328125
201,readout,,0,3,"1,0,0,0",,,,,,-0.843017578125,-0.057373046875,0.04833984375,0.58642578125,2.359375,0.9736328125
201,readout,,0,4,"1,0,0,0",,,,,,0.45751953125,0.0048828125,0.002197265625,0.588623046875,2.359375,0.9736328125
201,readout,,0,5,"1,0,0,0",,,,,,0.785888671875,0.10595703125,0.083251953125,0.671875,2.359375,0.9736328125
201,readout,,0,6,"1,0,0,0",,,,,,-3.47607421875,-0.00244140625,0.008544921875,0.680419921875,2.359375,0.9736328125
201,readout,,0,7,"1,0,0,0",,,,,,-3.020751953125,0.31591796875,-0.954345703125,-0.27392578125,2.359375,0.9736328125
201,readout,,0,8,"1,0,0,0",,,,,,1.325927734375,1.9990234375,2.650634765625,2.376708984375,2.359375,0.9736328125
201,readout,,0,9,"1,0,0,0",,,,,,0.011474609375,-1.9990234375,-0.02294921875,2.353759765625,2.359375,0.9736328125
201,readout,,0,10,"1,0,0,0",,,,,,1.0,0.005615234375,0.005615234375,2.359375,2.359375,0.9736328125
201,readout,,1,0,"1,0,0,0",,,,,,-1.64404296875,0.021240234375,-0.034912109375,-0.034912109375,2.359375,0.9736328125
201,readout,,1,1,"1,0,0,0",,,,,,0.28857421875,-0.540771484375,-0.156005859375,-0.19091796875,2.359375,0.9736328125
201,readout,,1,2,"1,0,0,0",,,,,,-3.9990234375,0.103271484375,-0.4130859375,-0.60400390625,2.359375,0.9736328125
201,readout,,1,3,"1,0,0,0",,,,,,-0.843017578125,0.0478515625,-0.040283203125,-0.644287109375,2.359375,0.9736328125
201,readout,,1,4,"1,0,0,0",,,,,,0.45751953125,-0.000244140625,0.0,-0.644287109375,2.359375,0.9736328125
201,readout,,1,5,"1,0,0,0",,,,,,0.785888671875,0.17724609375,0.139404296875,-0.5048828125,2.359375,0.9736328125
201,readout,,1,6,"1,0,0,0",,,,,,-3.47607421875,-0.113525390625,0.39453125,-0.1103515625,2.359375,0.9736328125
201,readout,,1,7,"1,0,0,0",,,,,,-3.020751953125,-0.090576171875,0.273681640625,0.163330078125,2.359375,0.9736328125
201,readout,,1,8,"1,0,0,0",,,,,,1.325927734375,0.736328125,0.976318359375,1.1396484375,2.359375,0.9736328125
201,readout,,1,9,"1,0,0,0",,,,,,0.011474609375,0.166015625,0.001953125,1.1416015625,2.359375,0.9736328125
201,readout,,1,10,"1,0,0,0",,,,,,1.0,-0.16796875,-0.16796875,0.9736328125,2.359375,0.9736328125
202,neuron,0,,,"1,0,0,0",-1.4384765625,-0.21142578125,0.0,-1.64990234375,0,,,,,,
202,neuron,1,,,"1,0,0,0",0.25244140625,0.04296875,0.0,0.29541015625,0,,,,,,
202,neuron,2,,,"1,0,0,0",-3.4990234375,-0.554931640625,0.0,-3.9990234375,0,,,,,,
202,neuron,3,,,"1,0,0,0",-0.737548828125,-0.090576171875,0.0,-0.828125,0,,,,,,
202,neuron,4,,,"1,0,0,0",0.400390625,0.15283203125,0.0,0.55322265625,0,,,,,,
202,neuron,5,,,"1,0,0,0",0.687744140625,0.571533203125,0.0,0.25927734375,1,,,,,,
202,neuron,6,,,"1,0,0,0",-3.04150390625,-0.427001953125,0.0,-3.468505859375,0,,,,,,
202,neuron,7,,,"1,0,0,0",-2.64306640625,-0.383056640625,0.0,-3.026123046875,0,,,,,,
202,readout,,0,0,"1,0,0,0",,,,,,-1.64990234375,-0.245849609375,0.405517578125,0.405517578125,2.27685546875,0.8330078125
202,readout,,0,1,"1,0,0,0",,,,,,0.29541015625,0.25048828125,0.073974609375,0.4794921875,2.27685546875,0.8330078125
202,readout,,0,2,"1,0,0,0",,,,,,-3.9990234375,-0.015380859375,0.0615234375,0.541015625,2.27685546875,0.8330078125
202,readout,,0,3,"1,0,0,0",,,,,,-0.828125,-0.057373046875,0.047607421875,0.588623046875,2.27685546875,0.8330078125
202,readout,,0,4,"1,0,0,0",,,,,,0.55322265625,0.0048828125,0.002685546875,0.59130859375,2.27685546875,0.8330078125
202,readout,,0,5,"1,0,0,0",,,,,,0.25927734375,0.10595703125,0.027587890625,0.618896484375,2.27685546875,0.8330078125
202,readout,,0,6,"1,0,0,0",,,,,,-3.468505859375,-0.00244140625,0.008544921875,0.62744140625,2.27685546875,0.8330078125
202,readout,,0,7,"1,0,0,0",,,,,,-3.026123046875,0.31591796875,-0.9560546875,-0.32861328125,2.27685546875,0.8330078125
202,readout,,0,8,"1,0,0,0",,,,,,1.275146484375,1.9990234375,2.549072265625,2.220458984375,2.27685546875,0.8330078125
202,readout,,0,9,"1,0,0,0",,,,,,-0.025390625,-1.9990234375,0.05078125,2.271240234375,2.27685546875,0.8330078125
202,readout,,0,10,"1,0,0,0",,,,,,1.0,0.005615234375,0.005615234375,2.27685546875,2.27685546875,0.8330078125
202,readout,,1,0,"1,0,0,0",,,,,,-1.64990234375,0.021240234375,-0.03515625,-0.03515625,2.27685546875,0.8330078125
202,readout,,1,1,"1,0,0,0",,,,,,0.29541015625,-0.540771484375,-0.15966796875,-0.19482421875,2.27685546875,0.8330078125
202,readout,,1,2,"1,0,0,0",,,,,,-3.9990234375,0.103271484375,-0.4130859375,-0.60791015625,2.27685546875,0.8330078125
202,readout,,1,3,"1,0,0,0",,,,,,-0.828125,0.0478515625,-0.03955078125,-0.6474609375,2.27685546875,0.8330078125
202,readout,,1,4,"1,0,0,0",,,,,,0.55322265625,-0.000244140625,-0.000244140625,-0.647705078125,2.27685546875,0.8330078125
202,readout,,1,5,"1,0,0,0",,,,,,0.25927734375,0.17724609375,0.0458984375,-0.601806640625,2.27685546875,0.8330078125
202,readout,,1,6,"1,0,0,0",,,,,,-3.468505859375,-0.113525390625,0.393798828125,-0.2080078125,2.27685546875,0.8330078125
202,readout,,1,7,"1,0,0,0",,,,,,-3.026123046875,-0.090576171875,0.274169921875,0.066162109375,2.27685546875,0.8330078125
202,readout,,1,8,"1,0,0,0",,,,,,1.275146484375,0.736328125,0.93896484375,1.005126953125,2.27685546875,0.8330078125
202,readout,,1,9,"1,0,0,0",,,,,,-0.025390625,0.166015625,-0.004150390625,1.0009765625,2.27685546875,0.8330078125
202,readout,,1,10,"1,0,0,0",,,,,,1.0,-0.16796875,-0.16796875,0.8330078125,2.27685546875,0.8330078125
203,neuron,0,,,"1,0,0,0",-1.443603515625,-0.21142578125,0.0,-1.655029296875,0,,,,,,
203,neuron,1,,,"1,0,0,0",0.258544921875,0.04296875,0.0,0.301513671875,0,,,,,,
203,neuron,2,,,"1,0,0,0",-3.4990234375,-0.554931640625,-0.0078125,-3.9990234375,0,,,,,,
203,neuron,3,,,"1,0,0,0",-0.724609375,-0.090576171875,0.0,-0.815185546875,0,,,,,,
203,neuron,4,,,"1,0,0,0",0.484130859375,0.15283203125,0.14111328125,0.778076171875,0,,,,,,
203,neuron,5,,,"1,0,0,0",0.226806640625,0.571533203125,0.0,0.79833984375,0,,,,,,
203,neuron,6,,,"1,0,0,0",-3.034912109375,-0.427001953125,0.0,-3.4619140625,0,,,,,,
203,neuron,7,,,"1,0,0,0",-2.64794921875,-0.383056640625,0.0,-3.031005859375,0,,,,,,
203,readout,,0,0,"1,0,0,0",,,,,,-1.655029296875,-0.245849609375,0.406982421875,0.406982421875,2.284423828125,0.929443359375
203,readout,,0,1,"1,0,0,0",,,,,,0.301513671875,0.25048828125,0.075439453125,0.482421875,2.284423828125,0.929443359375
203,readout,,0,2,"1,0,0,0",,,,,,-3.9990234375,-0.015380859375,0.0615234375,0.5439453125,2.284423828125,0.929443359375
203,readout,,0,3,"1,0,0,0",,,,,,-0.815185546875,-0.057373046875,0.046875,0.5908203125,2.284423828125,0.929443359375
203,readout,,0,4,"1,0,0,0",,,,,,0.778076171875,0.0048828125,0.00390625,0.5947265625,2.284423828125,0.929443359375
203,readout,,0,5,"1,0,0,0",,,,,,0.79833984375,0.10595703125,0.08447265625,0.67919921875,2.284423828125,0.929443359375
203,readout,,0,6,"1,0,0,0",,,,,,-3.4619140625,-0.00244140625,0.008544921875,0.687744140625,2.284423828125,0.929443359375
203,readout,,0,7,"1,0,0,0",,,,,,-3.031005859375,0.31591796875,-0.95751953125,-0.269775390625,2.284423828125,0.929443359375
203,readout,,0,8,"1,0,0,0",,,,,,1.27490234375,1.9990234375,2.548583984375,2.27880859375,2.284423828125,0.929443359375
203,readout,,0,9,"1,0,0,0",,,,,,0.0,-1.9990234375,0.0,2.27880859375,2.284423828125,0.929443359375
203,readout,,0,10,"1,0,0,0",,,,,,1.0,0.005615234375,0.005615234375,2.284423828125,2.284423828125,0.929443359375
203,readout,,1,0,"1,0,0,0",,,,,,-1.655029296875,0.021240234375,-0.03515625,-0.03515625,2.284423828125,0.929443359375
203,readout,,1,1,"1,0,0,0",,,,,,0.301513671875,-0.540771484375,-0.1630859375,-0.1982421875,2.284423828125,0.929443359375
203,readout,,1,2,"1,0,0,0",,,,,,-3.9990234375,0.103271484375,-0.4130859375,-0.611328125,2.284423828125,0.929443359375
203,readout,,1,3,"1,0,0,0",,,,,,-0.815185546875,0.0478515625,-0.0390625,-0.650390625,2.284423828125,0.929443359375
203,readout,,1,4,"1,0,0,0",,,,,,0.778076171875,-0.000244140625,-0.000244140625,-0.650634765625,2.284423828125,0.929443359375
203,readout,,1,5,"1,0,0,0",,,,,,0.79833984375,0.17724609375,0.1416015625,-0.509033203125,2.284423828125,0.929443359375
203,readout,,1,6,"1,0,0,0",,,,,,-3.4619140625,-0.113525390625,0.39306640625,-0.115966796875,2.284423828125,0.929443359375
203,readout,,1,7,"1,0,0,0",,,,,,-3.031005859375,-0.090576171875,0.274658203125,0.15869140625,2.284423828125,0.929443359375
203,readout,,1,8,"1,0,0,0",,,,,,1.27490234375,0.736328125,0.938720703125,1.097412109375,2.284423828125,0.929443359375
203,readout,,1,9,"1,0,0,0",,,,,,0.0,0.166015625,0.0,1.097412109375,2.284423828125,0.929443359375
203,readout,,1,10,"1,0,0,0",,,,,,1.0,-0.16796875,-0.16796875,0.929443359375,2.284423828125,0.929443359375
204,neuron,0,,,"1,0,1,0",-1.4482421875,-0.0302734375,0.0,-1.478515625,0,,,,,,
204,neuron,1,,,"1,0,1,0",0.263916015625,-0.487548828125,0.0,-0.2236328125,0,,,,,,
204,neuron,2,,,"1,0,1,0",-3.4990234375,-1.071044921875,0.0,-3.9990234375,0,,,,,,
204,neuron,3,,,"1,0,1,0",-0.71337890625,-0.5419921875,0.0,-1.25537109375,0,,,,,,
204,neuron,4,,,"1,0,1,0",0.680908203125,0.245361328125,0.0,0.92626953125,0,,,,,,
204,neuron,5,,,"1,0,1,0",0.698486328125,1.001708984375,0.0,0.7001953125,1,,,,,,
204,neuron,6,,,"1,0,1,0",-3.029296875,-0.65673828125,0.0,-3.68603515625,0,,,,,,
204,neuron,7,,,"1,0,1,0",-2.652099609375,-0.21630859375,0.0,-2.868408203125,0,,,,,,
204,readout,,0,0,"1,0,1,0",,,,,,-1.478515625,-0.245849609375,0.363525390625,0.363525390625,2.29541015625,1.2861328125
204,readout,,0,1,"1,0,1,0",,,,,,-0.2236328125,0.25048828125,-0.055908203125,0.3076171875,2.29541015625,1.2861328125
204,readout,,0,2,"1,0,1,0",,,,,,-3.9990234375,-0.015380859375,0.0615234375,0.369140625,2.29541015625,1.2861328125
204,readout,,0,3,"1,0,1,0",,,,,,-1.25537109375,-0.057373046875,0.072021484375,0.441162109375,2.29541015625,1.2861328125
204,readout,,0,4,"1,0,1,0",,,,,,0.92626953125,0.0048828125,0.004638671875,0.44580078125,2.29541015625,1.2861328125
204,readout,,0,5,"1,0,1,0",,,,,,0.7001953125,0.10595703125,0.07421875,0.52001953125,2.29541015625,1.2861328125
204,readout,,0,6,"1,0,1,0",,,,,,-3.68603515625,-0.00244140625,0.009033203125,0.529052734375,2.29541015625,1.2861328125
204,readout,,0,7,"1,0,1,0",,,,,,-2.868408203125,0.31591796875,-0.90625,-0.377197265625,2.29541015625,1.2861328125
204,readout,,0,8,"1,0,1,0",,,,,,1.3935546875,1.9990234375,2.78564453125,2.408447265625,2.29541015625,1.2861328125
204,readout,,0,9,"1,0,1,0",,,,,,0.059326171875,-1.9990234375,-0.11865234375,2.289794921875,2.29541015625,1.2861328125
204,readout,,0,10,"1,0,1,0",,,,,,1.0,0.005615234375,0.005615234375,2.29541015625,2.29541015625,1.2861328125
204,readout,,1,0,"1,0,1,0",,,,,,-1.478515625,0.021240234375,-0.031494140625,-0.031494140625,2.29541015625,1.2861328125
204,readout,,1,1,"1,0,1,0",,,,,,-0.2236328125,-0.540771484375,0.120849609375,0.08935546875,2.29541015625,1.2861328125
204,readout,,1,2,"1,0,1,0",,,,,,-3.9990234375,0.103271484375,-0.4130859375,-0.32373046875,2.29541015625,1.2861328125
204,readout,,1,3,"1,0,1,0",,,,,,-1.25537109375,0.0478515625,-0.06005859375,-0.3837890625,2.29541015625,1.2861328125
204,readout,,1,4,"1,0,1,0",,,,,,0.92626953125,-0.000244140625,-0.000244140625,-0.384033203125,2.29541015625,1.2861328125
204,readout,,1,5,"1,0,1,0",,,,,,0.7001953125,0.17724609375,0.1240234375,-0.260009765625,2.29541015625,1.2861328125
204,readout,,1,6,"1,0,1,0",,,,,,-3.68603515625,-0.113525390625,0.41845703125,0.158447265625,2.29541015625,1.2861328125
204,readout,,1,7,"1,0,1,0",,,,,,-2.868408203125,-0.090576171875,0.259765625,0.418212890625,2.29541015625,1.2861328125
204,readout,,1,8,"1,0,1,0",,,,,,1.3935546875,0.736328125,1.026123046875,1.4443359375,2.29541015625,1.2861328125
204,readout,,1,9,"1,0,1,0",,,,,,0.059326171875,0.166015625,0.009765625,1.4541015625,2.29541015625,1.2861328125
204,readout,,1,10,"1,0,1,0",,,,,,1.0,-0.16796875,-0.16796875,1.2861328125,2.29541015625,1.2861328125
205,neuron,0,,,"1,0,0,1",-1.293701171875,-0.724609375,0.0,-2.018310546875,0,,,,,,
205,neuron,1,,,"1,0,0,1",-0.19580078125,0.052001953125,0.0,-0.143798828125,0,,,,,,
205,neuron,2,,,"1,0,0,1",-3.4990234375,-1.046142578125,-0.0078125,-3.9990234375,0,,,,,,
205,neuron,3,,,"1,0,0,1",-1.098388671875,-0.422607421875,0.0,-1.52099609375,0,,,,,,
205,neuron,4,,,"1,0,0,1",0.810546875,0.02880859375,0.14111328125,0.98046875,0,,,,,,
205,neuron,5,,,"1,0,0,1",0.61279296875,0.319091796875,0.0,0.931884765625,0,,,,,,
205,neuron,6,,,"1,0,0,1",-3.225341796875,-0.047607421875,0.0,-3.27294921875,0,,,,,,
205,neuron,7,,,"1,0,0,1",-2.509765625,-0.5361328125,0.0,-3.0458984375,0,,,,,,
205,readout,,0,0,"1,0,0,1",,,,,,-2.018310546875,-0.245849609375,0.49609375,0.49609375,2.447509765625,1.135986328125
205,readout,,0,1,"1,0,0,1",,,,,,-0.143798828125,0.25048828125,-0.0361328125,0.4599609375,2.447509765625,1.135986328125
205,readout,,0,2,"1,0,0,1",,,,,,-3.9990234375,-0.015380859375,0.0615234375,0.521484375,2.447509765625,1.135986328125
205,readout,,0,3,"1,0,0,1",,,,,,-1.52099609375,-0.057373046875,0.087158203125,0.608642578125,2.447509765625,1.135986328125
205,readout,,0,4,"1,0,0,1",,,,,,0.98046875,0.0048828125,0.0048828125,0.613525390625,2.447509765625,1.135986328125
205,readout,,0,5,"1,0,0,1",,,,,,0.931884765625,0.10595703125,0.0986328125,0.712158203125,2.447509765625,1.135986328125
205,readout,,0,6,"1,0,0,1",,,,,,-3.27294921875,-0.00244140625,0.008056640625,0.72021484375,2.447509765625,1.135986328125
205,readout,,0,7,"1,0,0,1",,,,,,-3.0458984375,0.31591796875,-0.962158203125,-0.241943359375,2.447509765625,1.135986328125
205,readout,,0,8,"1,0,0,1",,,,,,1.29150390625,1.9990234375,2.581787109375,2.33984375,2.447509765625,1.135986328125
205,readout,,0,9,"1,0,0,1",,,,,,-0.051025390625,-1.9990234375,0.10205078125,2.44189453125,2.447509765625,1.135986328125
205,readout,,0,10,"1,0,0,1",,,,,,1.0,0.005615234375,0.005615234375,2.447509765625,2.447509765625,1.135986328125
205,readout,,1,0,"1,0,0,1",,,,,,-2.018310546875,0.021240234375,-0.04296875,-0.04296875,2.447509765625,1.135986328125
205,readout,,1,1,"1,0,0,1",,,,,,-0.143798828125,-0.540771484375,0.077880859375,0.034912109375,2.447509765625,1.135986328125
205,readout,,1,2,"1,0,0,1",,,,,,-3.9990234375,0.103271484375,-0.4130859375,-0.378173828125,2.447509765625,1.135986328125
205,readout,,1,3,"1,0,0,1",,,,,,-1.52099609375,0.0478515625,-0.07275390625,-0.450927734375,2.447509765625,1.135986328125
205,readout,,1,4,"1,0,0,1",,,,,,0.98046875,-0.000244140625,-0.000244140625,-0.451171875,2.447509765625,1.135986328125
205,readout,,1,5,"1,0,0,1",,,,,,0.931884765625,0.17724609375,0.165283203125,-0.285888671875,2.447509765625,1.135986328125
205,readout,,1,6,"1,0,0,1",,,,,,-3.27294921875,-0.113525390625,0.37158203125,0.085693359375,2.447509765625,1.135986328125
205,readout,,1,7,"1,0,0,1",,,,,,-3.0458984375,-0.090576171875,0.27587890625,0.361572265625,2.447509765625,1.135986328125
205,readout,,1,8,"1,0,0,1",,,,,,1.29150390625,0.736328125,0.950927734375,1.3125,2.447509765625,1.135986328125
205,readout,,1,9,"1,0,0,1",,,,,,-0.051025390625,0.166015625,-0.008544921875,1.303955078125,2.447509765625,1.135986328125
205,readout,,1,10,"1,0,0,1",,,,,,1.0,-0.16796875,-0.16796875,1.135986328125,2.447509765625,1.135986328125
206,neuron,0,,,"1,0,0,0",-1.76611328125,-0.21142578125,0.0,-1.9775390625,0,,,,,,
206,neuron,1,,,"1,0,0,0",-0.125732421875,0.04296875,0.0,-0.082763671875,0,,,,,,
206,neuron,2,,,"1,0,0,0",-3.4990234375,-0.554931640625,0.0,-3.9990234375,0,,,,,,
206,neuron,3,,,"1,0,0,0",-1.330810546875,-0.090576171875,0.0,-1.42138671875,0,,,,,,
206,neuron,4,,,"1,0,0,0",0.85791015625,0.15283203125,0.0,0.0107421875,1,,,,,,
206,neuron,5,,,"1,0,0,0",0.8154296875,0.571533203125,0.0,0.386962890625,1,,,,,,
206,neuron,6,,,"1,0,0,0",-2.86376953125,-0.427001953125,0.0,-3.290771484375,0,,,,,,
206,neuron,7,,,"1,0,0,0",-2.6650390625,-0.383056640625,0.0,-3.048095703125,0,,,,,,
206,readout,,0,0,"1,0,0,0",,,,,,-1.9775390625,-0.245849609375,0.486083984375,0.486083984375,2.326904296875,1.0595703125
206,readout,,0,1,"1,0,0,0",,,,,,-0.082763671875,0.25048828125,-0.020751953125,0.46533203125,2.326904296875,1.0595703125
206,readout,,0,2,"1,0,0,0",,,,,,-3.9990234375,-0.015380859375,0.0615234375,0.52685546875,2.326904296875,1.0595703125
206,readout,,0,3,"1,0,0,0",,,,,,-1.42138671875,-0.057373046875,0.08154296875,0.6083984375,2.326904296875,1.0595703125
206,readout,,0,4,"1,0,0,0",,,,,,0.0107421875,0.0048828125,0.0,0.6083984375,2.326904296875,1.0595703125
206,readout,,0,5,"1,0,0,0",,,,,,0.386962890625,0.10595703125,0.041015625,0.6494140625,2.326904296875,1.0595703125
206,readout,,0,6,"1,0,0,0",,,,,,-3.290771484375,-0.00244140625,0.008056640625,0.657470703125,2.326904296875,1.0595703125
206,readout,,0,7,"1,0,0,0",,,,,,-3.048095703125,0.31591796875,-0.962890625,-0.305419921875,2.326904296875,1.0595703125
206,readout,,0,8,"1,0,0,0",,,,,,1.33642578125,1.9990234375,2.671630859375,2.3662109375,2.326904296875,1.0595703125
206,readout,,0,9,"1,0,0,0",,,,,,0.0224609375,-1.9990234375,-0.044921875,2.3212890625,2.326904296875,1.0595703125
206,readout,,0,10,"1,0,0,0",,,,,,1.0,0.005615234375,0.005615234375,2.326904296875,2.326904296875,1.0595703125
206,readout,,1,0,"1,0,0,0",,,,,,-1.9775390625,0.021240234375,-0.0419921875,-0.0419921875,2.326904296875,1.0595703125
206,readout,,1,1,"1,0,0,0",,,,,,-0.082763671875,-0.540771484375,0.044677734375,0.002685546875,2.326904296875,1.0595703125
206,readout,,1,2,"1,0,0,0",,,,,,-3.9990234375,0.103271484375,-0.4130859375,-0.410400390625,2.326904296875,1.0595703125
206,readout,,1,3,"1,0,0,0",,,,,,-1.42138671875,0.0478515625,-0.068115234375,-0.478515625,2.326904296875,1.0595703125
206,readout,,1,4,"1,0,0,0",,,,,,0.0107421875,-0.000244140625,0.0,-0.478515625,2.326904296875,1.0595703125
206,readout,,1,5,"1,0,0,0",,,,,,0.386962890625,0.17724609375,0.068603515625,-0.409912109375,2.326904296875,1.0595703125
206,readout,,1,6,"1,0,0,0",,,,,,-3.290771484375,-0.113525390625,0.37353515625,-0.036376953125,2.326904296875,1.0595703125
206,readout,,1,7,"1,0,0,0",,,,,,-3.048095703125,-0.090576171875,0.276123046875,0.23974609375,2.326904296875,1.0595703125
206,readout,,1,8,"1,0,0,0",,,,,,1.33642578125,0.736328125,0.984130859375,1.223876953125,2.326904296875,1.0595703125
206,readout,,1,9,"1,0,0,0",,,,,,0.0224609375,0.166015625,0.003662109375,1.2275390625,2.326904296875,1.0595703125
206,readout,,1,10,"1,0,0,0",,,,,,1.0,-0.16796875,-0.16796875,1.0595703125,2.326904296875,1.0595703125
207,neuron,0,,,"1,0,0,0",-1.73046875,-0.21142578125,0.0,-1.94189453125,0,,,,,,
207,neuron,1,,,"1,0,0,0",-0.072509765625,0.04296875,0.052001953125,0.0224609375,0,,,,,,
207,neuron,2,,,"1,0,0,0",-3.4990234375,-0.554931640625,-0.0078125,-3.9990234375,0,,,,,,
207,neuron,3,,,"1,0,0,0",-1.24365234375,-0.090576171875,0.0,-1.334228515625,0,,,,,,
207,neuron,4,,,"1,0,0,0",0.00927734375,0.15283203125,0.14111328125,0.30322265625,0,,,,,,
207,neuron,5,,,"1,0,0,0",0.338623046875,0.571533203125,-0.02685546875,0.88330078125,0,,,,,,
207,neuron,6,,,"1,0,0,0",-2.87939453125,-0.427001953125,0.0,-3.306396484375,0,,,,,,
207,neuron,7,,,"1,0,0,0",-2.6669921875,-0.383056640625,0.0,-3.050048828125,0,,,,,,
207,readout,,0,0,"1,0,0,0",,,,,,-1.94189453125,-0.245849609375,0.477294921875,0.477294921875,2.5087890625,1.152099609375
207,readout,,0,1,"1,0,0,0",,,,,,0.0224609375,0.25048828125,0.005615234375,0.48291015625,2.5087890625,1.152099609375
207,readout,,0,2,"1,0,0,0",,,,,,-3.9990234375,-0.015380859375,0.0615234375,0.54443359375,2.5087890625,1.152099609375
207,readout,,0,3,"1,0,0,0",,,,,,-1.334228515625,-0.057373046875,0.07666015625,0.62109375,2.5087890625,1.152099609375
207,readout,,0,4,"1,0,0,0",,,,,,0.30322265625,0.0048828125,0.00146484375,0.62255859375,2.5087890625,1.152099609375
207,readout,,0,5,"1,0,0,0",,,,,,0.88330078125,0.10595703125,0.093505859375,0.716064453125,2.5087890625,1.152099609375
207,readout,,0,6,"1,0,0,0",,,,,,-3.306396484375,-0.00244140625,0.008056640625,0.72412109375,2.5087890625,1.152099609375
207,readout,,0,7,"1,0,0,0",,,,,,-3.050048828125,0.31591796875,-0.963623046875,-0.239501953125,2.5087890625,1.152099609375
207,readout,,0,8,"1,0,0,0",,,,,,1.40771484375,1.9990234375,2.81396484375,2.574462890625,2.5087890625,1.152099609375
207,readout,,0,9,"1,0,0,0",,,,,,0.03564453125,-1.9990234375,-0.0712890625,2.503173828125,2.5087890625,1.152099609375
207,readout,,0,10,"1,0,0,0",,,,,,1.0,0.005615234375,0.005615234375,2.5087890625,2.5087890625,1.152099609375
207,readout,,1,0,"1,0,0,0",,,,,,-1.94189453125,0.021240234375,-0.041259765625,-0.041259765625,2.5087890625,1.152099609375
207,readout,,1,1,"1,0,0,0",,,,,,0.0224609375,-0.540771484375,-0.01220703125,-0.053466796875,2.5087890625,1.152099609375
207,readout,,1,2,"1,0,0,0",,,,,,-3.9990234375,0.103271484375,-0.4130859375,-0.466552734375,2.5087890625,1.152099609375
207,readout,,1,3,"1,0,0,0",,,,,,-1.334228515625,0.0478515625,-0.06396484375,-0.530517578125,2.5087890625,1.152099609375
207,readout,,1,4,"1,0,0,0",,,,,,0.30322265625,-0.000244140625,0.0,-0.530517578125,2.5087890625,1.152099609375
207,readout,,1,5,"1,0,0,0",,,,,,0.88330078125,0.17724609375,0.156494140625,-0.3740234375,2.5087890625,1.152099609375
207,readout,,1,6,"1,0,0,0",,,,,,-3.306396484375,-0.113525390625,0.375244140625,0.001220703125,2.5087890625,1.152099609375
207,readout,,1,7,"1,0,0,0",,,,,,-3.050048828125,-0.090576171875,0.2763671875,0.277587890625,2.5087890625,1.152099609375
207,readout,,1,8,"1,0,0,0",,,,,,1.40771484375,0.736328125,1.03662109375,1.314208984375,2.5087890625,1.152099609375
207,readout,,1,9,"1,0,0,0",,,,,,0.03564453125,0.166015625,0.005859375,1.320068359375,2.5087890625,1.152099609375
207,readout,,1,10,"1,0,0,0",,,,,,1.0,-0.16796875,-0.16796875,1.152099609375,2.5087890625,1.152099609375
208,neuron,0,,,"1,0,0,1",-1.69921875,-0.724609375,0.0,-2.423828125,0,,,,,,
208,neuron,1,,,"1,0,0,1",0.01953125,0.052001953125,0.0,0.071533203125,0,,,,,,
208,neuron,2,,,"1,0,0,1",-3.4990234375,-1.046142578125,0.0,-3.9990234375,0,,,,,,
208,neuron,3,,,"1,0,0,1",-1.16748046875,-0.422607421875,0.0,-1.590087890625,0,,,,,,
208,neuron,4,,,"1,0,0,1",0.265380859375,0.02880859375,0.0,0.294189453125,0,,,,,,
208,neuron,5,,,"1,0,0,1",0.77294921875,0.319091796875,0.0,0.092041015625,1,,,,,,
208,neuron,6,,,"1,0,0,1",-2.89306640625,-0.047607421875,0.0,-2.940673828125,0,,,,,,
208,neuron,7,,,"1,0,0,1",-2.668701171875,-0.5361328125,0.0,-3.204833984375,0,,,,,,
208,readout,,0,0,"1,0,0,1",,,,,,-2.423828125,-0.245849609375,0.595947265625,0.595947265625,2.48828125,0.844482421875
208,readout,,0,1,"1,0,0,1",,,,,,0.071533203125,0.25048828125,0.017822265625,0.61376953125,2.48828125,0.844482421875
208,readout,,0,2,"1,0,0,1",,,,,,-3.9990234375,-0.015380859375,0.0615234375,0.67529296875,2.48828125,0.844482421875
208,readout,,0,3,"1,0,0,1",,,,,,-1.590087890625,-0.057373046875,0.09130859375,0.7666015625,2.48828125,0.844482421875
208,readout,,0,4,"1,0,0,1",,,,,,0.294189453125,0.0048828125,0.00146484375,0.76806640625,2.48828125,0.844482421875
208,readout,,0,5,"1,0,0,1",,,,,,0.092041015625,0.10595703125,0.009765625,0.77783203125,2.48828125,0.844482421875
208,readout,,0,6,"1,0,0,1",,,,,,-2.940673828125,-0.00244140625,0.007080078125,0.784912109375,2.48828125,0.844482421875
208,readout,,0,7,"1,0,0,1",,,,,,-3.204833984375,0.31591796875,-1.012451171875,-0.2275390625,2.48828125,0.844482421875
208,readout,,0,8,"1,0,0,1",,,,,,1.3037109375,1.9990234375,2.606201171875,2.378662109375,2.48828125,0.844482421875
208,readout,,0,9,"1,0,0,1",,,,,,-0.052001953125,-1.9990234375,0.10400390625,2.482666015625,2.48828125,0.844482421875
208,readout,,0,10,"1,0,0,1",,,,,,1.0,0.005615234375,0.005615234375,2.48828125,2.48828125,0.844482421875
208,readout,,1,0,"1,0,0,1",,,,,,-2.423828125,0.021240234375,-0.051513671875,-0.051513671875,2.48828125,0.844482421875
208,readout,,1,1,"1,0,0,1",,,,,,0.071533203125,-0.540771484375,-0.03857421875,-0.090087890625,2.48828125,0.844482421875
208,readout,,1,2,"1,0,0,1",,,,,,-3.9990234375,0.103271484375,-0.4130859375,-0.503173828125,2.48828125,0.844482421875
208,readout,,1,3,"1,0,0,1",,,,,,-1.590087890625,0.0478515625,-0.076171875,-0.579345703125,2.48828125,0.844482421875
208,readout,,1,4,"1,0,0,1",,,,,,0.294189453125,-0.000244140625,0.0,-0.579345703125,2.48828125,0.844482421875
208,readout,,1,5,"1,0,0,1",,,,,,0.092041015625,0.17724609375,0.016357421875,-0.56298828125,2.48828125,0.844482421875
208,readout,,1,6,"1,0,0,1",,,,,,-2.940673828125,-0.113525390625,0.333740234375,-0.229248046875,2.48828125,0.844482421875
208,readout,,1,7,"1,0,0,1",,,,,,-3.204833984375,-0.090576171875,0.290283203125,0.06103515625,2.48828125,0.844482421875
208,readout,,1,8,"1,0,0,1",,,,,,1.3037109375,0.736328125,0.9599609375,1.02099609375,2.48828125,0.844482421875
208,readout,,1,9,"1,0,0,1",,,,,,-0.052001953125,0.166015625,-0.008544921875,1.012451171875,2.48828125,0.844482421875
208,readout,,1,10,"1,0,0,1",,,,,,1.0,-0.16796875,-0.16796875,0.844482421875,2.48828125,0.844482421875
209,neuron,0,,,"1,0,0,0",-2.120849609375,-0.21142578125,0.0,-2.332275390625,0,,,,,,
209,neuron,1,,,"1,0,0,0",0.0625,0.04296875,0.0,0.10546875,0,,,,,,
209,neuron,2,,,"1,0,0,0",-3.4990234375,-0.554931640625,-0.0078125,-3.9990234375,0,,,,,,
209,neuron,3,,,"1,0,0,0",-1.391357421875,-0.090576171875,0.0,-1.48193359375,0,,,,,,
209,neuron,4,,,"1,0,0,0",0.25732421875,0.15283203125,0.14111328125,0.55126953125,0,,,,,,
209,neuron,5,,,"1,0,0,0",0.08056640625,0.571533203125,0.0,0.652099609375,0,,,,,,
209,neuron,6,,,"1,0,0,0",-2.572998046875,-0.427001953125,0.0,-3.0,0,,,,,,
209,neuron,7,,,"1,0,0,0",-2.80419921875,-0.383056640625,0.0,-3.187255859375,0,,,,,,
209,readout,,0,0,"1,0,0,0",,,,,,-2.332275390625,-0.245849609375,0.573486328125,0.573486328125,2.468017578125,0.9765625
209,readout,,0,1,"1,0,0,0",,,,,,0.10546875,0.25048828125,0.0263671875,0.599853515625,2.468017578125,0.9765625
209,readout,,0,2,"1,0,0,0",,,,,,-3.9990234375,-0.015380859375,0.0615234375,0.661376953125,2.468017578125,0.9765625
209,readout,,0,3,"1,0,0,0",,,,,,-1.48193359375,-0.057373046875,0.0849609375,0.746337890625,2.468017578125,0.9765625
209,readout,,0,4,"1,0,0,0",,,,,,0.55126953125,0.0048828125,0.002685546875,0.7490234375,2.468017578125,0.9765625
209,readout,,0,5,"1,0,0,0",,,,,,0.652099609375,0.10595703125,0.069091796875,0.818115234375,2.468017578125,0.9765625
209,readout,,0,6,"1,0,0,0",,,,,,-3.0,-0.00244140625,0.00732421875,0.825439453125,2.468017578125,0.9765625
209,readout,,0,7,"1,0,0,0",,,,,,-3.187255859375,0.31591796875,-1.0068359375,-0.181396484375,2.468017578125,0.9765625
209,readout,,0,8,"1,0,0,0",,,,,,1.34130859375,1.9990234375,2.681396484375,2.5,2.468017578125,0.9765625
209,readout,,0,9,"1,0,0,0",,,,,,0.018798828125,-1.9990234375,-0.03759765625,2.46240234375,2.468017578125,0.9765625
209,readout,,0,10,"1,0,0,0",,,,,,1.0,0.005615234375,0.005615234375,2.468017578125,2.468017578125,0.9765625
209,readout,,1,0,"1,0,0,0",,,,,,-2.332275390625,0.021240234375,-0.049560546875,-0.049560546875,2.468017578125,0.9765625
209,readout,,1,1,"1,0,0,0",,,,,,0.10546875,-0.540771484375,-0.05712890625,-0.106689453125,2.468017578125,0.9765625
209,readout,,1,2,"1,0,0,0",,,,,,-3.9990234375,0.103271484375,-0.4130859375,-0.519775390625,2.468017578125,0.9765625
209,readout,,1,3,"1,0,0,0",,,,,,-1.48193359375,0.0478515625,-0.07080078125,-0.590576171875,2.468017578125,0.9765625
209,readout,,1,4,"1,0,0,0",,,,,,0.55126953125,-0.000244140625,-0.000244140625,-0.5908203125,2.468017578125,0.9765625
209,readout,,1,5,"1,0,0,0",,,,,,0.652099609375,0.17724609375,0.115478515625,-0.475341796875,2.468017578125,0.9765625
209,readout,,1,6,"1,0,0,0",,,,,,-3.0,-0.113525390625,0.340576171875,-0.134765625,2.468017578125,0.9765625
209,readout,,1,7,"1,0,0,0",,,,,,-3.187255859375,-0.090576171875,0.28857421875,0.15380859375,2.468017578125,0.9765625
209,readout,,1,8,"1,0,0,0",,,,,,1.34130859375,0.736328125,0.987548828125,1.141357421875,2.468017578125,0.9765625
209,readout,,1,9,"1,0,0,0",,,,,,0.018798828125,0.166015625,0.003173828125,1.14453125,2.468017578125,0.9765625
209,readout,,1,10,"1,0,0,0",,,,,,1.0,-0.16796875,-0.16796875,0.9765625,2.468017578125,0.9765625
210,neuron,0,,,"1,0,0,0",-2.040771484375,-0.21142578125,0.0,-2.252197265625,0,,,,,,
210,neuron,1,,,"1,0,0,0",0.09228515625,0.04296875,0.0,0.13525390625,0,,,,,,
210,neuron,2,,,"1,0,0,0",-3.4990234375,-0.554931640625,0.0,-3.9990234375,0,,,,,,
210,neuron,3,,,"1,0,0,0",-1.296630859375,-0.090576171875,0.0,-1.38720703125,0,,,,,,
210,neuron,4,,,"1,0,0,0",0.482421875,0.15283203125,0.0,0.63525390625,0,,,,,,
210,neuron,5,,,"1,0,0,0",0.570556640625,0.571533203125,0.0,0.14208984375,1,,,,,,
210,neuron,6,,,"1,0,0,0",-2.625,-0.427001953125,0.0,-3.052001953125,0,,,,,,
210,neuron,7,,,"1,0,0,0",-2.788818359375,-0.383056640625,0.0,-3.171875,0,,,,,,
210,readout,,0,0,"1,0,0,0",,,,,,-2.252197265625,-0.245849609375,0.5537109375,0.5537109375,2.382080078125,0.830322265625
210,readout,,0,1,"1,0,0,0",,,,,,0.13525390625,0.25048828125,0.033935546875,0.587646484375,2.382080078125,0.830322265625
210,readout,,0,2,"1,0,0,0",,,,,,-3.9990234375,-0.015380859375,0.0615234375,0.649169921875,2.382080078125,0.830322265625
210,readout,,0,3,"1,0,0,0",,,,,,-1.38720703125,-0.057373046875,0.07958984375,0.728759765625,2.382080078125,0.830322265625
210,readout,,0,4,"1,0,0,0",,,,,,0.63525390625,0.0048828125,0.003173828125,0.73193359375,2.382080078125,0.830322265625
210,readout,,0,5,"1,0,0,0",,,,,,0.14208984375,0.10595703125,0.01513671875,0.7470703125,2.382080078125,0.830322265625
210,readout,,0,6,"1,0,0,0",,,,,,-3.052001953125,-0.00244140625,0.007568359375,0.754638671875,2.382080078125,0.830322265625
210,readout,,0,7,"1,0,0,0",,,,,,-3.171875,0.31591796875,-1.001953125,-0.247314453125,2.382080078125,0.830322265625
210,readout,,0,8,"1,0,0,0",,,,,,1.283447265625,1.9990234375,2.565673828125,2.318359375,2.382080078125,0.830322265625
210,readout,,0,9,"1,0,0,0",,,,,,-0.029052734375,-1.9990234375,0.05810546875,2.37646484375,2.382080078125,0.830322265625
210,readout,,0,10,"1,0,0,0",,,,,,1.0,0.005615234375,0.005615234375,2.382080078125,2.382080078125,0.830322265625
210,readout,,1,0,"1,0,0,0",,,,,,-2.252197265625,0.021240234375,-0.0478515625,-0.0478515625,2.382080078125,0.830322265625
210,readout,,1,1,"1,0,0,0",,,,,,0.13525390625,-0.540771484375,-0.0732421875,-0.12109375,2.382080078125,0.830322265625
210,readout,,1,2,"1,0,0,0",,,,,,-3.9990234375,0.103271484375,-0.4130859375,-0.5341796875,2.382080078125,0.830322265625
210,readout,,1,3,"1,0,0,0",,,,,,-1.38720703125,0.0478515625,-0.06640625,-0.6005859375,2.382080078125,0.830322265625
210,readout,,1,4,"1,0,0,0",,,,,,0.63525390625,-0.000244140625,-0.000244140625,-0.600830078125,2.382080078125,0.830322265625
210,readout,,1,5,"1,0,0,0",,,,,,0.14208984375,0.17724609375,0.025146484375,-0.57568359375,2.382080078125,0.830322265625
210,readout,,1,6,"1,0,0,0",,,,,,-3.052001953125,-0.113525390625,0.346435546875,-0.229248046875,2.382080078125,0.830322265625
210,readout,,1,7,"1,0,0,0",,,,,,-3.171875,-0.090576171875,0.287353515625,0.05810546875,2.382080078125,0.830322265625
210,readout,,1,8,"1,0,0,0",,,,,,1.283447265625,0.736328125,0.945068359375,1.003173828125,2.382080078125,0.830322265625
210,readout,,1,9,"1,0,0,0",,,,,,-0.029052734375,0.166015625,-0.0048828125,0.998291015625,2.382080078125,0.830322265625
210,readout,,1,10,"1,0,0,0",,,,,,1.0,-0.16796875,-0.16796875,0.830322265625,2.382080078125,0.830322265625
211,neuron,0,,,"1,0,0,0",-1.970703125,-0.21142578125,0.0,-2.18212890625,0,,,,,,
211,neuron,1,,,"1,0,0,0",0.118408203125,0.04296875,0.0,0.161376953125,0,,,,,,
211,neuron,2,,,"1,0,0,0",-3.4990234375,-0.554931640625,-0.0078125,-3.9990234375,0,,,,,,
211,neuron,3,,,"1,0,0,0",-1.2138671875,-0.090576171875,0.0,-1.304443359375,0,,,,,,
211,neuron,4,,,"1,0,0,0",0.555908203125,0.15283203125,0.14111328125,0.849853515625,0,,,,,,
211,neuron,5,,,"1,0,0,0",0.124267578125,0.571533203125,0.0,0.69580078125,0,,,,,,
211,neuron,6,,,"1,0,0,0",-2.67041015625,-0.427001953125,0.0,-3.097412109375,0,,,,,,
211,neuron,7,,,"1,0,0,0",-2.775390625,-0.383056640625,0.0,-3.158447265625,0,,,,,,
211,readout,,0,0,"1,0,0,0",,,,,,-2.18212890625,-0.245849609375,0.536376953125,0.536376953125,2.379150390625,0.93408203125
211,readout,,0,1,"1,0,0,0",,,,,,0.161376953125,0.25048828125,0.04052734375,0.576904296875,2.379150390625,0.93408203125
211,readout,,0,2,"1,0,0,0",,,,,,-3.9990234375,-0.015380859375,0.0615234375,0.638427734375,2.379150390625,0.93408203125
211,readout,,0,3,"1,0,0,0",,,,,,-1.304443359375,-0.057373046875,0.074951171875,0.71337890625,2.379150390625,0.93408203125
211,readout,,0,4,"1,0,0,0",,,,,,0.849853515625,0.0048828125,0.004150390625,0.717529296875,2.379150390625,0.93408203125
211,readout,,0,5,"1,0,0,0",,,,,,0.69580078125,0.10595703125,0.07373046875,0.791259765625,2.379150390625,0.93408203125
211,readout,,0,6,"1,0,0,0",,,,,,-3.097412109375,-0.00244140625,0.007568359375,0.798828125,2.379150390625,0.93408203125
211,readout,,0,7,"1,0,0,0",,,,,,-3.158447265625,0.31591796875,-0.997802734375,-0.198974609375,2.379150390625,0.93408203125
211,readout,,0,8,"1,0,0,0",,,,,,1.2900390625,1.9990234375,2.578857421875,2.3798828125,2.379150390625,0.93408203125
211,readout,,0,9,"1,0,0,0",,,,,,0.003173828125,-1.9990234375,-0.00634765625,2.37353515625,2.379150390625,0.93408203125
211,readout,,0,10,"1,0,0,0",,,,,,1.0,0.005615234375,0.005615234375,2.379150390625,2.379150390625,0.93408203125
211,readout,,1,0,"1,0,0,0",,,,,,-2.18212890625,0.021240234375,-0.04638671875,-0.04638671875,2.379150390625,0.93408203125
211,readout,,1,1,"1,0,0,0",,,,,,0.161376953125,-0.540771484375,-0.087158203125,-0.133544921875,2.379150390625,0.93408203125
211,readout,,1,2,"1,0,0,0",,,,,,-3.9990234375,0.103271484375,-0.4130859375,-0.546630859375,2.379150390625,0.93408203125
211,readout,,1,3,"1,0,0,0",,,,,,-1.304443359375,0.0478515625,-0.0625,-0.609130859375,2.379150390625,0.93408203125
211,readout,,1,4,"1,0,0,0",,,,,,0.849853515625,-0.000244140625,-0.000244140625,-0.609375,2.379150390625,0.93408203125
211,readout,,1,5,"1,0,0,0",,,,,,0.69580078125,0.17724609375,0.123291015625,-0.486083984375,2.379150390625,0.93408203125
211,readout,,1,6,"1,0,0,0",,,,,,-3.097412109375,-0.113525390625,0.3515625,-0.134521484375,2.379150390625,0.93408203125
211,readout,,1,7,"1,0,0,0",,,,,,-3.158447265625,-0.090576171875,0.2861328125,0.151611328125,2.379150390625,0.93408203125
211,readout,,1,8,"1,0,0,0",,,,,,1.2900390625,0.736328125,0.949951171875,1.1015625,2.379150390625,0.93408203125
211,readout,,1,9,"1,0,0,0",,,,,,0.003173828125,0.166015625,0.00048828125,1.10205078125,2.379150390625,0.93408203125
211,readout,,1,10,"1,0,0,0",,,,,,1.0,-0.16796875,-0.16796875,0.93408203125,2.379150390625,0.93408203125
212,neuron,0,,,"1,0,0,0",-1.909423828125,-0.21142578125,0.0,-2.120849609375,0,,,,,,
212,neuron,1,,,"1,0,0,0",0.14111328125,0.04296875,0.0,0.18408203125,0,,,,,,
212,neuron,2,,,"1,0,0,0",-3.4990234375,-0.554931640625,0.0,-3.9990234375,0,,,,,,
212,neuron,3,,,"1,0,0,0",-1.141357421875,-0.090576171875,0.0,-1.23193359375,0,,,,,,
212,neuron,4,,,"1,0,0,0",0.74365234375,0.15283203125,0.0,0.896484375,0,,,,,,
212,neuron,5,,,"1,0,0,0",0.60888671875,0.571533203125,0.0,0.180419921875,1,,,,,,
212,neuron,6,,,"1,0,0,0",-2.710205078125,-0.427001953125,0.0,-3.13720703125,0,,,,,,
212,neuron,7,,,"1,0,0,0",-2.763671875,-0.383056640625,0.0,-3.146728515625,0,,,,,,
212,readout,,0,0,"1,0,0,0",,,,,,-2.120849609375,-0.245849609375,0.521484375,0.521484375,2.3134765625,0.83203125
212,readout,,0,1,"1,0,0,0",,,,,,0.18408203125,0.25048828125,0.046142578125,0.567626953125,2.3134765625,0.83203125
212,readout,,0,2,"1,0,0,0",,,,,,-3.9990234375,-0.015380859375,0.0615234375,0.629150390625,2.3134765625,0.83203125
212,readout,,0,3,"1,0,0,0",,,,,,-1.23193359375,-0.057373046875,0.07080078125,0.699951171875,2.3134765625,0.83203125
212,readout,,0,4,"1,0,0,0",,,,,,0.896484375,0.0048828125,0.00439453125,0.704345703125,2.3134765625,0.83203125
212,readout,,0,5,"1,0,0,0",,,,,,0.180419921875,0.10595703125,0.01904296875,0.723388671875,2.3134765625,0.83203125
212,readout,,0,6,"1,0,0,0",,,,,,-3.13720703125,-0.00244140625,0.007568359375,0.73095703125,2.3134765625,0.83203125
212,readout,,0,7,"1,0,0,0",,,,,,-3.146728515625,0.31591796875,-0.994140625,-0.26318359375,2.3134765625,0.83203125
212,readout,,0,8,"1,0,0,0",,,,,,1.282470703125,1.9990234375,2.563720703125,2.300537109375,2.3134765625,0.83203125
212,readout,,0,9,"1,0,0,0",,,,,,-0.003662109375,-1.9990234375,0.00732421875,2.307861328125,2.3134765625,0.83203125
212,readout,,0,10,"1,0,0,0",,,,,,1.0,0.005615234375,0.005615234375,2.3134765625,2.3134765625,0.83203125
212,readout,,1,0,"1,0,0,0",,,,,,-2.120849609375,0.021240234375,-0.045166015625,-0.045166015625,2.3134765625,0.83203125
212,readout,,1,1,"1,0,0,0",,,,,,0.18408203125,-0.540771484375,-0.099609375,-0.144775390625,2.3134765625,0.83203125
212,readout,,1,2,"1,0,0,0",,,,,,-3.9990234375,0.103271484375,-0.4130859375,-0.557861328125,2.3134765625,0.83203125
212,readout,,1,3,"1,0,0,0",,,,,,-1.23193359375,0.0478515625,-0.058837890625,-0.61669921875,2.3134765625,0.83203125
212,readout,,1,4,"1,0,0,0",,,,,,0.896484375,-0.000244140625,-0.000244140625,-0.616943359375,2.3134765625,0.83203125
212,readout,,1,5,"1,0,0,0",,,,,,0.180419921875,0.17724609375,0.031982421875,-0.5849609375,2.3134765625,0.83203125
212,readout,,1,6,"1,0,0,0",,,,,,-3.13720703125,-0.113525390625,0.356201171875,-0.228759765625,2.3134765625,0.83203125
212,readout,,1,7,"1,0,0,0",,,,,,-3.146728515625,-0.090576171875,0.284912109375,0.05615234375,2.3134765625,0.83203125
212,readout,,1,8,"1,0,0,0",,,,,,1.282470703125,0.736328125,0.9443359375,1.00048828125,2.3134765625,0.83203125
212,readout,,1,9,"1,0,0,0",,,,,,-0.003662109375,0.166015625,-0.00048828125,1.0,2.3134765625,0.83203125
212,readout,,1,10,"1,0,0,0",,,,,,1.0,-0.16796875,-0.16796875,0.83203125,2.3134765625,0.83203125
213,neuron,0,,,"1,0,0,0",-1.855712890625,-0.21142578125,0.0,-2.067138671875,0,,,,,,
213,neuron,1,,,"1,0,0,0",0.1611328125,0.04296875,0.0,0.2041015625,0,,,,,,
213,neuron,2,,,"1,0,0,0",-3.4990234375,-0.554931640625,-0.0078125,-3.9990234375,0,,,,,,
213,neuron,3,,,"1,0,0,0",-1.077880859375,-0.090576171875,0.0,-1.16845703125,0,,,,,,
213,neuron,4,,,"1,0,0,0",0.784423828125,0.15283203125,0.14111328125,0.078369140625,1,,,,,,
213,neuron,5,,,"1,0,0,0",0.157958984375,0.571533203125,0.0,0.7294921875,0,,,,,,
213,neuron,6,,,"1,0,0,0",-2.7451171875,-0.427001953125,0.0,-3.172119140625,0,,,,,,
213,neuron,7,,,"1,0,0,0",-2.75341796875,-0.383056640625,0.0,-3.136474609375,0,,,,,,
213,readout,,0,0,"1,0,0,0",,,,,,-2.067138671875,-0.245849609375,0.50830078125,0.50830078125,2.3916015625,0.95947265625
213,readout,,0,1,"1,0,0,0",,,,,,0.2041015625,0.25048828125,0.051025390625,0.559326171875,2.3916015625,0.95947265625
213,readout,,0,2,"1,0,0,0",,,,,,-3.9990234375,-0.015380859375,0.0615234375,0.620849609375,2.3916015625,0.95947265625
213,readout,,0,3,"1,0,0,0",,,,,,-1.16845703125,-0.057373046875,0.067138671875,0.68798828125,2.3916015625,0.95947265625
213,readout,,0,4,"1,0,0,0",,,,,,0.078369140625,0.0048828125,0.00048828125,0.6884765625,2.3916015625,0.95947265625
213,readout,,0,5,"1,0,0,0",,,,,,0.7294921875,0.10595703125,0.077392578125,0.765869140625,2.3916015625,0.95947265625
213,readout,,0,6,"1,0,0,0",,,,,,-3.172119140625,-0.00244140625,0.0078125,0.773681640625,2.3916015625,0.95947265625
213,readout,,0,7,"1,0,0,0",,,,,,-3.136474609375,0.31591796875,-0.990966796875,-0.21728515625,2.3916015625,0.95947265625
213,readout,,0,8,"1,0,0,0",,,,,,1.322265625,1.9990234375,2.643310546875,2.426025390625,2.3916015625,0.95947265625
213,readout,,0,9,"1,0,0,0",,,,,,0.02001953125,-1.9990234375,-0.0400390625,2.385986328125,2.3916015625,0.95947265625
213,readout,,0,10,"1,0,0,0",,,,,,1.0,0.005615234375,0.005615234375,2.3916015625,2.3916015625,0.95947265625
213,readout,,1,0,"1,0,0,0",,,,,,-2.067138671875,0.021240234375,-0.0439453125,-0.0439453125,2.3916015625,0.95947265625
213,readout,,1,1,"1,0,0,0",,,,,,0.2041015625,-0.540771484375,-0.1103515625,-0.154296875,2.3916015625,0.95947265625
213,readout,,1,2,"1,0,0,0",,,,,,-3.9990234375,0.103271484375,-0.4130859375,-0.5673828125,2.3916015625,0.95947265625
213,readout,,1,3,"1,0,0,0",,,,,,-1.16845703125,0.0478515625,-0.055908203125,-0.623291015625,2.3916015625,0.95947265625
213,readout,,1,4,"1,0,0,0",,,,,,0.078369140625,-0.000244140625,0.0,-0.623291015625,2.3916015625,0.95947265625
213,readout,,1,5,"1,0,0,0",,,,,,0.7294921875,0.17724609375,0.12939453125,-0.493896484375,2.3916015625,0.95947265625
213,readout,,1,6,"1,0,0,0",,,,,,-3.172119140625,-0.113525390625,0.360107421875,-0.1337890625,2.3916015625,0.95947265625
213,readout,,1,7,"1,0,0,0",,,,,,-3.136474609375,-0.090576171875,0.2841796875,0.150390625,2.3916015625,0.95947265625
213,readout,,1,8,"1,0,0,0",,,,,,1.322265625,0.736328125,0.9736328125,1.1240234375,2.3916015625,0.95947265625
213,readout,,1,9,"1,0,0,0",,,,,,0.02001953125,0.166015625,0.00341796875,1.12744140625,2.3916015625,0.95947265625
213,readout,,1,10,"1,0,0,0",,,,,,1.0,-0.16796875,-0.16796875,0.95947265625,2.3916015625,0.95947265625
214,neuron,0,,,"1,0,0,0",-1.808837890625,-0.21142578125,0.0,-2.020263671875,0,,,,,,
214,neuron,1,,,"1,0,0,0",0.1787109375,0.04296875,0.052001953125,0.273681640625,0,,,,,,
214,neuron,2,,,"1,0,0,0",-3.4990234375,-0.554931640625,0.0,-3.9990234375,0,,,,,,
214,neuron,3,,,"1,0,0,0",-1.0224609375,-0.090576171875,0.0,-1.113037109375,0,,,,,,
214,neuron,4,,,"1,0,0,0",0.068603515625,0.15283203125,0.0,0.221435546875,0,,,,,,
214,neuron,5,,,"1,0,0,0",0.63818359375,0.571533203125,-0.02685546875,0.182861328125,1,,,,,,
214,neuron,6,,,"1,0,0,0",-2.775634765625,-0.427001953125,0.0,-3.20263671875,0,,,,,,
214,neuron,7,,,"1,0,0,0",-2.744384765625,-0.383056640625,0.0,-3.12744140625,0,,,,,,
214,readout,,0,0,"1,0,0,0",,,,,,-2.020263671875,-0.245849609375,0.49658203125,0.49658203125,2.358154296875,0.81005859375
214,readout,,0,1,"1,0,0,0",,,,,,0.273681640625,0.25048828125,0.068603515625,0.565185546875,2.358154296875,0.81005859375
214,readout,,0,2,"1,0,0,0",,,,,,-3.9990234375,-0.015380859375,0.0615234375,0.626708984375,2.358154296875,0.81005859375
214,readout,,0,3,"1,0,0,0",,,,,,-1.113037109375,-0.057373046875,0.06396484375,0.690673828125,2.358154296875,0.81005859375
214,readout,,0,4,"1,0,0,0",,,,,,0.221435546875,0.0048828125,0.0009765625,0.691650390625,2.358154296875,0.81005859375
214,readout,,0,5,"1,0,0,0",,,,,,0.182861328125,0.10595703125,0.019287109375,0.7109375,2.358154296875,0.81005859375
214,readout,,0,6,"1,0,0,0",,,,,,-3.20263671875,-0.00244140625,0.0078125,0.71875,2.358154296875,0.81005859375
214,readout,,0,7,"1,0,0,0",,,,,,-3.12744140625,0.31591796875,-0.988037109375,-0.269287109375,2.358154296875,0.81005859375
214,readout,,0,8,"1,0,0,0",,,,,,1.30078125,1.9990234375,2.600341796875,2.3310546875,2.358154296875,0.81005859375
214,readout,,0,9,"1,0,0,0",,,,,,-0.0107421875,-1.9990234375,0.021484375,2.3525390625,2.358154296875,0.81005859375
214,readout,,0,10,"1,0,0,0",,,,,,1.0,0.005615234375,0.005615234375,2.358154296875,2.358154296875,0.81005859375
214,readout,,1,0,"1,0,0,0",,,,,,-2.020263671875,0.021240234375,-0.04296875,-0.04296875,2.358154296875,0.81005859375
214,readout,,1,1,"1,0,0,0",,,,,,0.273681640625,-0.540771484375,-0.14794921875,-0.19091796875,2.358154296875,0.81005859375
214,readout,,1,2,"1,0,0,0",,,,,,-3.9990234375,0.103271484375,-0.4130859375,-0.60400390625,2.358154296875,0.81005859375
214,readout,,1,3,"1,0,0,0",,,,,,-1.113037109375,0.0478515625,-0.05322265625,-0.6572265625,2.358154296875,0.81005859375
214,readout,,1,4,"1,0,0,0",,,,,,0.221435546875,-0.000244140625,0.0,-0.6572265625,2.358154296875,0.81005859375
214,readout,,1,5,"1,0,0,0",,,,,,0.182861328125,0.17724609375,0.032470703125,-0.624755859375,2.358154296875,0.81005859375
214,readout,,1,6,"1,0,0,0",,,,,,-3.20263671875,-0.113525390625,0.363525390625,-0.26123046875,2.358154296875,0.81005859375
214,readout,,1,7,"1,0,0,0",,,,,,-3.12744140625,-0.090576171875,0.283203125,0.02197265625,2.358154296875,0.81005859375
214,readout,,1,8,"1,0,0,0",,,,,,1.30078125,0.736328125,0.957763671875,0.979736328125,2.358154296875,0.81005859375
214,readout,,1,9,"1,0,0,0",,,,,,-0.0107421875,0.166015625,-0.001708984375,0.97802734375,2.358154296875,0.81005859375
214,readout,,1,10,"1,0,0,0",,,,,,1.0,-0.16796875,-0.16796875,0.81005859375,2.358154296875,0.81005859375
215,neuron,0,,,"1,0,0,0",-1.767822265625,-0.21142578125,0.0,-1.979248046875,0,,,,,,
215,neuron,1,,,"1,0,0,0",0.239501953125,0.04296875,0.0,0.282470703125,0,,,,,,
215,neuron,2,,,"1,0,0,0",-3.4990234375,-0.554931640625,-0.0078125,-3.9990234375,0,,,,,,
215,neuron,3,,,"1,0,0,0",-0.973876953125,-0.090576171875,0.0,-1.064453125,0,,,,,,
215,neuron,4,,,"1,0,0,0",0.19384765625,0.15283203125,0.14111328125,0.48779296875,0,,,,,,
215,neuron,5,,,"1,0,0,0",0.159912109375,0.571533203125,0.0,0.7314453125,0,,,,,,
215,neuron,6,,,"1,0,0,0",-2.80224609375,-0.427001953125,0.0,-3.229248046875,0,,,,,,
215,neuron,7,,,"1,0,0,0",-2.736572265625,-0.383056640625,0.0,-3.11962890625,0,,,,,,
215,readout,,0,0,"1,0,0,0",,,,,,-1.979248046875,-0.245849609375,0.486572265625,0.486572265625,2.46484375,0.972900390625
215,readout,,0,1,"1,0,0,0",,,,,,0.282470703125,0.25048828125,0.07080078125,0.557373046875,2.46484375,0.972900390625
215,readout,,0,2,"1,0,0,0",,,,,,-3.9990234375,-0.015380859375,0.0615234375,0.618896484375,2.46484375,0.972900390625
215,readout,,0,3,"1,0,0,0",,,,,,-1.064453125,-0.057373046875,0.06103515625,0.679931640625,2.46484375,0.972900390625
215,readout,,0,4,"1,0,0,0",,,,,,0.48779296875,0.0048828125,0.00244140625,0.682373046875,2.46484375,0.972900390625
215,readout,,0,5,"1,0,0,0",,,,,,0.7314453125,0.10595703125,0.077392578125,0.759765625,2.46484375,0.972900390625
215,readout,,0,6,"1,0,0,0",,,,,,-3.229248046875,-0.00244140625,0.0078125,0.767578125,2.46484375,0.972900390625
215,readout,,0,7,"1,0,0,0",,,,,,-3.11962890625,0.31591796875,-0.985595703125,-0.218017578125,2.46484375,0.972900390625
215,readout,,0,8,"1,0,0,0",,,,,,1.3779296875,1.9990234375,2.75439453125,2.536376953125,2.46484375,0.972900390625
215,readout,,0,9,"1,0,0,0",,,,,,0.03857421875,-1.9990234375,-0.0771484375,2.459228515625,2.46484375,0.972900390625
215,readout,,0,10,"1,0,0,0",,,,,,1.0,0.005615234375,0.005615234375,2.46484375,2.46484375,0.972900390625
215,readout,,1,0,"1,0,0,0",,,,,,-1.979248046875,0.021240234375,-0.0419921875,-0.0419921875,2.46484375,0.972900390625
215,readout,,1,1,"1,0,0,0",,,,,,0.282470703125,-0.540771484375,-0.15283203125,-0.19482421875,2.46484375,0.972900390625
215,readout,,1,2,"1,0,0,0",,,,,,-3.9990234375,0.103271484375,-0.4130859375,-0.60791015625,2.46484375,0.972900390625
215,readout,,1,3,"1,0,0,0",,,,,,-1.064453125,0.0478515625,-0.051025390625,-0.658935546875,2.46484375,0.972900390625
215,readout,,1,4,"1,0,0,0",,,,,,0.48779296875,-0.000244140625,0.0,-0.658935546875,2.46484375,0.972900390625
215,readout,,1,5,"1,0,0,0",,,,,,0.7314453125,0.17724609375,0.129638671875,-0.529296875,2.46484375,0.972900390625
215,readout,,1,6,"1,0,0,0",,,,,,-3.229248046875,-0.113525390625,0.36669921875,-0.16259765625,2.46484375,0.972900390625
215,readout,,1,7,"1,0,0,0",,,,,,-3.11962890625,-0.090576171875,0.282470703125,0.119873046875,2.46484375,0.972900390625
215,readout,,1,8,"1,0,0,0",,,,,,1.3779296875,0.736328125,1.0146484375,1.134521484375,2.46484375,0.972900390625
215,readout,,1,9,"1,0,0,0",,,,,,0.03857421875,0.166015625,0.00634765625,1.140869140625,2.46484375,0.972900390625
215,readout,,1,10,"1,0,0,0",,,,,,1.0,-0.16796875,-0.16796875,0.972900390625,2.46484375,0.972900390625
216,neuron,0,,,"1,0,0,0",-1.73193359375,-0.21142578125,0.0,-1.943359375,0,,,,,,
216,neuron,1,,,"1,0,0,0",0.2470703125,0.04296875,0.0,0.2900390625,0,,,,,,
216,neuron,2,,,"1,0,0,0",-3.4990234375,-0.554931640625,0.0,-3.9990234375,0,,,,,,
216,neuron,3,,,"1,0,0,0",-0.931396484375,-0.090576171875,0.0,-1.02197265625,0,,,,,,
216,neuron,4,,,"1,0,0,0",0.4267578125,0.15283203125,0.0,0.57958984375,0,,,,,,
216,neuron,5,,,"1,0,0,0",0.64013671875,0.571533203125,0.0,0.211669921875,1,,,,,,
216,neuron,6,,,"1,0,0,0",-2.82568359375,-0.427001953125,0.0,-3.252685546875,0,,,,,,
216,neuron,7,,,"1,0,0,0",-2.729736328125,-0.383056640625,0.0,-3.11279296875,0,,,,,,
216,readout,,0,0,"1,0,0,0",,,,,,-1.943359375,-0.245849609375,0.477783203125,0.477783203125,2.408203125,0.815673828125
216,readout,,0,1,"1,0,0,0",,,,,,0.2900390625,0.25048828125,0.07275390625,0.550537109375,2.408203125,0.815673828125
216,readout,,0,2,"1,0,0,0",,,,,,-3.9990234375,-0.015380859375,0.0615234375,0.612060546875,2.408203125,0.815673828125
216,readout,,0,3,"1,0,0,0",,,,,,-1.02197265625,-0.057373046875,0.05859375,0.670654296875,2.408203125,0.815673828125
216,readout,,0,4,"1,0,0,0",,,,,,0.57958984375,0.0048828125,0.0029296875,0.673583984375,2.408203125,0.815673828125
216,readout,,0,5,"1,0,0,0",,,,,,0.211669921875,0.10595703125,0.0224609375,0.696044921875,2.408203125,0.815673828125
216,readout,,0,6,"1,0,0,0",,,,,,-3.252685546875,-0.00244140625,0.008056640625,0.7041015625,2.408203125,0.815673828125
216,readout,,0,7,"1,0,0,0",,,,,,-3.11279296875,0.31591796875,-0.9833984375,-0.279296875,2.408203125,0.815673828125
216,readout,,0,8,"1,0,0,0",,,,,,1.305419921875,1.9990234375,2.609619140625,2.330322265625,2.408203125,0.815673828125
216,readout,,0,9,"1,0,0,0",,,,,,-0.0361328125,-1.9990234375,0.072265625,2.402587890625,2.408203125,0.815673828125
216,readout,,0,10,"1,0,0,0",,,,,,1.0,0.005615234375,0.005615234375,2.408203125,2.408203125,0.815673828125
216,readout,,1,0,"1,0,0,0",,,,,,-1.943359375,0.021240234375,-0.041259765625,-0.041259765625,2.408203125,0.815673828125
216,readout,,1,1,"1,0,0,0",,,,,,0.2900390625,-0.540771484375,-0.15673828125,-0.197998046875,2.408203125,0.815673828125
216,readout,,1,2,"1,0,0,0",,,,,,-3.9990234375,0.103271484375,-0.4130859375,-0.611083984375,2.408203125,0.815673828125
216,readout,,1,3,"1,0,0,0",,,,,,-1.02197265625,0.0478515625,-0.048828125,-0.659912109375,2.408203125,0.815673828125
216,readout,,1,4,"1,0,0,0",,,,,,0.57958984375,-0.000244140625,-0.000244140625,-0.66015625,2.408203125,0.815673828125
216,readout,,1,5,"1,0,0,0",,,,,,0.211669921875,0.17724609375,0.03759765625,-0.62255859375,2.408203125,0.815673828125
216,readout,,1,6,"1,0,0,0",,,,,,-3.252685546875,-0.113525390625,0.369140625,-0.25341796875,2.408203125,0.815673828125
216,readout,,1,7,"1,0,0,0",,,,,,-3.11279296875,-0.090576171875,0.281982421875,0.028564453125,2.408203125,0.815673828125
216,readout,,1,8,"1,0,0,0",,,,,,1.305419921875,0.736328125,0.961181640625,0.98974609375,2.408203125,0.815673828125
216,readout,,1,9,"1,0,0,0",,,,,,-0.0361328125,0.166015625,-0.006103515625,0.983642578125,2.408203125,0.815673828125
216,readout,,1,10,"1,0,0,0",,,,,,1.0,-0.16796875,-0.16796875,0.815673828125,2.408203125,0.815673828125
217,neuron,0,,,"1,0,0,0",-1.700439453125,-0.21142578125,0.0,-1.911865234375,0,,,,,,
217,neuron,1,,,"1,0,0,0",0.25390625,0.04296875,0.0,0.296875,0,,,,,,
217,neuron,2,,,"1,0,0,0",-3.4990234375,-0.554931640625,-0.0078125,-3.9990234375,0,,,,,,
217,neuron,3,,,"1,0,0,0",-0.894287109375,-0.090576171875,0.0,-0.98486328125,0,,,,,,
217,neuron,4,,,"1,0,0,0",0.507080078125,0.15283203125,0.14111328125,0.801025390625,0,,,,,,
217,neuron,5,,,"1,0,0,0",0.185302734375,0.571533203125,0.0,0.7568359375,0,,,,,,
217,neuron,6,,,"1,0,0,0",-2.84619140625,-0.427001953125,0.0,-3.273193359375,0,,,,,,
217,neuron,7,,,"1,0,0,0",-2.7236328125,-0.383056640625,0.0,-3.106689453125,0,,,,,,
217,readout,,0,0,"1,0,0,0",,,,,,-1.911865234375,-0.245849609375,0.469970703125,0.469970703125,2.36669921875,0.901123046875
217,readout,,0,1,"1,0,0,0",,,,,,0.296875,0.25048828125,0.074462890625,0.54443359375,2.36669921875,0.901123046875
217,readout,,0,2,"1,0,0,0",,,,,,-3.9990234375,-0.015380859375,0.0615234375,0.60595703125,2.36669921875,0.901123046875
217,readout,,0,3,"1,0,0,0",,,,,,-0.98486328125,-0.057373046875,0.056396484375,0.662353515625,2.36669921875,0.901123046875
217,readout,,0,4,"1,0,0,0",,,,,,0.801025390625,0.0048828125,0.00390625,0.666259765625,2.36669921875,0.901123046875
217,readout,,0,5,"1,0,0,0",,,,,,0.7568359375,0.10595703125,0.080078125,0.746337890625,2.36669921875,0.901123046875
217,readout,,0,6,"1,0,0,0",,,,,,-3.273193359375,-0.00244140625,0.008056640625,0.75439453125,2.36669921875,0.901123046875
217,readout,,0,7,"1,0,0,0",,,,,,-3.106689453125,0.31591796875,-0.9814453125,-0.22705078125,2.36669921875,0.901123046875
217,readout,,0,8,"1,0,0,0",,,,,,1.28369140625,1.9990234375,2.566162109375,2.339111328125,2.36669921875,0.901123046875
217,readout,,0,9,"1,0,0,0",,,,,,-0.010986328125,-1.9990234375,0.02197265625,2.361083984375,2.36669921875,0.901123046875
217,readout,,0,10,"1,0,0,0",,,,,,1.0,0.005615234375,0.005615234375,2.36669921875,2.36669921875,0.901123046875
217,readout,,1,0,"1,0,0,0",,,,,,-1.911865234375,0.021240234375,-0.04052734375,-0.04052734375,2.36669921875,0.901123046875
217,readout,,1,1,"1,0,0,0",,,,,,0.296875,-0.540771484375,-0.16064453125,-0.201171875,2.36669921875,0.901123046875
217,readout,,1,2,"1,0,0,0",,,,,,-3.9990234375,0.103271484375,-0.4130859375,-0.6142578125,2.36669921875,0.901123046875
217,readout,,1,3,"1,0,0,0",,,,,,-0.98486328125,0.0478515625,-0.047119140625,-0.661376953125,2.36669921875,0.901123046875
217,readout,,1,4,"1,0,0,0",,,,,,0.801025390625,-0.000244140625,-0.000244140625,-0.66162109375,2.36669921875,0.901123046875
217,readout,,1,5,"1,0,0,0",,,,,,0.7568359375,0.17724609375,0.134033203125,-0.527587890625,2.36669921875,0.901123046875
217,readout,,1,6,"1,0,0,0",,,,,,-3.273193359375,-0.113525390625,0.37158203125,-0.156005859375,2.36669921875,0.901123046875
217,readout,,1,7,"1,0,0,0",,,,,,-3.106689453125,-0.090576171875,0.281494140625,0.12548828125,2.36669921875,0.901123046875
217,readout,,1,8,"1,0,0,0",,,,,,1.28369140625,0.736328125,0.9453125,1.07080078125,2.36669921875,0.901123046875
217,readout,,1,9,"1,0,0,0",,,,,,-0.010986328125,0.166015625,-0.001708984375,1.069091796875,2.36669921875,0.901123046875
217,readout,,1,10,"1,0,0,0",,,,,,1.0,-0.16796875,-0.16796875,0.901123046875,2.36669921875,0.901123046875
218,neuron,0,,,"1,0,0,0",-1.6728515625,-0.21142578125,0.0,-1.88427734375,0,,,,,,
218,neuron,1,,,"1,0,0,0",0.259765625,0.04296875,0.0,0.302734375,0,,,,,,
218,neuron,2,,,"1,0,0,0",-3.4990234375,-0.554931640625,0.0,-3.9990234375,0,,,,,,
218,neuron,3,,,"1,0,0,0",-0.86181640625,-0.090576171875,0.0,-0.952392578125,0,,,,,,
218,neuron,4,,,"1,0,0,0",0.700927734375,0.15283203125,0.0,0.853759765625,0,,,,,,
218,neuron,5,,,"1,0,0,0",0.662109375,0.571533203125,0.0,0.233642578125,1,,,,,,
218,neuron,6,,,"1,0,0,0",-2.864013671875,-0.427001953125,0.0,-3.291015625,0,,,,,,
218,neuron,7,,,"1,0,0,0",-2.71826171875,-0.383056640625,0.0,-3.101318359375,0,,,,,,
218,readout,,0,0,"1,0,0,0",,,,,,-1.88427734375,-0.245849609375,0.463134765625,0.463134765625,2.2880859375,0.8134765625
218,readout,,0,1,"1,0,0,0",,,,,,0.302734375,0.25048828125,0.075927734375,0.5390625,2.2880859375,0.8134765625
218,readout,,0,2,"1,0,0,0",,,,,,-3.9990234375,-0.015380859375,0.0615234375,0.6005859375,2.2880859375,0.8134765625
218,readout,,0,3,"1,0,0,0",,,,,,-0.952392578125,-0.057373046875,0.0546875,0.6552734375,2.2880859375,0.8134765625
218,readout,,0,4,"1,0,0,0",,,,,,0.853759765625,0.0048828125,0.004150390625,0.659423828125,2.2880859375,0.8134765625
218,readout,,0,5,"1,0,0,0",,,,,,0.233642578125,0.10595703125,0.024658203125,0.68408203125,2.2880859375,0.8134765625
218,readout,,0,6,"1,0,0,0",,,,,,-3.291015625,-0.00244140625,0.008056640625,0.692138671875,2.2880859375,0.8134765625
218,readout,,0,7,"1,0,0,0",,,,,,-3.101318359375,0.31591796875,-0.979736328125,-0.28759765625,2.2880859375,0.8134765625
218,readout,,0,8,"1,0,0,0",,,,,,1.28759765625,1.9990234375,2.573974609375,2.286376953125,2.2880859375,0.8134765625
218,readout,,0,9,"1,0,0,0",,,,,,0.001953125,-1.9990234375,-0.00390625,2.282470703125,2.2880859375,0.8134765625
218,readout,,0,10,"1,0,0,0",,,,,,1.0,0.005615234375,0.005615234375,2.2880859375,2.2880859375,0.8134765625
218,readout,,1,0,"1,0,0,0",,,,,,-1.88427734375,0.021240234375,-0.0400390625,-0.0400390625,2.2880859375,0.8134765625
218,readout,,1,1,"1,0,0,0",,,,,,0.302734375,-0.540771484375,-0.163818359375,-0.203857421875,2.2880859375,0.8134765625
218,readout,,1,2,"1,0,0,0",,,,,,-3.9990234375,0.103271484375,-0.4130859375,-0.616943359375,2.2880859375,0.8134765625
218,readout,,1,3,"1,0,0,0",,,,,,-0.952392578125,0.0478515625,-0.045654296875,-0.66259765625,2.2880859375,0.8134765625
218,readout,,1,4,"1,0,0,0",,,,,,0.853759765625,-0.000244140625,-0.000244140625,-0.662841796875,2.2880859375,0.8134765625
218,readout,,1,5,"1,0,0,0",,,,,,0.233642578125,0.17724609375,0.04150390625,-0.621337890625,2.2880859375,0.8134765625
218,readout,,1,6,"1,0,0,0",,,,,,-3.291015625,-0.113525390625,0.37353515625,-0.247802734375,2.2880859375,0.8134765625
218,readout,,1,7,"1,0,0,0",,,,,,-3.101318359375,-0.090576171875,0.281005859375,0.033203125,2.2880859375,0.8134765625
218,readout,,1,8,"1,0,0,0",,,,,,1.28759765625,0.736328125,0.947998046875,0.981201171875,2.2880859375,0.8134765625
218,readout,,1,9,"1,0,0,0",,,,,,0.001953125,0.166015625,0.000244140625,0.9814453125,2.2880859375,0.8134765625
218,readout,,1,10,"1,0,0,0",,,,,,1.0,-0.16796875,-0.16796875,0.8134765625,2.2880859375,0.8134765625
219,neuron,0,,,"1,0,0,0",-1.648681640625,-0.21142578125,0.0,-1.860107421875,0,,,,,,
219,neuron,1,,,"1,0,0,0",0.264892578125,0.04296875,0.0,0.307861328125,0,,,,,,
219,neuron,2,,,"1,0,0,0",-3.4990234375,-0.554931640625,-0.0078125,-3.9990234375,0,,,,,,
219,neuron,3,,,"1,0,0,0",-0.833251953125,-0.090576171875,0.0,-0.923828125,0,,,,,,
219,neuron,4,,,"1,0,0,0",0.7470703125,0.15283203125,0.14111328125,0.041015625,1,,,,,,
219,neuron,5,,,"1,0,0,0",0.204345703125,0.571533203125,0.0,0.77587890625,0,,,,,,
219,neuron,6,,,"1,0,0,0",-2.879638671875,-0.427001953125,0.0,-3.306640625,0,,,,,,
219,neuron,7,,,"1,0,0,0",-2.713623046875,-0.383056640625,0.0,-3.0966796875,0,,,,,,
219,readout,,0,0,"1,0,0,0",,,,,,-1.860107421875,-0.245849609375,0.457275390625,0.457275390625,2.38671875,0.9482421875
219,readout,,0,1,"1,0,0,0",,,,,,0.307861328125,0.25048828125,0.0771484375,0.534423828125,2.38671875,0.9482421875
219,readout,,0,2,"1,0,0,0",,,,,,-3.9990234375,-0.015380859375,0.0615234375,0.595947265625,2.38671875,0.9482421875
219,readout,,0,3,"1,0,0,0",,,,,,-0.923828125,-0.057373046875,0.052978515625,0.64892578125,2.38671875,0.9482421875
219,readout,,0,4,"1,0,0,0",,,,,,0.041015625,0.0048828125,0.000244140625,0.649169921875,2.38671875,0.9482421875
219,readout,,0,5,"1,0,0,0",,,,,,0.77587890625,0.10595703125,0.082275390625,0.7314453125,2.38671875,0.9482421875
219,readout,,0,6,"1,0,0,0",,,,,,-3.306640625,-0.00244140625,0.008056640625,0.739501953125,2.38671875,0.9482421875
219,readout,,0,7,"1,0,0,0",,,,,,-3.0966796875,0.31591796875,-0.978271484375,-0.23876953125,2.38671875,0.9482421875
219,readout,,0,8,"1,0,0,0",,,,,,1.333740234375,1.9990234375,2.666259765625,2.427490234375,2.38671875,0.9482421875
219,readout,,0,9,"1,0,0,0",,,,,,0.023193359375,-1.9990234375,-0.04638671875,2.381103515625,2.38671875,0.9482421875
219,readout,,0,10,"1,0,0,0",,,,,,1.0,0.005615234375,0.005615234375,2.38671875,2.38671875,0.9482421875
219,readout,,1,0,"1,0,0,0",,,,,,-1.860107421875,0.021240234375,-0.03955078125,-0.03955078125,2.38671875,0.9482421875
219,readout,,1,1,"1,0,0,0",,,,,,0.307861328125,-0.540771484375,-0.16650390625,-0.2060546875,2.38671875,0.9482421875
219,readout,,1,2,"1,0,0,0",,,,,,-3.9990234375,0.103271484375,-0.4130859375,-0.619140625,2.38671875,0.9482421875
219,readout,,1,3,"1,0,0,0",,,,,,-0.923828125,0.0478515625,-0.044189453125,-0.663330078125,2.38671875,0.9482421875
219,readout,,1,4,"1,0,0,0",,,,,,0.041015625,-0.000244140625,0.0,-0.663330078125,2.38671875,0.9482421875
219,readout,,1,5,"1,0,0,0",,,,,,0.77587890625,0.17724609375,0.137451171875,-0.52587890625,2.38671875,0.9482421875
219,readout,,1,6,"1,0,0,0",,,,,,-3.306640625,-0.113525390625,0.37548828125,-0.150390625,2.38671875,0.9482421875
219,readout,,1,7,"1,0,0,0",,,,,,-3.0966796875,-0.090576171875,0.280517578125,0.130126953125,2.38671875,0.9482421875
219,readout,,1,8,"1,0,0,0",,,,,,1.333740234375,0.736328125,0.982177734375,1.1123046875,2.38671875,0.9482421875
219,readout,,1,9,"1,0,0,0",,,,,,0.023193359375,0.166015625,0.00390625,1.1162109375,2.38671875,0.9482421875
219,readout,,1,10,"1,0,0,0",,,,,,1.0,-0.16796875,-0.16796875,0.9482421875,2.38671875,0.9482421875
220,neuron,0,,,"1,0,0,0",-1.627685546875,-0.21142578125,0.0,-1.839111328125,0,,,,,,
220,neuron,1,,,"1,0,0,0",0.269287109375,0.04296875,0.052001953125,0.3642578125,0,,,,,,
220,neuron,2,,,"1,0,0,0",-3.4990234375,-0.554931640625,0.0,-3.9990234375,0,,,,,,
220,neuron,3,,,"1,0,0,0",-0.808349609375,-0.090576171875,0.0,-0.89892578125,0,,,,,,
220,neuron,4,,,"1,0,0,0",0.035888671875,0.15283203125,0.0,0.188720703125,0,,,,,,
220,neuron,5,,,"1,0,0,0",0.678955078125,0.571533203125,-0.02685546875,0.2236328125,1,,,,,,
220,neuron,6,,,"1,0,0,0",-2.893310546875,-0.427001953125,0.0,-3.3203125,0,,,,,,
220,neuron,7,,,"1,0,0,0",-2.70947265625,-0.383056640625,0.0,-3.092529296875,0,,,,,,
220,readout,,0,0,"1,0,0,0",,,,,,-1.839111328125,-0.245849609375,0.4521484375,0.4521484375,2.375732421875,0.811767578125
220,readout,,0,1,"1,0,0,0",,,,,,0.3642578125,0.25048828125,0.09130859375,0.54345703125,2.375732421875,0.811767578125
220,readout,,0,2,"1,0,0,0",,,,,,-3.9990234375,-0.015380859375,0.0615234375,0.60498046875,2.375732421875,0.811767578125
220,readout,,0,3,"1,0,0,0",,,,,,-0.89892578125,-0.057373046875,0.051513671875,0.656494140625,2.375732421875,0.811767578125
220,readout,,0,4,"1,0,0,0",,,,,,0.188720703125,0.0048828125,0.0009765625,0.657470703125,2.375732421875,0.811767578125
220,readout,,0,5,"1,0,0,0",,,,,,0.2236328125,0.10595703125,0.023681640625,0.68115234375,2.375732421875,0.811767578125
220,readout,,0,6,"1,0,0,0",,,,,,-3.3203125,-0.00244140625,0.008056640625,0.689208984375,2.375732421875,0.811767578125
220,readout,,0,7,"1,0,0,0",,,,,,-3.092529296875,0.31591796875,-0.97705078125,-0.287841796875,2.375732421875,0.811767578125
220,readout,,0,8,"1,0,0,0",,,,,,1.325439453125,1.9990234375,2.649658203125,2.36181640625,2.375732421875,0.811767578125
220,readout,,0,9,"1,0,0,0",,,,,,-0.004150390625,-1.9990234375,0.00830078125,2.3701171875,2.375732421875,0.811767578125
220,readout,,0,10,"1,0,0,0",,,,,,1.0,0.005615234375,0.005615234375,2.375732421875,2.375732421875,0.811767578125
220,readout,,1,0,"1,0,0,0",,,,,,-1.839111328125,0.021240234375,-0.0390625,-0.0390625,2.375732421875,0.811767578125
220,readout,,1,1,"1,0,0,0",,,,,,0.3642578125,-0.540771484375,-0.197021484375,-0.236083984375,2.375732421875,0.811767578125
220,readout,,1,2,"1,0,0,0",,,,,,-3.9990234375,0.103271484375,-0.4130859375,-0.649169921875,2.375732421875,0.811767578125
220,readout,,1,3,"1,0,0,0",,,,,,-0.89892578125,0.0478515625,-0.04296875,-0.692138671875,2.375732421875,0.811767578125
220,readout,,1,4,"1,0,0,0",,,,,,0.188720703125,-0.000244140625,0.0,-0.692138671875,2.375732421875,0.811767578125
220,readout,,1,5,"1,0,0,0",,,,,,0.2236328125,0.17724609375,0.03955078125,-0.652587890625,2.375732421875,0.811767578125
220,readout,,1,6,"1,0,0,0",,,,,,-3.3203125,-0.113525390625,0.376953125,-0.275634765625,2.375732421875,0.811767578125
220,readout,,1,7,"1,0,0,0",,,,,,-3.092529296875,-0.090576171875,0.280029296875,0.00439453125,2.375732421875,0.811767578125
220,readout,,1,8,"1,0,0,0",,,,,,1.325439453125,0.736328125,0.97607421875,0.98046875,2.375732421875,0.811767578125
220,readout,,1,9,"1,0,0,0",,,,,,-0.004150390625,0.166015625,-0.000732421875,0.979736328125,2.375732421875,0.811767578125
220,readout,,1,10,"1,0,0,0",,,,,,1.0,-0.16796875,-0.16796875,0.811767578125,2.375732421875,0.811767578125
221,neuron,0,,,"1,0,0,0",-1.609130859375,-0.21142578125,0.0,-1.820556640625,0,,,,,,
221,neuron,1,,,"1,0,0,0",0.31884765625,0.04296875,0.0,0.36181640625,0,,,,,,
221,neuron,2,,,"1,0,0,0",-3.4990234375,-0.554931640625,-0.0078125,-3.9990234375,0,,,,,,
221,neuron,3,,,"1,0,0,0",-0.78662109375,-0.090576171875,0.0,-0.877197265625,0,,,,,,
221,neuron,4,,,"1,0,0,0",0.1650390625,0.15283203125,0.14111328125,0.458984375,0,,,,,,
221,neuron,5,,,"1,0,0,0",0.19580078125,0.571533203125,0.0,0.767333984375,0,,,,,,
221,neuron,6,,,"1,0,0,0",-2.9052734375,-0.427001953125,0.0,-3.332275390625,0,,,,,,
221,neuron,7,,,"1,0,0,0",-2.7060546875,-0.383056640625,0.0,-3.089111328125,0,,,,,,
221,readout,,0,0,"1,0,0,0",,,,,,-1.820556640625,-0.245849609375,0.447509765625,0.447509765625,2.44287109375,0.930908203125
221,readout,,0,1,"1,0,0,0",,,,,,0.36181640625,0.25048828125,0.090576171875,0.5380859375,2.44287109375,0.930908203125
221,readout,,0,2,"1,0,0,0",,,,,,-3.9990234375,-0.015380859375,0.0615234375,0.599609375,2.44287109375,0.930908203125
221,readout,,0,3,"1,0,0,0",,,,,,-0.877197265625,-0.057373046875,0.05029296875,0.64990234375,2.44287109375,0.930908203125
221,readout,,0,4,"1,0,0,0",,,,,,0.458984375,0.0048828125,0.002197265625,0.652099609375,2.44287109375,0.930908203125
221,readout,,0,5,"1,0,0,0",,,,,,0.767333984375,0.10595703125,0.081298828125,0.7333984375,2.44287109375,0.930908203125
221,readout,,0,6,"1,0,0,0",,,,,,-3.332275390625,-0.00244140625,0.008056640625,0.741455078125,2.44287109375,0.930908203125
221,readout,,0,7,"1,0,0,0",,,,,,-3.089111328125,0.31591796875,-0.975830078125,-0.234375,2.44287109375,0.930908203125
221,readout,,0,8,"1,0,0,0",,,,,,1.347412109375,1.9990234375,2.693603515625,2.459228515625,2.44287109375,0.930908203125
221,readout,,0,9,"1,0,0,0",,,,,,0.010986328125,-1.9990234375,-0.02197265625,2.437255859375,2.44287109375,0.930908203125
221,readout,,0,10,"1,0,0,0",,,,,,1.0,0.005615234375,0.005615234375,2.44287109375,2.44287109375,0.930908203125
221,readout,,1,0,"1,0,0,0",,,,,,-1.820556640625,0.021240234375,-0.03857421875,-0.03857421875,2.44287109375,0.930908203125
221,readout,,1,1,"1,0,0,0",,,,,,0.36181640625,-0.540771484375,-0.195556640625,-0.234130859375,2.44287109375,0.930908203125
221,readout,,1,2,"1,0,0,0",,,,,,-3.9990234375,0.103271484375,-0.4130859375,-0.647216796875,2.44287109375,0.930908203125
221,readout,,1,3,"1,0,0,0",,,,,,-0.877197265625,0.0478515625,-0.0419921875,-0.689208984375,2.44287109375,0.930908203125
221,readout,,1,4,"1,0,0,0",,,,,,0.458984375,-0.000244140625,0.0,-0.689208984375,2.44287109375,0.930908203125
221,readout,,1,5,"1,0,0,0",,,,,,0.767333984375,0.17724609375,0.135986328125,-0.55322265625,2.44287109375,0.930908203125
221,readout,,1,6,"1,0,0,0",,,,,,-3.332275390625,-0.113525390625,0.37841796875,-0.1748046875,2.44287109375,0.930908203125
221,readout,,1,7,"1,0,0,0",,,,,,-3.089111328125,-0.090576171875,0.27978515625,0.10498046875,2.44287109375,0.930908203125
221,readout,,1,8,"1,0,0,0",,,,,,1.347412109375,0.736328125,0.9921875,1.09716796875,2.44287109375,0.930908203125
221,readout,,1,9,"1,0,0,0",,,,,,0.010986328125,0.166015625,0.001708984375,1.098876953125,2.44287109375,0.930908203125
221,readout,,1,10,"1,0,0,0",,,,,,1.0,-0.16796875,-0.16796875,0.930908203125,2.44287109375,0.930908203125
222,neuron,0,,,"1,0,0,0",-1.593017578125,-0.21142578125,0.0,-1.804443359375,0,,,,,,
222,neuron,1,,,"1,0,0,0",0.316650390625,0.04296875,0.0,0.359619140625,0,,,,,,
222,neuron,2,,,"1,0,0,0",-3.4990234375,-0.554931640625,0.0,-3.9990234375,0,,,,,,
222,neuron,3,,,"1,0,0,0",-0.767578125,-0.090576171875,0.0,-0.858154296875,0,,,,,,
222,neuron,4,,,"1,0,0,0",0.401611328125,0.15283203125,0.0,0.554443359375,0,,,,,,
222,neuron,5,,,"1,0,0,0",0.67138671875,0.571533203125,0.0,0.242919921875,1,,,,,,
222,neuron,6,,,"1,0,0,0",-2.915771484375,-0.427001953125,0.0,-3.3427734375,0,,,,,,
222,neuron,7,,,"1,0,0,0",-2.702880859375,-0.383056640625,0.0,-3.0859375,0,,,,,,
222,readout,,0,0,"1,0,0,0",,,,,,-1.804443359375,-0.245849609375,0.443603515625,0.443603515625,2.41796875,0.84912109375
222,readout,,0,1,"1,0,0,0",,,,,,0.359619140625,0.25048828125,0.090087890625,0.53369140625,2.41796875,0.84912109375
222,readout,,0,2,"1,0,0,0",,,,,,-3.9990234375,-0.015380859375,0.0615234375,0.59521484375,2.41796875,0.84912109375
222,readout,,0,3,"1,0,0,0",,,,,,-0.858154296875,-0.057373046875,0.04931640625,0.64453125,2.41796875,0.84912109375
222,readout,,0,4,"1,0,0,0",,,,,,0.554443359375,0.0048828125,0.002685546875,0.647216796875,2.41796875,0.84912109375
222,readout,,0,5,"1,0,0,0",,,,,,0.242919921875,0.10595703125,0.025634765625,0.6728515625,2.41796875,0.84912109375
222,readout,,0,6,"1,0,0,0",,,,,,-3.3427734375,-0.00244140625,0.008056640625,0.680908203125,2.41796875,0.84912109375
222,readout,,0,7,"1,0,0,0",,,,,,-3.0859375,0.31591796875,-0.974853515625,-0.2939453125,2.41796875,0.84912109375
222,readout,,0,8,"1,0,0,0",,,,,,1.360107421875,1.9990234375,2.718994140625,2.425048828125,2.41796875,0.84912109375
222,readout,,0,9,"1,0,0,0",,,,,,0.00634765625,-1.9990234375,-0.0126953125,2.412353515625,2.41796875,0.84912109375
222,readout,,0,10,"1,0,0,0",,,,,,1.0,0.005615234375,0.005615234375,2.41796875,2.41796875,0.84912109375
222,readout,,1,0,"1,0,0,0",,,,,,-1.804443359375,0.021240234375,-0.038330078125,-0.038330078125,2.41796875,0.84912109375
222,readout,,1,1,"1,0,0,0",,,,,,0.359619140625,-0.540771484375,-0.194580078125,-0.23291015625,2.41796875,0.84912109375
222,readout,,1,2,"1,0,0,0",,,,,,-3.9990234375,0.103271484375,-0.4130859375,-0.64599609375,2.41796875,0.84912109375
222,readout,,1,3,"1,0,0,0",,,,,,-0.858154296875,0.0478515625,-0.041015625,-0.68701171875,2.41796875,0.84912109375
222,readout,,1,4,"1,0,0,0",,,,,,0.554443359375,-0.000244140625,-0.000244140625,-0.687255859375,2.41796875,0.84912109375
222,readout,,1,5,"1,0,0,0",,,,,,0.242919921875,0.17724609375,0.04296875,-0.644287109375,2.41796875,0.84912109375
222,readout,,1,6,"1,0,0,0",,,,,,-3.3427734375,-0.113525390625,0.37939453125,-0.264892578125,2.41796875,0.84912109375
222,readout,,1,7,"1,0,0,0",,,,,,-3.0859375,-0.090576171875,0.279541015625,0.0146484375,2.41796875,0.84912109375
222,readout,,1,8,"1,0,0,0",,,,,,1.360107421875,0.736328125,1.00146484375,1.01611328125,2.41796875,0.84912109375
222,readout,,1,9,"1,0,0,0",,,,,,0.00634765625,0.166015625,0.0009765625,1.01708984375,2.41796875,0.84912109375
222,readout,,1,10,"1,0,0,0",,,,,,1.0,-0.16796875,-0.16796875,0.84912109375,2.41796875,0.84912109375
223,neuron,0,,,"1,0,0,0",-1.578857421875,-0.21142578125,0.0,-1.790283203125,0,,,,,,
223,neuron,1,,,"1,0,0,0",0.314697265625,0.04296875,0.0,0.357666015625,0,,,,,,
223,neuron,2,,,"1,0,0,0",-3.4990234375,-0.554931640625,-0.0078125,-3.9990234375,0,,,,,,
223,neuron,3,,,"1,0,0,0",-0.7509765625,-0.090576171875,0.0,-0.841552734375,0,,,,,,
223,neuron,4,,,"1,0,0,0",0.485107421875,0.15283203125,0.14111328125,0.779052734375,0,,,,,,
223,neuron,5,,,"1,0,0,0",0.212646484375,0.571533203125,0.0,0.7841796875,0,,,,,,
223,neuron,6,,,"1,0,0,0",-2.9248046875,-0.427001953125,0.0,-3.351806640625,0,,,,,,
223,neuron,7,,,"1,0,0,0",-2.7001953125,-0.383056640625,0.0,-3.083251953125,0,,,,,,
223,readout,,0,0,"1,0,0,0",,,,,,-1.790283203125,-0.245849609375,0.440185546875,0.440185546875,2.4853515625,0.947021484375
223,readout,,0,1,"1,0,0,0",,,,,,0.357666015625,0.25048828125,0.089599609375,0.52978515625,2.4853515625,0.947021484375
223,readout,,0,2,"1,0,0,0",,,,,,-3.9990234375,-0.015380859375,0.0615234375,0.59130859375,2.4853515625,0.947021484375
223,readout,,0,3,"1,0,0,0",,,,,,-0.841552734375,-0.057373046875,0.04833984375,0.6396484375,2.4853515625,0.947021484375
223,readout,,0,4,"1,0,0,0",,,,,,0.779052734375,0.0048828125,0.00390625,0.6435546875,2.4853515625,0.947021484375
223,readout,,0,5,"1,0,0,0",,,,,,0.7841796875,0.10595703125,0.0830078125,0.7265625,2.4853515625,0.947021484375
223,readout,,0,6,"1,0,0,0",,,,,,-3.351806640625,-0.00244140625,0.00830078125,0.73486328125,2.4853515625,0.947021484375
223,readout,,0,7,"1,0,0,0",,,,,,-3.083251953125,0.31591796875,-0.97412109375,-0.2392578125,2.4853515625,0.947021484375
223,readout,,0,8,"1,0,0,0",,,,,,1.35986328125,1.9990234375,2.718505859375,2.479248046875,2.4853515625,0.947021484375
223,readout,,0,9,"1,0,0,0",,,,,,-0.000244140625,-1.9990234375,0.00048828125,2.479736328125,2.4853515625,0.947021484375
223,readout,,0,10,"1,0,0,0",,,,,,1.0,0.005615234375,0.005615234375,2.4853515625,2.4853515625,0.947021484375
223,readout,,1,0,"1,0,0,0",,,,,,-1.790283203125,0.021240234375,-0.0380859375,-0.0380859375,2.4853515625,0.947021484375
223,readout,,1,1,"1,0,0,0",,,,,,0.357666015625,-0.540771484375,-0.193359375,-0.2314453125,2.4853515625,0.947021484375
223,readout,,1,2,"1,0,0,0",,,,,,-3.9990234375,0.103271484375,-0.4130859375,-0.64453125,2.4853515625,0.947021484375
223,readout,,1,3,"1,0,0,0",,,,,,-0.841552734375,0.0478515625,-0.040283203125,-0.684814453125,2.4853515625,0.947021484375
223,readout,,1,4,"1,0,0,0",,,,,,0.779052734375,-0.000244140625,-0.000244140625,-0.68505859375,2.4853515625,0.947021484375
223,readout,,1,5,"1,0,0,0",,,,,,0.7841796875,0.17724609375,0.138916015625,-0.546142578125,2.4853515625,0.947021484375
223,readout,,1,6,"1,0,0,0",,,,,,-3.351806640625,-0.113525390625,0.380615234375,-0.16552734375,2.4853515625,0.947021484375
223,readout,,1,7,"1,0,0,0",,,,,,-3.083251953125,-0.090576171875,0.279296875,0.11376953125,2.4853515625,0.947021484375
223,readout,,1,8,"1,0,0,0",,,,,,1.35986328125,0.736328125,1.001220703125,1.114990234375,2.4853515625,0.947021484375
223,readout,,1,9,"1,0,0,0",,,,,,-0.000244140625,0.166015625,0.0,1.114990234375,2.4853515625,0.947021484375
223,readout,,1,10,"1,0,0,0",,,,,,1.0,-0.16796875,-0.16796875,0.947021484375,2.4853515625,0.947021484375
224,neuron,0,,,"1,0,0,1",-1.56640625,-0.724609375,0.0,-2.291015625,0,,,,,,
224,neuron,1,,,"1,0,0,1",0.31298828125,0.052001953125,0.0,0.364990234375,0,,,,,,
224,neuron,2,,,"1,0,0,1",-3.4990234375,-1.046142578125,0.0,-3.9990234375,0,,,,,,
224,neuron,3,,,"1,0,0,1",-0.736328125,-0.422607421875,0.0,-1.158935546875,0,,,,,,
224,neuron,4,,,"1,0,0,1",0.681640625,0.02880859375,0.0,0.71044921875,0,,,,,,
224,neuron,5,,,"1,0,0,1",0.68603515625,0.319091796875,0.0,0.005126953125,1,,,,,,
224,neuron,6,,,"1,0,0,1",-2.932861328125,-0.047607421875,0.0,-2.98046875,0,,,,,,
224,neuron,7,,,"1,0,0,1",-2.69775390625,-0.5361328125,0.0,-3.23388671875,0,,,,,,
224,readout,,0,0,"1,0,0,1",,,,,,-2.291015625,-0.245849609375,0.563232421875,0.563232421875,2.3896484375,0.663818359375
224,readout,,0,1,"1,0,0,1",,,,,,0.364990234375,0.25048828125,0.09130859375,0.654541015625,2.3896484375,0.663818359375
224,readout,,0,2,"1,0,0,1",,,,,,-3.9990234375,-0.015380859375,0.0615234375,0.716064453125,2.3896484375,0.663818359375
224,readout,,0,3,"1,0,0,1",,,,,,-1.158935546875,-0.057373046875,0.06640625,0.782470703125,2.3896484375,0.663818359375
224,readout,,0,4,"1,0,0,1",,,,,,0.71044921875,0.0048828125,0.00341796875,0.785888671875,2.3896484375,0.663818359375
224,readout,,0,5,"1,0,0,1",,,,,,0.005126953125,0.10595703125,0.00048828125,0.786376953125,2.3896484375,0.663818359375
224,readout,,0,6,"1,0,0,1",,,,,,-2.98046875,-0.00244140625,0.00732421875,0.793701171875,2.3896484375,0.663818359375
224,readout,,0,7,"1,0,0,1",,,,,,-3.23388671875,0.31591796875,-1.021728515625,-0.22802734375,2.3896484375,0.663818359375
224,readout,,0,8,"1,0,0,1",,,,,,1.25341796875,1.9990234375,2.505615234375,2.277587890625,2.3896484375,0.663818359375
224,readout,,0,9,"1,0,0,1",,,,,,-0.05322265625,-1.9990234375,0.1064453125,2.384033203125,2.3896484375,0.663818359375
224,readout,,0,10,"1,0,0,1",,,,,,1.0,0.005615234375,0.005615234375,2.3896484375,2.3896484375,0.663818359375
224,readout,,1,0,"1,0,0,1",,,,,,-2.291015625,0.021240234375,-0.048583984375,-0.048583984375,2.3896484375,0.663818359375
224,readout,,1,1,"1,0,0,1",,,,,,0.364990234375,-0.540771484375,-0.197265625,-0.245849609375,2.3896484375,0.663818359375
224,readout,,1,2,"1,0,0,1",,,,,,-3.9990234375,0.103271484375,-0.4130859375,-0.658935546875,2.3896484375,0.663818359375
224,readout,,1,3,"1,0,0,1",,,,,,-1.158935546875,0.0478515625,-0.055419921875,-0.71435546875,2.3896484375,0.663818359375
224,readout,,1,4,"1,0,0,1",,,,,,0.71044921875,-0.000244140625,-0.000244140625,-0.714599609375,2.3896484375,0.663818359375
224,readout,,1,5,"1,0,0,1",,,,,,0.005126953125,0.17724609375,0.0009765625,-0.713623046875,2.3896484375,0.663818359375
224,readout,,1,6,"1,0,0,1",,,,,,-2.98046875,-0.113525390625,0.33837890625,-0.375244140625,2.3896484375,0.663818359375
224,readout,,1,7,"1,0,0,1",,,,,,-3.23388671875,-0.090576171875,0.29296875,-0.082275390625,2.3896484375,0.663818359375
224,readout,,1,8,"1,0,0,1",,,,,,1.25341796875,0.736328125,0.9228515625,0.840576171875,2.3896484375,0.663818359375
224,readout,,1,9,"1,0,0,1",,,,,,-0.05322265625,0.166015625,-0.0087890625,0.831787109375,2.3896484375,0.663818359375
224,readout,,1,10,"1,0,0,1",,,,,,1.0,-0.16796875,-0.16796875,0.663818359375,2.3896484375,0.663818359375
225,neuron,0,,,"1,0,1,0",-2.004638671875,-0.0302734375,0.0,-2.034912109375,0,,,,,,
225,neuron,1,,,"1,0,1,0",0.3193359375,-0.487548828125,0.0,-0.168212890625,0,,,,,,
225,neuron,2,,,"1,0,1,0",-3.4990234375,-1.071044921875,-0.0078125,-3.9990234375,0,,,,,,
225,neuron,3,,,"1,0,1,0",-1.01416015625,-0.5419921875,0.0,-1.55615234375,0,,,,,,
225,neuron,4,,,"1,0,1,0",0.62158203125,0.245361328125,0.14111328125,0.008056640625,1,,,,,,
225,neuron,5,,,"1,0,1,0",0.00439453125,1.001708984375,0.0,0.006103515625,1,,,,,,
225,neuron,6,,,"1,0,1,0",-2.60791015625,-0.65673828125,0.0,-3.2646484375,0,,,,,,
225,neuron,7,,,"1,0,1,0",-2.82958984375,-0.21630859375,0.0,-3.0458984375,0,,,,,,
225,readout,,0,0,"1,0,1,0",,,,,,-2.034912109375,-0.245849609375,0.500244140625,0.500244140625,2.248291015625,1.029541015625
225,readout,,0,1,"1,0,1,0",,,,,,-0.168212890625,0.25048828125,-0.042236328125,0.4580078125,2.248291015625,1.029541015625
225,readout,,0,2,"1,0,1,0",,,,,,-3.9990234375,-0.015380859375,0.0615234375,0.51953125,2.248291015625,1.029541015625
225,readout,,0,3,"1,0,1,0",,,,,,-1.55615234375,-0.057373046875,0.08935546875,0.60888671875,2.248291015625,1.029541015625
225,readout,,0,4,"1,0,1,0",,,,,,0.008056640625,0.0048828125,0.0,0.60888671875,2.248291015625,1.029541015625
225,readout,,0,5,"1,0,1,0",,,,,,0.006103515625,0.10595703125,0.000732421875,0.609619140625,2.248291015625,1.029541015625
225,readout,,0,6,"1,0,1,0",,,,,,-3.2646484375,-0.00244140625,0.008056640625,0.61767578125,2.248291015625,1.029541015625
225,readout,,0,7,"1,0,1,0",,,,,,-3.0458984375,0.31591796875,-0.962158203125,-0.344482421875,2.248291015625,1.029541015625
225,readout,,0,8,"1,0,1,0",,,,,,1.334716796875,1.9990234375,2.668212890625,2.32373046875,2.248291015625,1.029541015625
225,readout,,0,9,"1,0,1,0",,,,,,0.04052734375,-1.9990234375,-0.0810546875,2.24267578125,2.248291015625,1.029541015625
225,readout,,0,10,"1,0,1,0",,,,,,1.0,0.005615234375,0.005615234375,2.248291015625,2.248291015625,1.029541015625
225,readout,,1,0,"1,0,1,0",,,,,,-2.034912109375,0.021240234375,-0.043212890625,-0.043212890625,2.248291015625,1.029541015625
225,readout,,1,1,"1,0,1,0",,,,,,-0.168212890625,-0.540771484375,0.091064453125,0.0478515625,2.248291015625,1.029541015625
225,readout,,1,2,"1,0,1,0",,,,,,-3.9990234375,0.103271484375,-0.4130859375,-0.365234375,2.248291015625,1.029541015625
225,readout,,1,3,"1,0,1,0",,,,,,-1.55615234375,0.0478515625,-0.074462890625,-0.439697265625,2.248291015625,1.029541015625
225,readout,,1,4,"1,0,1,0",,,,,,0.008056640625,-0.000244140625,0.0,-0.439697265625,2.248291015625,1.029541015625
225,readout,,1,5,"1,0,1,0",,,,,,0.006103515625,0.17724609375,0.0009765625,-0.438720703125,2.248291015625,1.029541015625
225,readout,,1,6,"1,0,1,0",,,,,,-3.2646484375,-0.113525390625,0.37060546875,-0.068115234375,2.248291015625,1.029541015625
225,readout,,1,7,"1,0,1,0",,,,,,-3.0458984375,-0.090576171875,0.27587890625,0.207763671875,2.248291015625,1.029541015625
225,readout,,1,8,"1,0,1,0",,,,,,1.334716796875,0.736328125,0.98291015625,1.190673828125,2.248291015625,1.029541015625
225,readout,,1,9,"1,0,1,0",,,,,,0.04052734375,0.166015625,0.0068359375,1.197509765625,2.248291015625,1.029541015625
225,readout,,1,10,"1,0,1,0",,,,,,1.0,-0.16796875,-0.16796875,1.029541015625,2.248291015625,1.029541015625
226,neuron,0,,,"1,0,0,0",-1.780517578125,-0.21142578125,0.0,-1.991943359375,0,,,,,,
226,neuron,1,,,"1,0,0,0",-0.147216796875,0.04296875,0.052001953125,-0.05224609375,0,,,,,,
226,neuron,2,,,"1,0,0,0",-3.4990234375,-0.554931640625,-0.0078125,-3.9990234375,0,,,,,,
226,neuron,3,,,"1,0,0,0",-1.361572265625,-0.090576171875,0.0,-1.4521484375,0,,,,,,
226,neuron,4,,,"1,0,0,0",0.007080078125,0.15283203125,0.14111328125,0.301025390625,0,,,,,,
226,neuron,5,,,"1,0,0,0",0.00537109375,0.571533203125,-0.02685546875,0.550048828125,0,,,,,,
226,neuron,6,,,"1,0,0,0",-2.8564453125,-0.427001953125,0.0,-3.283447265625,0,,,,,,
226,neuron,7,,,"1,0,0,0",-2.6650390625,-0.383056640625,0.0,-3.048095703125,0,,,,,,
226,readout,,0,0,"1,0,0,0",,,,,,-1.991943359375,-0.245849609375,0.48974609375,0.48974609375,2.425048828125,1.0849609375
226,readout,,0,1,"1,0,0,0",,,,,,-0.05224609375,0.25048828125,-0.01318359375,0.4765625,2.425048828125,1.0849609375
226,readout,,0,2,"1,0,0,0",,,,,,-3.9990234375,-0.015380859375,0.0615234375,0.5380859375,2.425048828125,1.0849609375
226,readout,,0,3,"1,0,0,0",,,,,,-1.4521484375,-0.057373046875,0.083251953125,0.621337890625,2.425048828125,1.0849609375
226,readout,,0,4,"1,0,0,0",,,,,,0.301025390625,0.0048828125,0.00146484375,0.622802734375,2.425048828125,1.0849609375
226,readout,,0,5,"1,0,0,0",,,,,,0.550048828125,0.10595703125,0.058349609375,0.68115234375,2.425048828125,1.0849609375
226,readout,,0,6,"1,0,0,0",,,,,,-3.283447265625,-0.00244140625,0.008056640625,0.689208984375,2.425048828125,1.0849609375
226,readout,,0,7,"1,0,0,0",,,,,,-3.048095703125,0.31591796875,-0.962890625,-0.273681640625,2.425048828125,1.0849609375
226,readout,,0,8,"1,0,0,0",,,,,,1.359619140625,1.9990234375,2.718017578125,2.4443359375,2.425048828125,1.0849609375
226,readout,,0,9,"1,0,0,0",,,,,,0.012451171875,-1.9990234375,-0.02490234375,2.41943359375,2.425048828125,1.0849609375
226,readout,,0,10,"1,0,0,0",,,,,,1.0,0.005615234375,0.005615234375,2.425048828125,2.425048828125,1.0849609375
226,readout,,1,0,"1,0,0,0",,,,,,-1.991943359375,0.021240234375,-0.042236328125,-0.042236328125,2.425048828125,1.0849609375
226,readout,,1,1,"1,0,0,0",,,,,,-0.05224609375,-0.540771484375,0.0283203125,-0.013916015625,2.425048828125,1.0849609375
226,readout,,1,2,"1,0,0,0",,,,,,-3.9990234375,0.103271484375,-0.4130859375,-0.427001953125,2.425048828125,1.0849609375
226,readout,,1,3,"1,0,0,0",,,,,,-1.4521484375,0.0478515625,-0.069580078125,-0.49658203125,2.425048828125,1.0849609375
226,readout,,1,4,"1,0,0,0",,,,,,0.301025390625,-0.000244140625,0.0,-0.49658203125,2.425048828125,1.0849609375
226,readout,,1,5,"1,0,0,0",,,,,,0.550048828125,0.17724609375,0.097412109375,-0.399169921875,2.425048828125,1.0849609375
226,readout,,1,6,"1,0,0,0",,,,,,-3.283447265625,-0.113525390625,0.372802734375,-0.0263671875,2.425048828125,1.0849609375
226,readout,,1,7,"1,0,0,0",,,,,,-3.048095703125,-0.090576171875,0.276123046875,0.249755859375,2.425048828125,1.0849609375
226,readout,,1,8,"1,0,0,0",,,,,,1.359619140625,0.736328125,1.001220703125,1.2509765625,2.425048828125,1.0849609375
226,readout,,1,9,"1,0,0,0",,,,,,0.012451171875,0.166015625,0.001953125,1.2529296875,2.425048828125,1.0849609375
226,readout,,1,10,"1,0,0,0",,,,,,1.0,-0.16796875,-0.16796875,1.0849609375,2.425048828125,1.0849609375
227,neuron,0,,,"1,0,0,0",-1.742919921875,-0.21142578125,0.0,-1.954345703125,0,,,,,,
227,neuron,1,,,"1,0,0,0",-0.045654296875,0.04296875,0.0,-0.002685546875,0,,,,,,
227,neuron,2,,,"1,0,0,0",-3.4990234375,-0.554931640625,0.0,-3.9990234375,0,,,,,,
227,neuron,3,,,"1,0,0,0",-1.2705078125,-0.090576171875,0.0,-1.361083984375,0,,,,,,
227,neuron,4,,,"1,0,0,0",0.263427734375,0.15283203125,0.0,0.416259765625,0,,,,,,
227,neuron,5,,,"1,0,0,0",0.481201171875,0.571533203125,0.0,0.052734375,1,,,,,,
227,neuron,6,,,"1,0,0,0",-2.873046875,-0.427001953125,0.0,-3.300048828125,0,,,,,,
227,neuron,7,,,"1,0,0,0",-2.6669921875,-0.383056640625,0.0,-3.050048828125,0,,,,,,
227,readout,,0,0,"1,0,0,0",,,,,,-1.954345703125,-0.245849609375,0.48046875,0.48046875,2.33154296875,0.9228515625
227,readout,,0,1,"1,0,0,0",,,,,,-0.002685546875,0.25048828125,-0.000732421875,0.479736328125,2.33154296875,0.9228515625
227,readout,,0,2,"1,0,0,0",,,,,,-3.9990234375,-0.015380859375,0.0615234375,0.541259765625,2.33154296875,0.9228515625
227,readout,,0,3,"1,0,0,0",,,,,,-1.361083984375,-0.057373046875,0.078125,0.619384765625,2.33154296875,0.9228515625
227,readout,,0,4,"1,0,0,0",,,,,,0.416259765625,0.0048828125,0.001953125,0.621337890625,2.33154296875,0.9228515625
227,readout,,0,5,"1,0,0,0",,,,,,0.052734375,0.10595703125,0.005615234375,0.626953125,2.33154296875,0.9228515625
227,readout,,0,6,"1,0,0,0",,,,,,-3.300048828125,-0.00244140625,0.008056640625,0.635009765625,2.33154296875,0.9228515625
227,readout,,0,7,"1,0,0,0",,,,,,-3.050048828125,0.31591796875,-0.963623046875,-0.32861328125,2.33154296875,0.9228515625
227,readout,,0,8,"1,0,0,0",,,,,,1.2958984375,1.9990234375,2.590576171875,2.261962890625,2.33154296875,0.9228515625
227,readout,,0,9,"1,0,0,0",,,,,,-0.031982421875,-1.9990234375,0.06396484375,2.325927734375,2.33154296875,0.9228515625
227,readout,,0,10,"1,0,0,0",,,,,,1.0,0.005615234375,0.005615234375,2.33154296875,2.33154296875,0.9228515625
227,readout,,1,0,"1,0,0,0",,,,,,-1.954345703125,0.021240234375,-0.04150390625,-0.04150390625,2.33154296875,0.9228515625
227,readout,,1,1,"1,0,0,0",,,,,,-0.002685546875,-0.540771484375,0.00146484375,-0.0400390625,2.33154296875,0.9228515625
227,readout,,1,2,"1,0,0,0",,,,,,-3.9990234375,0.103271484375,-0.4130859375,-0.453125,2.33154296875,0.9228515625
227,readout,,1,3,"1,0,0,0",,,,,,-1.361083984375,0.0478515625,-0.065185546875,-0.518310546875,2.33154296875,0.9228515625
227,readout,,1,4,"1,0,0,0",,,,,,0.416259765625,-0.000244140625,0.0,-0.518310546875,2.33154296875,0.9228515625
227,readout,,1,5,"1,0,0,0",,,,,,0.052734375,0.17724609375,0.00927734375,-0.509033203125,2.33154296875,0.9228515625
227,readout,,1,6,"1,0,0,0",,,,,,-3.300048828125,-0.113525390625,0.374755859375,-0.13427734375,2.33154296875,0.9228515625
227,readout,,1,7,"1,0,0,0",,,,,,-3.050048828125,-0.090576171875,0.2763671875,0.14208984375,2.33154296875,0.9228515625
227,readout,,1,8,"1,0,0,0",,,,,,1.2958984375,0.736328125,0.9541015625,1.09619140625,2.33154296875,0.9228515625
227,readout,,1,9,"1,0,0,0",,,,,,-0.031982421875,0.166015625,-0.00537109375,1.0908203125,2.33154296875,0.9228515625
227,readout,,1,10,"1,0,0,0",,,,,,1.0,-0.16796875,-0.16796875,0.9228515625,2.33154296875,0.9228515625
228,neuron,0,,,"1,0,0,0",-1.7099609375,-0.21142578125,0.0,-1.92138671875,0,,,,,,
228,neuron,1,,,"1,0,0,0",-0.00244140625,0.04296875,0.0,0.04052734375,0,,,,,,
228,neuron,2,,,"1,0,0,0",-3.4990234375,-0.554931640625,-0.0078125,-3.9990234375,0,,,,,,
228,neuron,3,,,"1,0,0,0",-1.19091796875,-0.090576171875,0.0,-1.281494140625,0,,,,,,
228,neuron,4,,,"1,0,0,0",0.3642578125,0.15283203125,0.14111328125,0.658203125,0,,,,,,
228,neuron,5,,,"1,0,0,0",0.046142578125,0.571533203125,0.0,0.61767578125,0,,,,,,
228,neuron,6,,,"1,0,0,0",-2.887451171875,-0.427001953125,0.0,-3.314453125,0,,,,,,
228,neuron,7,,,"1,0,0,0",-2.668701171875,-0.383056640625,0.0,-3.0517578125,0,,,,,,
228,readout,,0,0,"1,0,0,0",,,,,,-1.92138671875,-0.245849609375,0.472412109375,0.472412109375,2.368408203125,1.04541015625
228,readout,,0,1,"1,0,0,0",,,,,,0.04052734375,0.25048828125,0.01025390625,0.482666015625,2.368408203125,1.04541015625
228,readout,,0,2,"1,0,0,0",,,,,,-3.9990234375,-0.015380859375,0.0615234375,0.544189453125,2.368408203125,1.04541015625
228,readout,,0,3,"1,0,0,0",,,,,,-1.281494140625,-0.057373046875,0.073486328125,0.61767578125,2.368408203125,1.04541015625
228,readout,,0,4,"1,0,0,0",,,,,,0.658203125,0.0048828125,0.003173828125,0.620849609375,2.368408203125,1.04541015625
228,readout,,0,5,"1,0,0,0",,,,,,0.61767578125,0.10595703125,0.0654296875,0.686279296875,2.368408203125,1.04541015625
228,readout,,0,6,"1,0,0,0",,,,,,-3.314453125,-0.00244140625,0.008056640625,0.6943359375,2.368408203125,1.04541015625
228,readout,,0,7,"1,0,0,0",,,,,,-3.0517578125,0.31591796875,-0.964111328125,-0.269775390625,2.368408203125,1.04541015625
228,readout,,0,8,"1,0,0,0",,,,,,1.338134765625,1.9990234375,2.675048828125,2.4052734375,2.368408203125,1.04541015625
228,readout,,0,9,"1,0,0,0",,,,,,0.021240234375,-1.9990234375,-0.04248046875,2.36279296875,2.368408203125,1.04541015625
228,readout,,0,10,"1,0,0,0",,,,,,1.0,0.005615234375,0.005615234375,2.368408203125,2.368408203125,1.04541015625
228,readout,,1,0,"1,0,0,0",,,,,,-1.92138671875,0.021240234375,-0.040771484375,-0.040771484375,2.368408203125,1.04541015625
228,readout,,1,1,"1,0,0,0",,,,,,0.04052734375,-0.540771484375,-0.02197265625,-0.062744140625,2.368408203125,1.04541015625
228,readout,,1,2,"1,0,0,0",,,,,,-3.9990234375,0.103271484375,-0.4130859375,-0.475830078125,2.368408203125,1.04541015625
228,readout,,1,3,"1,0,0,0",,,,,,-1.281494140625,0.0478515625,-0.061279296875,-0.537109375,2.368408203125,1.04541015625
228,readout,,1,4,"1,0,0,0",,,,,,0.658203125,-0.000244140625,-0.000244140625,-0.537353515625,2.368408203125,1.04541015625
228,readout,,1,5,"1,0,0,0",,,,,,0.61767578125,0.17724609375,0.109375,-0.427978515625,2.368408203125,1.04541015625
228,readout,,1,6,"1,0,0,0",,,,,,-3.314453125,-0.113525390625,0.376220703125,-0.0517578125,2.368408203125,1.04541015625
228,readout,,1,7,"1,0,0,0",,,,,,-3.0517578125,-0.090576171875,0.2763671875,0.224609375,2.368408203125,1.04541015625
228,readout,,1,8,"1,0,0,0",,,,,,1.338134765625,0.736328125,0.9853515625,1.2099609375,2.368408203125,1.04541015625
228,readout,,1,9,"1,0,0,0",,,,,,0.021240234375,0.166015625,0.00341796875,1.21337890625,2.368408203125,1.04541015625
228,readout,,1,10,"1,0,0,0",,,,,,1.0,-0.16796875,-0.16796875,1.04541015625,2.368408203125,1.04541015625
229,neuron,0,,,"1,0,0,0",-1.68115234375,-0.21142578125,0.0,-1.892578125,0,,,,,,
229,neuron,1,,,"1,0,0,0",0.035400390625,0.04296875,0.0,0.078369140625,0,,,,,,
229,neuron,2,,,"1,0,0,0",-3.4990234375,-0.554931640625,0.0,-3.9990234375,0,,,,,,
229,neuron,3,,,"1,0,0,0",-1.121337890625,-0.090576171875,0.0,-1.2119140625,0,,,,,,
229,neuron,4,,,"1,0,0,0",0.575927734375,0.15283203125,0.0,0.728759765625,0,,,,,,
229,neuron,5,,,"1,0,0,0",0.54052734375,0.571533203125,0.0,0.112060546875,1,,,,,,
229,neuron,6,,,"1,0,0,0",-2.900146484375,-0.427001953125,0.0,-3.3271484375,0,,,,,,
229,neuron,7,,,"1,0,0,0",-2.67041015625,-0.383056640625,0.0,-3.053466796875,0,,,,,,
229,readout,,0,0,"1,0,0,0",,,,,,-1.892578125,-0.245849609375,0.46533203125,0.46533203125,2.357177734375,0.938720703125
229,readout,,0,1,"1,0,0,0",,,,,,0.078369140625,0.25048828125,0.01953125,0.48486328125,2.357177734375,0.938720703125
229,readout,,0,2,"1,0,0,0",,,,,,-3.9990234375,-0.015380859375,0.0615234375,0.54638671875,2.357177734375,0.938720703125
229,readout,,0,3,"1,0,0,0",,,,,,-1.2119140625,-0.057373046875,0.069580078125,0.615966796875,2.357177734375,0.938720703125
229,readout,,0,4,"1,0,0,0",,,,,,0.728759765625,0.0048828125,0.003662109375,0.61962890625,2.357177734375,0.938720703125
229,readout,,0,5,"1,0,0,0",,,,,,0.112060546875,0.10595703125,0.011962890625,0.631591796875,2.357177734375,0.938720703125
229,readout,,0,6,"1,0,0,0",,,,,,-3.3271484375,-0.00244140625,0.008056640625,0.6396484375,2.357177734375,0.938720703125
229,readout,,0,7,"1,0,0,0",,,,,,-3.053466796875,0.31591796875,-0.964599609375,-0.324951171875,2.357177734375,0.938720703125
229,readout,,0,8,"1,0,0,0",,,,,,1.33984375,1.9990234375,2.678466796875,2.353515625,2.357177734375,0.938720703125
229,readout,,0,9,"1,0,0,0",,,,,,0.0009765625,-1.9990234375,-0.001953125,2.3515625,2.357177734375,0.938720703125
229,readout,,0,10,"1,0,0,0",,,,,,1.0,0.005615234375,0.005615234375,2.357177734375,2.357177734375,0.938720703125
229,readout,,1,0,"1,0,0,0",,,,,,-1.892578125,0.021240234375,-0.040283203125,-0.040283203125,2.357177734375,0.938720703125
229,readout,,1,1,"1,0,0,0",,,,,,0.078369140625,-0.540771484375,-0.04248046875,-0.082763671875,2.357177734375,0.938720703125
229,readout,,1,2,"1,0,0,0",,,,,,-3.9990234375,0.103271484375,-0.4130859375,-0.495849609375,2.357177734375,0.938720703125
229,readout,,1,3,"1,0,0,0",,,,,,-1.2119140625,0.0478515625,-0.05810546875,-0.553955078125,2.357177734375,0.938720703125
229,readout,,1,4,"1,0,0,0",,,,,,0.728759765625,-0.000244140625,-0.000244140625,-0.55419921875,2.357177734375,0.938720703125
229,readout,,1,5,"1,0,0,0",,,,,,0.112060546875,0.17724609375,0.019775390625,-0.534423828125,2.357177734375,0.938720703125
229,readout,,1,6,"1,0,0,0",,,,,,-3.3271484375,-0.113525390625,0.377685546875,-0.15673828125,2.357177734375,0.938720703125
229,readout,,1,7,"1,0,0,0",,,,,,-3.053466796875,-0.090576171875,0.276611328125,0.119873046875,2.357177734375,0.938720703125
229,readout,,1,8,"1,0,0,0",,,,,,1.33984375,0.736328125,0.986572265625,1.1064453125,2.357177734375,0.938720703125
229,readout,,1,9,"1,0,0,0",,,,,,0.0009765625,0.166015625,0.000244140625,1.106689453125,2.357177734375,0.938720703125
229,readout,,1,10,"1,0,0,0",,,,,,1.0,-0.16796875,-0.16796875,0.938720703125,2.357177734375,0.938720703125
230,neuron,0,,,"1,0,0,0",-1.656005859375,-0.21142578125,0.0,-1.867431640625,0,,,,,,
230,neuron,1,,,"1,0,0,0",0.068603515625,0.04296875,0.0,0.111572265625,0,,,,,,
230,neuron,2,,,"1,0,0,0",-3.4990234375,-0.554931640625,-0.0078125,-3.9990234375,0,,,,,,
230,neuron,3,,,"1,0,0,0",-1.060546875,-0.090576171875,0.0,-1.151123046875,0,,,,,,
230,neuron,4,,,"1,0,0,0",0.6376953125,0.15283203125,0.14111328125,0.931640625,0,,,,,,
230,neuron,5,,,"1,0,0,0",0.09814453125,0.571533203125,0.0,0.669677734375,0,,,,,,
230,neuron,6,,,"1,0,0,0",-2.9111328125,-0.427001953125,0.0,-3.338134765625,0,,,,,,
230,neuron,7,,,"1,0,0,0",-2.671875,-0.383056640625,0.0,-3.054931640625,0,,,,,,
230,readout,,0,0,"1,0,0,0",,,,,,-1.867431640625,-0.245849609375,0.459228515625,0.459228515625,2.44091796875,1.043701171875
230,readout,,0,1,"1,0,0,0",,,,,,0.111572265625,0.25048828125,0.02783203125,0.487060546875,2.44091796875,1.043701171875
230,readout,,0,2,"1,0,0,0",,,,,,-3.9990234375,-0.015380859375,0.0615234375,0.548583984375,2.44091796875,1.043701171875
230,readout,,0,3,"1,0,0,0",,,,,,-1.151123046875,-0.057373046875,0.066162109375,0.61474609375,2.44091796875,1.043701171875
230,readout,,0,4,"1,0,0,0",,,,,,0.931640625,0.0048828125,0.004638671875,0.619384765625,2.44091796875,1.043701171875
230,readout,,0,5,"1,0,0,0",,,,,,0.669677734375,0.10595703125,0.071044921875,0.6904296875,2.44091796875,1.043701171875
230,readout,,0,6,"1,0,0,0",,,,,,-3.338134765625,-0.00244140625,0.008056640625,0.698486328125,2.44091796875,1.043701171875
230,readout,,0,7,"1,0,0,0",,,,,,-3.054931640625,0.31591796875,-0.965087890625,-0.2666015625,2.44091796875,1.043701171875
230,readout,,0,8,"1,0,0,0",,,,,,1.363525390625,1.9990234375,2.725830078125,2.459228515625,2.44091796875,1.043701171875
230,readout,,0,9,"1,0,0,0",,,,,,0.011962890625,-1.9990234375,-0.02392578125,2.435302734375,2.44091796875,1.043701171875
230,readout,,0,10,"1,0,0,0",,,,,,1.0,0.005615234375,0.005615234375,2.44091796875,2.44091796875,1.043701171875
230,readout,,1,0,"1,0,0,0",,,,,,-1.867431640625,0.021240234375,-0.03955078125,-0.03955078125,2.44091796875,1.043701171875
230,readout,,1,1,"1,0,0,0",,,,,,0.111572265625,-0.540771484375,-0.060302734375,-0.099853515625,2.44091796875,1.043701171875
230,readout,,1,2,"1,0,0,0",,,,,,-3.9990234375,0.103271484375,-0.4130859375,-0.512939453125,2.44091796875,1.043701171875
230,readout,,1,3,"1,0,0,0",,,,,,-1.151123046875,0.0478515625,-0.05517578125,-0.568115234375,2.44091796875,1.043701171875
230,readout,,1,4,"1,0,0,0",,,,,,0.931640625,-0.000244140625,-0.000244140625,-0.568359375,2.44091796875,1.043701171875
230,readout,,1,5,"1,0,0,0",,,,,,0.669677734375,0.17724609375,0.11865234375,-0.44970703125,2.44091796875,1.043701171875
230,readout,,1,6,"1,0,0,0",,,,,,-3.338134765625,-0.113525390625,0.37890625,-0.07080078125,2.44091796875,1.043701171875
230,readout,,1,7,"1,0,0,0",,,,,,-3.054931640625,-0.090576171875,0.276611328125,0.205810546875,2.44091796875,1.043701171875
230,readout,,1,8,"1,0,0,0",,,,,,1.363525390625,0.736328125,1.00390625,1.209716796875,2.44091796875,1.043701171875
230,readout,,1,9,"1,0,0,0",,,,,,0.011962890625,0.166015625,0.001953125,1.211669921875,2.44091796875,1.043701171875
230,readout,,1,10,"1,0,0,0",,,,,,1.0,-0.16796875,-0.16796875,1.043701171875,2.44091796875,1.043701171875
231,neuron,0,,,"1,0,0,0",-1.634033203125,-0.21142578125,0.0,-1.845458984375,0,,,,,,
231,neuron,1,,,"1,0,0,0",0.09765625,0.04296875,0.0,0.140625,0,,,,,,
231,neuron,2,,,"1,0,0,0",-3.4990234375,-0.554931640625,0.0,-3.9990234375,0,,,,,,
231,neuron,3,,,"1,0,0,0",-1.00732421875,-0.090576171875,0.0,-1.097900390625,0,,,,,,
231,neuron,4,,,"1,0,0,0",0.815185546875,0.15283203125,0.0,0.968017578125,0,,,,,,
231,neuron,5,,,"1,0,0,0",0.5859375,0.571533203125,0.0,0.157470703125,1,,,,,,
231,neuron,6,,,"1,0,0,0",-2.9208984375,-0.427001953125,0.0,-3.347900390625,0,,,,,,
231,neuron,7,,,"1,0,0,0",-2.673095703125,-0.383056640625,0.0,-3.05615234375,0,,,,,,
231,readout,,0,0,"1,0,0,0",,,,,,-1.845458984375,-0.245849609375,0.45361328125,0.45361328125,2.414794921875,0.945068359375
231,readout,,0,1,"1,0,0,0",,,,,,0.140625,0.25048828125,0.03515625,0.48876953125,2.414794921875,0.945068359375
231,readout,,0,2,"1,0,0,0",,,,,,-3.9990234375,-0.015380859375,0.0615234375,0.55029296875,2.414794921875,0.945068359375
231,readout,,0,3,"1,0,0,0",,,,,,-1.097900390625,-0.057373046875,0.06298828125,0.61328125,2.414794921875,0.945068359375
231,readout,,0,4,"1,0,0,0",,,,,,0.968017578125,0.0048828125,0.004638671875,0.617919921875,2.414794921875,0.945068359375
231,readout,,0,5,"1,0,0,0",,,,,,0.157470703125,0.10595703125,0.0166015625,0.634521484375,2.414794921875,0.945068359375
231,readout,,0,6,"1,0,0,0",,,,,,-3.347900390625,-0.00244140625,0.008056640625,0.642578125,2.414794921875,0.945068359375
231,readout,,0,7,"1,0,0,0",,,,,,-3.05615234375,0.31591796875,-0.965576171875,-0.322998046875,2.414794921875,0.945068359375
231,readout,,0,8,"1,0,0,0",,,,,,1.369873046875,1.9990234375,2.738525390625,2.41552734375,2.414794921875,0.945068359375
231,readout,,0,9,"1,0,0,0",,,,,,0.003173828125,-1.9990234375,-0.00634765625,2.4091796875,2.414794921875,0.945068359375
231,readout,,0,10,"1,0,0,0",,,,,,1.0,0.005615234375,0.005615234375,2.414794921875,2.414794921875,0.945068359375
231,readout,,1,0,"1,0,0,0",,,,,,-1.845458984375,0.021240234375,-0.039306640625,-0.039306640625,2.414794921875,0.945068359375
231,readout,,1,1,"1,0,0,0",,,,,,0.140625,-0.540771484375,-0.075927734375,-0.115234375,2.414794921875,0.945068359375
231,readout,,1,2,"1,0,0,0",,,,,,-3.9990234375,0.103271484375,-0.4130859375,-0.5283203125,2.414794921875,0.945068359375
231,readout,,1,3,"1,0,0,0",,,,,,-1.097900390625,0.0478515625,-0.052490234375,-0.580810546875,2.414794921875,0.945068359375
231,readout,,1,4,"1,0,0,0",,,,,,0.968017578125,-0.000244140625,-0.000244140625,-0.5810546875,2.414794921875,0.945068359375
231,readout,,1,5,"1,0,0,0",,,,,,0.157470703125,0.17724609375,0.02783203125,-0.55322265625,2.414794921875,0.945068359375
231,readout,,1,6,"1,0,0,0",,,,,,-3.347900390625,-0.113525390625,0.380126953125,-0.173095703125,2.414794921875,0.945068359375
231,readout,,1,7,"1,0,0,0",,,,,,-3.05615234375,-0.090576171875,0.27685546875,0.103759765625,2.414794921875,0.945068359375
231,readout,,1,8,"1,0,0,0",,,,,,1.369873046875,0.736328125,1.0087890625,1.112548828125,2.414794921875,0.945068359375
231,readout,,1,9,"1,0,0,0",,,,,,0.003173828125,0.166015625,0.00048828125,1.113037109375,2.414794921875,0.945068359375
231,readout,,1,10,"1,0,0,0",,,,,,1.0,-0.16796875,-0.16796875,0.945068359375,2.414794921875,0.945068359375
232,neuron,0,,,"1,0,0,0",-1.61474609375,-0.21142578125,0.0,-1.826171875,0,,,,,,
232,neuron,1,,,"1,0,0,0",0.123046875,0.04296875,0.0,0.166015625,0,,,,,,
232,neuron,2,,,"1,0,0,0",-3.4990234375,-0.554931640625,-0.0078125,-3.9990234375,0,,,,,,
232,neuron,3,,,"1,0,0,0",-0.960693359375,-0.090576171875,0.0,-1.05126953125,0,,,,,,
232,neuron,4,,,"1,0,0,0",0.846923828125,0.15283203125,0.14111328125,0.140869140625,1,,,,,,
232,neuron,5,,,"1,0,0,0",0.1376953125,0.571533203125,0.0,0.709228515625,0,,,,,,
232,neuron,6,,,"1,0,0,0",-2.929443359375,-0.427001953125,0.0,-3.3564453125,0,,,,,,
232,neuron,7,,,"1,0,0,0",-2.674072265625,-0.383056640625,0.0,-3.05712890625,0,,,,,,
232,readout,,0,0,"1,0,0,0",,,,,,-1.826171875,-0.245849609375,0.448974609375,0.448974609375,2.50341796875,1.055908203125
232,readout,,0,1,"1,0,0,0",,,,,,0.166015625,0.25048828125,0.04150390625,0.490478515625,2.50341796875,1.055908203125
232,readout,,0,2,"1,0,0,0",,,,,,-3.9990234375,-0.015380859375,0.0615234375,0.552001953125,2.50341796875,1.055908203125
232,readout,,0,3,"1,0,0,0",,,,,,-1.05126953125,-0.057373046875,0.060302734375,0.6123046875,2.50341796875,1.055908203125
232,readout,,0,4,"1,0,0,0",,,,,,0.140869140625,0.0048828125,0.000732421875,0.613037109375,2.50341796875,1.055908203125
232,readout,,0,5,"1,0,0,0",,,,,,0.709228515625,0.10595703125,0.0751953125,0.688232421875,2.50341796875,1.055908203125
232,readout,,0,6,"1,0,0,0",,,,,,-3.3564453125,-0.00244140625,0.00830078125,0.696533203125,2.50341796875,1.055908203125
232,readout,,0,7,"1,0,0,0",,,,,,-3.05712890625,0.31591796875,-0.9658203125,-0.269287109375,2.50341796875,1.055908203125
232,readout,,0,8,"1,0,0,0",,,,,,1.398681640625,1.9990234375,2.7958984375,2.526611328125,2.50341796875,1.055908203125
232,readout,,0,9,"1,0,0,0",,,,,,0.014404296875,-1.9990234375,-0.02880859375,2.497802734375,2.50341796875,1.055908203125
232,readout,,0,10,"1,0,0,0",,,,,,1.0,0.005615234375,0.005615234375,2.50341796875,2.50341796875,1.055908203125
232,readout,,1,0,"1,0,0,0",,,,,,-1.826171875,0.021240234375,-0.038818359375,-0.038818359375,2.50341796875,1.055908203125
232,readout,,1,1,"1,0,0,0",,,,,,0.166015625,-0.540771484375,-0.08984375,-0.128662109375,2.50341796875,1.055908203125
232,readout,,1,2,"1,0,0,0",,,,,,-3.9990234375,0.103271484375,-0.4130859375,-0.541748046875,2.50341796875,1.055908203125
232,readout,,1,3,"1,0,0,0",,,,,,-1.05126953125,0.0478515625,-0.05029296875,-0.592041015625,2.50341796875,1.055908203125
232,readout,,1,4,"1,0,0,0",,,,,,0.140869140625,-0.000244140625,0.0,-0.592041015625,2.50341796875,1.055908203125
232,readout,,1,5,"1,0,0,0",,,,,,0.709228515625,0.17724609375,0.125732421875,-0.46630859375,2.50341796875,1.055908203125
232,readout,,1,6,"1,0,0,0",,,,,,-3.3564453125,-0.113525390625,0.381103515625,-0.085205078125,2.50341796875,1.055908203125
232,readout,,1,7,"1,0,0,0",,,,,,-3.05712890625,-0.090576171875,0.27685546875,0.191650390625,2.50341796875,1.055908203125
232,readout,,1,8,"1,0,0,0",,,,,,1.398681640625,0.736328125,1.02978515625,1.221435546875,2.50341796875,1.055908203125
232,readout,,1,9,"1,0,0,0",,,,,,0.014404296875,0.166015625,0.00244140625,1.223876953125,2.50341796875,1.055908203125
232,readout,,1,10,"1,0,0,0",,,,,,1.0,-0.16796875,-0.16796875,1.055908203125,2.50341796875,1.055908203125
233,neuron,0,,,"1,0,0,0",-1.597900390625,-0.21142578125,0.0,-1.809326171875,0,,,,,,
233,neuron,1,,,"1,0,0,0",0.145263671875,0.04296875,0.052001953125,0.240234375,0,,,,,,
233,neuron,2,,,"1,0,0,0",-3.4990234375,-0.554931640625,0.0,-3.9990234375,0,,,,,,
233,neuron,3,,,"1,0,0,0",-0.919921875,-0.090576171875,0.0,-1.010498046875,0,,,,,,
233,neuron,4,,,"1,0,0,0",0.123291015625,0.15283203125,0.0,0.276123046875,0,,,,,,
233,neuron,5,,,"1,0,0,0",0.62060546875,0.571533203125,-0.02685546875,0.165283203125,1,,,,,,
233,neuron,6,,,"1,0,0,0",-2.93701171875,-0.427001953125,0.0,-3.364013671875,0,,,,,,
233,neuron,7,,,"1,0,0,0",-2.675048828125,-0.383056640625,0.0,-3.05810546875,0,,,,,,
233,readout,,0,0,"1,0,0,0",,,,,,-1.809326171875,-0.245849609375,0.44482421875,0.44482421875,2.42578125,0.869873046875
233,readout,,0,1,"1,0,0,0",,,,,,0.240234375,0.25048828125,0.06005859375,0.5048828125,2.42578125,0.869873046875
233,readout,,0,2,"1,0,0,0",,,,,,-3.9990234375,-0.015380859375,0.0615234375,0.56640625,2.42578125,0.869873046875
233,readout,,0,3,"1,0,0,0",,,,,,-1.010498046875,-0.057373046875,0.057861328125,0.624267578125,2.42578125,0.869873046875
233,readout,,0,4,"1,0,0,0",,,,,,0.276123046875,0.0048828125,0.00146484375,0.625732421875,2.42578125,0.869873046875
233,readout,,0,5,"1,0,0,0",,,,,,0.165283203125,0.10595703125,0.017578125,0.643310546875,2.42578125,0.869873046875
233,readout,,0,6,"1,0,0,0",,,,,,-3.364013671875,-0.00244140625,0.00830078125,0.651611328125,2.42578125,0.869873046875
233,readout,,0,7,"1,0,0,0",,,,,,-3.05810546875,0.31591796875,-0.966064453125,-0.314453125,2.42578125,0.869873046875
233,readout,,0,8,"1,0,0,0",,,,,,1.3369140625,1.9990234375,2.672607421875,2.358154296875,2.42578125,0.869873046875
233,readout,,0,9,"1,0,0,0",,,,,,-0.031005859375,-1.9990234375,0.06201171875,2.420166015625,2.42578125,0.869873046875
233,readout,,0,10,"1,0,0,0",,,,,,1.0,0.005615234375,0.005615234375,2.42578125,2.42578125,0.869873046875
233,readout,,1,0,"1,0,0,0",,,,,,-1.809326171875,0.021240234375,-0.038330078125,-0.038330078125,2.42578125,0.869873046875
233,readout,,1,1,"1,0,0,0",,,,,,0.240234375,-0.540771484375,-0.1298828125,-0.168212890625,2.42578125,0.869873046875
233,readout,,1,2,"1,0,0,0",,,,,,-3.9990234375,0.103271484375,-0.4130859375,-0.581298828125,2.42578125,0.869873046875
233,readout,,1,3,"1,0,0,0",,,,,,-1.010498046875,0.0478515625,-0.04833984375,-0.629638671875,2.42578125,0.869873046875
233,readout,,1,4,"1,0,0,0",,,,,,0.276123046875,-0.000244140625,0.0,-0.629638671875,2.42578125,0.869873046875
233,readout,,1,5,"1,0,0,0",,,,,,0.165283203125,0.17724609375,0.029296875,-0.600341796875,2.42578125,0.869873046875
233,readout,,1,6,"1,0,0,0",,,,,,-3.364013671875,-0.113525390625,0.3818359375,-0.218505859375,2.42578125,0.869873046875
233,readout,,1,7,"1,0,0,0",,,,,,-3.05810546875,-0.090576171875,0.277099609375,0.05859375,2.42578125,0.869873046875
233,readout,,1,8,"1,0,0,0",,,,,,1.3369140625,0.736328125,0.984375,1.04296875,2.42578125,0.869873046875
233,readout,,1,9,"1,0,0,0",,,,,,-0.031005859375,0.166015625,-0.005126953125,1.037841796875,2.42578125,0.869873046875
233,readout,,1,10,"1,0,0,0",,,,,,1.0,-0.16796875,-0.16796875,0.869873046875,2.42578125,0.869873046875
234,neuron,0,,,"1,0,0,0",-1.583251953125,-0.21142578125,0.0,-1.794677734375,0,,,,,,
234,neuron,1,,,"1,0,0,0",0.210205078125,0.04296875,0.0,0.253173828125,0,,,,,,
234,neuron,2,,,"1,0,0,0",-3.4990234375,-0.554931640625,-0.0078125,-3.9990234375,0,,,,,,
234,neuron,3,,,"1,0,0,0",-0.88427734375,-0.090576171875,0.0,-0.974853515625,0,,,,,,
234,neuron,4,,,"1,0,0,0",0.24169921875,0.15283203125,0.14111328125,0.53564453125,0,,,,,,
234,neuron,5,,,"1,0,0,0",0.14453125,0.571533203125,0.0,0.716064453125,0,,,,,,
234,neuron,6,,,"1,0,0,0",-2.943603515625,-0.427001953125,0.0,-3.37060546875,0,,,,,,
234,neuron,7,,,"1,0,0,0",-2.67578125,-0.383056640625,0.0,-3.058837890625,0,,,,,,
234,readout,,0,0,"1,0,0,0",,,,,,-1.794677734375,-0.245849609375,0.441162109375,0.441162109375,2.4013671875,0.951904296875
234,readout,,0,1,"1,0,0,0",,,,,,0.253173828125,0.25048828125,0.0634765625,0.504638671875,2.4013671875,0.951904296875
234,readout,,0,2,"1,0,0,0",,,,,,-3.9990234375,-0.015380859375,0.0615234375,0.566162109375,2.4013671875,0.951904296875
234,readout,,0,3,"1,0,0,0",,,,,,-0.974853515625,-0.057373046875,0.055908203125,0.6220703125,2.4013671875,0.951904296875
234,readout,,0,4,"1,0,0,0",,,,,,0.53564453125,0.0048828125,0.002685546875,0.624755859375,2.4013671875,0.951904296875
234,readout,,0,5,"1,0,0,0",,,,,,0.716064453125,0.10595703125,0.075927734375,0.70068359375,2.4013671875,0.951904296875
234,readout,,0,6,"1,0,0,0",,,,,,-3.37060546875,-0.00244140625,0.00830078125,0.708984375,2.4013671875,0.951904296875
234,readout,,0,7,"1,0,0,0",,,,,,-3.058837890625,0.31591796875,-0.96630859375,-0.25732421875,2.4013671875,0.951904296875
234,readout,,0,8,"1,0,0,0",,,,,,1.3173828125,1.9990234375,2.633544921875,2.376220703125,2.4013671875,0.951904296875
234,readout,,0,9,"1,0,0,0",,,,,,-0.009765625,-1.9990234375,0.01953125,2.395751953125,2.4013671875,0.951904296875
234,readout,,0,10,"1,0,0,0",,,,,,1.0,0.005615234375,0.005615234375,2.4013671875,2.4013671875,0.951904296875
234,readout,,1,0,"1,0,0,0",,,,,,-1.794677734375,0.021240234375,-0.0380859375,-0.0380859375,2.4013671875,0.951904296875
234,readout,,1,1,"1,0,0,0",,,,,,0.253173828125,-0.540771484375,-0.136962890625,-0.175048828125,2.4013671875,0.951904296875
234,readout,,1,2,"1,0,0,0",,,,,,-3.9990234375,0.103271484375,-0.4130859375,-0.588134765625,2.4013671875,0.951904296875
234,readout,,1,3,"1,0,0,0",,,,,,-0.974853515625,0.0478515625,-0.046630859375,-0.634765625,2.4013671875,0.951904296875
234,readout,,1,4,"1,0,0,0",,,,,,0.53564453125,-0.000244140625,-0.000244140625,-0.635009765625,2.4013671875,0.951904296875
234,readout,,1,5,"1,0,0,0",,,,,,0.716064453125,0.17724609375,0.126953125,-0.508056640625,2.4013671875,0.951904296875
234,readout,,1,6,"1,0,0,0",,,,,,-3.37060546875,-0.113525390625,0.382568359375,-0.12548828125,2.4013671875,0.951904296875
234,readout,,1,7,"1,0,0,0",,,,,,-3.058837890625,-0.090576171875,0.277099609375,0.151611328125,2.4013671875,0.951904296875
234,readout,,1,8,"1,0,0,0",,,,,,1.3173828125,0.736328125,0.969970703125,1.12158203125,2.4013671875,0.951904296875
234,readout,,1,9,"1,0,0,0",,,,,,-0.009765625,0.166015625,-0.001708984375,1.119873046875,2.4013671875,0.951904296875
234,readout,,1,10,"1,0,0,0",,,,,,1.0,-0.16796875,-0.16796875,0.951904296875,2.4013671875,0.951904296875
235,neuron,0,,,"1,0,0,0",-1.5703125,-0.21142578125,0.0,-1.78173828125,0,,,,,,
235,neuron,1,,,"1,0,0,0",0.221435546875,0.04296875,0.0,0.264404296875,0,,,,,,
235,neuron,2,,,"1,0,0,0",-3.4990234375,-0.554931640625,0.0,-3.9990234375,0,,,,,,
235,neuron,3,,,"1,0,0,0",-0.85302734375,-0.090576171875,0.0,-0.943603515625,0,,,,,,
235,neuron,4,,,"1,0,0,0",0.46875,0.15283203125,0.0,0.62158203125,0,,,,,,
235,neuron,5,,,"1,0,0,0",0.62646484375,0.571533203125,0.0,0.197998046875,1,,,,,,
235,neuron,6,,,"1,0,0,0",-2.94921875,-0.427001953125,0.0,-3.376220703125,0,,,,,,
235,neuron,7,,,"1,0,0,0",-2.676513671875,-0.383056640625,0.0,-3.0595703125,0,,,,,,
235,readout,,0,0,"1,0,0,0",,,,,,-1.78173828125,-0.245849609375,0.43798828125,0.43798828125,2.391357421875,0.913330078125
235,readout,,0,1,"1,0,0,0",,,,,,0.264404296875,0.25048828125,0.066162109375,0.504150390625,2.391357421875,0.913330078125
235,readout,,0,2,"1,0,0,0",,,,,,-3.9990234375,-0.015380859375,0.0615234375,0.565673828125,2.391357421875,0.913330078125
235,readout,,0,3,"1,0,0,0",,,,,,-0.943603515625,-0.057373046875,0.05419921875,0.619873046875,2.391357421875,0.913330078125
235,readout,,0,4,"1,0,0,0",,,,,,0.62158203125,0.0048828125,0.0029296875,0.622802734375,2.391357421875,0.913330078125
235,readout,,0,5,"1,0,0,0",,,,,,0.197998046875,0.10595703125,0.02099609375,0.643798828125,2.391357421875,0.913330078125
235,readout,,0,6,"1,0,0,0",,,,,,-3.376220703125,-0.00244140625,0.00830078125,0.652099609375,2.391357421875,0.913330078125
235,readout,,0,7,"1,0,0,0",,,,,,-3.0595703125,0.31591796875,-0.966552734375,-0.314453125,2.391357421875,0.913330078125
235,readout,,0,8,"1,0,0,0",,,,,,1.384521484375,1.9990234375,2.767578125,2.453125,2.391357421875,0.913330078125
235,readout,,0,9,"1,0,0,0",,,,,,0.03369140625,-1.9990234375,-0.0673828125,2.3857421875,2.391357421875,0.913330078125
235,readout,,0,10,"1,0,0,0",,,,,,1.0,0.005615234375,0.005615234375,2.391357421875,2.391357421875,0.913330078125
235,readout,,1,0,"1,0,0,0",,,,,,-1.78173828125,0.021240234375,-0.037841796875,-0.037841796875,2.391357421875,0.913330078125
235,readout,,1,1,"1,0,0,0",,,,,,0.264404296875,-0.540771484375,-0.14306640625,-0.180908203125,2.391357421875,0.913330078125
235,readout,,1,2,"1,0,0,0",,,,,,-3.9990234375,0.103271484375,-0.4130859375,-0.593994140625,2.391357421875,0.913330078125
235,readout,,1,3,"1,0,0,0",,,,,,-0.943603515625,0.0478515625,-0.045166015625,-0.63916015625,2.391357421875,0.913330078125
235,readout,,1,4,"1,0,0,0",,,,,,0.62158203125,-0.000244140625,-0.000244140625,-0.639404296875,2.391357421875,0.913330078125
235,readout,,1,5,"1,0,0,0",,,,,,0.197998046875,0.17724609375,0.03515625,-0.604248046875,2.391357421875,0.913330078125
235,readout,,1,6,"1,0,0,0",,,,,,-3.376220703125,-0.113525390625,0.38330078125,-0.220947265625,2.391357421875,0.913330078125
235,readout,,1,7,"1,0,0,0",,,,,,-3.0595703125,-0.090576171875,0.277099609375,0.05615234375,2.391357421875,0.913330078125
235,readout,,1,8,"1,0,0,0",,,,,,1.384521484375,0.736328125,1.01953125,1.07568359375,2.391357421875,0.913330078125
235,readout,,1,9,"1,0,0,0",,,,,,0.03369140625,0.166015625,0.005615234375,1.081298828125,2.391357421875,0.913330078125
235,readout,,1,10,"1,0,0,0",,,,,,1.0,-0.16796875,-0.16796875,0.913330078125,2.391357421875,0.913330078125
236,neuron,0,,,"1,0,0,0",-1.55908203125,-0.21142578125,0.0,-1.7705078125,0,,,,,,
236,neuron,1,,,"1,0,0,0",0.2314453125,0.04296875,0.0,0.2744140625,0,,,,,,
236,neuron,2,,,"1,0,0,0",-3.4990234375,-0.554931640625,-0.0078125,-3.9990234375,0,,,,,,
236,neuron,3,,,"1,0,0,0",-0.82568359375,-0.090576171875,0.0,-0.916259765625,0,,,,,,
236,neuron,4,,,"1,0,0,0",0.5439453125,0.15283203125,0.14111328125,0.837890625,0,,,,,,
236,neuron,5,,,"1,0,0,0",0.17333984375,0.571533203125,0.0,0.744873046875,0,,,,,,
236,neuron,6,,,"1,0,0,0",-2.9541015625,-0.427001953125,0.0,-3.381103515625,0,,,,,,
236,neuron,7,,,"1,0,0,0",-2.67724609375,-0.383056640625,0.0,-3.060302734375,0,,,,,,
236,readout,,0,0,"1,0,0,0",,,,,,-1.7705078125,-0.245849609375,0.435302734375,0.435302734375,2.466796875,0.960693359375
236,readout,,0,1,"1,0,0,0",,,,,,0.2744140625,0.25048828125,0.06884765625,0.504150390625,2.466796875,0.960693359375
236,readout,,0,2,"1,0,0,0",,,,,,-3.9990234375,-0.015380859375,0.0615234375,0.565673828125,2.466796875,0.960693359375
236,readout,,0,3,"1,0,0,0",,,,,,-0.916259765625,-0.057373046875,0.052490234375,0.6181640625,2.466796875,0.960693359375
236,readout,,0,4,"1,0,0,0",,,,,,0.837890625,0.0048828125,0.004150390625,0.622314453125,2.466796875,0.960693359375
236,readout,,0,5,"1,0,0,0",,,,,,0.744873046875,0.10595703125,0.078857421875,0.701171875,2.466796875,0.960693359375
236,readout,,0,6,"1,0,0,0",,,,,,-3.381103515625,-0.00244140625,0.00830078125,0.70947265625,2.466796875,0.960693359375
236,readout,,0,7,"1,0,0,0",,,,,,-3.060302734375,0.31591796875,-0.966796875,-0.25732421875,2.466796875,0.960693359375
236,readout,,0,8,"1,0,0,0",,,,,,1.335205078125,1.9990234375,2.669189453125,2.411865234375,2.466796875,0.960693359375
236,readout,,0,9,"1,0,0,0",,,,,,-0.024658203125,-1.9990234375,0.04931640625,2.461181640625,2.466796875,0.960693359375
236,readout,,0,10,"1,0,0,0",,,,,,1.0,0.005615234375,0.005615234375,2.466796875,2.466796875,0.960693359375
236,readout,,1,0,"1,0,0,0",,,,,,-1.7705078125,0.021240234375,-0.03759765625,-0.03759765625,2.466796875,0.960693359375
236,readout,,1,1,"1,0,0,0",,,,,,0.2744140625,-0.540771484375,-0.1484375,-0.18603515625,2.466796875,0.960693359375
236,readout,,1,2,"1,0,0,0",,,,,,-3.9990234375,0.103271484375,-0.4130859375,-0.59912109375,2.466796875,0.960693359375
236,readout,,1,3,"1,0,0,0",,,,,,-0.916259765625,0.0478515625,-0.0439453125,-0.64306640625,2.466796875,0.960693359375
236,readout,,1,4,"1,0,0,0",,,,,,0.837890625,-0.000244140625,-0.000244140625,-0.643310546875,2.466796875,0.960693359375
236,readout,,1,5,"1,0,0,0",,,,,,0.744873046875,0.17724609375,0.132080078125,-0.51123046875,2.466796875,0.960693359375
236,readout,,1,6,"1,0,0,0",,,,,,-3.381103515625,-0.113525390625,0.3837890625,-0.12744140625,2.466796875,0.960693359375
236,readout,,1,7,"1,0,0,0",,,,,,-3.060302734375,-0.090576171875,0.277099609375,0.149658203125,2.466796875,0.960693359375
236,readout,,1,8,"1,0,0,0",,,,,,1.335205078125,0.736328125,0.983154296875,1.1328125,2.466796875,0.960693359375
236,readout,,1,9,"1,0,0,0",,,,,,-0.024658203125,0.166015625,-0.004150390625,1.128662109375,2.466796875,0.960693359375
236,readout,,1,10,"1,0,0,0",,,,,,1.0,-0.16796875,-0.16796875,0.960693359375,2.466796875,0.960693359375
237,neuron,0,,,"1,0,0,0",-1.54931640625,-0.21142578125,0.0,-1.7607421875,0,,,,,,
237,neuron,1,,,"1,0,0,0",0.240234375,0.04296875,0.0,0.283203125,0,,,,,,
237,neuron,2,,,"1,0,0,0",-3.4990234375,-0.554931640625,0.0,-3.9990234375,0,,,,,,
237,neuron,3,,,"1,0,0,0",-0.8017578125,-0.090576171875,0.0,-0.892333984375,0,,,,,,
237,neuron,4,,,"1,0,0,0",0.733154296875,0.15283203125,0.0,0.885986328125,0,,,,,,
237,neuron,5,,,"1,0,0,0",0.65185546875,0.571533203125,0.0,0.223388671875,1,,,,,,
237,neuron,6,,,"1,0,0,0",-2.95849609375,-0.427001953125,0.0,-3.385498046875,0,,,,,,
237,neuron,7,,,"1,0,0,0",-2.677734375,-0.383056640625,0.0,-3.060791015625,0,,,,,,
237,readout,,0,0,"1,0,0,0",,,,,,-1.7607421875,-0.245849609375,0.432861328125,0.432861328125,2.388671875,0.89306640625
237,readout,,0,1,"1,0,0,0",,,,,,0.283203125,0.25048828125,0.071044921875,0.50390625,2.388671875,0.89306640625
237,readout,,0,2,"1,0,0,0",,,,,,-3.9990234375,-0.015380859375,0.0615234375,0.5654296875,2.388671875,0.89306640625
237,readout,,0,3,"1,0,0,0",,,,,,-0.892333984375,-0.057373046875,0.05126953125,0.61669921875,2.388671875,0.89306640625
237,readout,,0,4,"1,0,0,0",,,,,,0.885986328125,0.0048828125,0.00439453125,0.62109375,2.388671875,0.89306640625
237,readout,,0,5,"1,0,0,0",,,,,,0.223388671875,0.10595703125,0.023681640625,0.644775390625,2.388671875,0.89306640625
237,readout,,0,6,"1,0,0,0",,,,,,-3.385498046875,-0.00244140625,0.00830078125,0.653076171875,2.388671875,0.89306640625
237,readout,,0,7,"1,0,0,0",,,,,,-3.060791015625,0.31591796875,-0.967041015625,-0.31396484375,2.388671875,0.89306640625
237,readout,,0,8,"1,0,0,0",,,,,,1.36328125,1.9990234375,2.725341796875,2.411376953125,2.388671875,0.89306640625
237,readout,,0,9,"1,0,0,0",,,,,,0.01416015625,-1.9990234375,-0.0283203125,2.383056640625,2.388671875,0.89306640625
237,readout,,0,10,"1,0,0,0",,,,,,1.0,0.005615234375,0.005615234375,2.388671875,2.388671875,0.89306640625
237,readout,,1,0,"1,0,0,0",,,,,,-1.7607421875,0.021240234375,-0.037353515625,-0.037353515625,2.388671875,0.89306640625
237,readout,,1,1,"1,0,0,0",,,,,,0.283203125,-0.540771484375,-0.153076171875,-0.1904296875,2.388671875,0.89306640625
237,readout,,1,2,"1,0,0,0",,,,,,-3.9990234375,0.103271484375,-0.4130859375,-0.603515625,2.388671875,0.89306640625
237,readout,,1,3,"1,0,0,0",,,,,,-0.892333984375,0.0478515625,-0.042724609375,-0.646240234375,2.388671875,0.89306640625
237,readout,,1,4,"1,0,0,0",,,,,,0.885986328125,-0.000244140625,-0.000244140625,-0.646484375,2.388671875,0.89306640625
237,readout,,1,5,"1,0,0,0",,,,,,0.223388671875,0.17724609375,0.03955078125,-0.60693359375,2.388671875,0.89306640625
237,readout,,1,6,"1,0,0,0",,,,,,-3.385498046875,-0.113525390625,0.38427734375,-0.22265625,2.388671875,0.89306640625
237,readout,,1,7,"1,0,0,0",,,,,,-3.060791015625,-0.090576171875,0.27734375,0.0546875,2.388671875,0.89306640625
237,readout,,1,8,"1,0,0,0",,,,,,1.36328125,0.736328125,1.00390625,1.05859375,2.388671875,0.89306640625
237,readout,,1,9,"1,0,0,0",,,,,,0.01416015625,0.166015625,0.00244140625,1.06103515625,2.388671875,0.89306640625
237,readout,,1,10,"1,0,0,0",,,,,,1.0,-0.16796875,-0.16796875,0.89306640625,2.388671875,0.89306640625
238,neuron,0,,,"1,0,0,0",-1.54052734375,-0.21142578125,0.0,-1.751953125,0,,,,,,
238,neuron,1,,,"1,0,0,0",0.247802734375,0.04296875,0.0,0.290771484375,0,,,,,,
238,neuron,2,,,"1,0,0,0",-3.4990234375,-0.554931640625,-0.0078125,-3.9990234375,0,,,,,,
238,neuron,3,,,"1,0,0,0",-0.78076171875,-0.090576171875,0.0,-0.871337890625,0,,,,,,
238,neuron,4,,,"1,0,0,0",0.775146484375,0.15283203125,0.14111328125,0.069091796875,1,,,,,,
238,neuron,5,,,"1,0,0,0",0.195556640625,0.571533203125,0.0,0.76708984375,0,,,,,,
238,neuron,6,,,"1,0,0,0",-2.96240234375,-0.427001953125,0.0,-3.389404296875,0,,,,,,
238,neuron,7,,,"1,0,0,0",-2.67822265625,-0.383056640625,0.0,-3.061279296875,0,,,,,,
238,readout,,0,0,"1,0,0,0",,,,,,-1.751953125,-0.245849609375,0.4306640625,0.4306640625,2.4775390625,0.991943359375
238,readout,,0,1,"1,0,0,0",,,,,,0.290771484375,0.25048828125,0.07275390625,0.50341796875,2.4775390625,0.991943359375
238,readout,,0,2,"1,0,0,0",,,,,,-3.9990234375,-0.015380859375,0.0615234375,0.56494140625,2.4775390625,0.991943359375
238,readout,,0,3,"1,0,0,0",,,,,,-0.871337890625,-0.057373046875,0.050048828125,0.614990234375,2.4775390625,0.991943359375
238,readout,,0,4,"1,0,0,0",,,,,,0.069091796875,0.0048828125,0.000244140625,0.615234375,2.4775390625,0.991943359375
238,readout,,0,5,"1,0,0,0",,,,,,0.76708984375,0.10595703125,0.081298828125,0.696533203125,2.4775390625,0.991943359375
238,readout,,0,6,"1,0,0,0",,,,,,-3.389404296875,-0.00244140625,0.00830078125,0.704833984375,2.4775390625,0.991943359375
238,readout,,0,7,"1,0,0,0",,,,,,-3.061279296875,0.31591796875,-0.967041015625,-0.26220703125,2.4775390625,0.991943359375
238,readout,,0,8,"1,0,0,0",,,,,,1.3720703125,1.9990234375,2.742919921875,2.480712890625,2.4775390625,0.991943359375
238,readout,,0,9,"1,0,0,0",,,,,,0.00439453125,-1.9990234375,-0.0087890625,2.471923828125,2.4775390625,0.991943359375
238,readout,,0,10,"1,0,0,0",,,,,,1.0,0.005615234375,0.005615234375,2.4775390625,2.4775390625,0.991943359375
238,readout,,1,0,"1,0,0,0",,,,,,-1.751953125,0.021240234375,-0.037109375,-0.037109375,2.4775390625,0.991943359375
238,readout,,1,1,"1,0,0,0",,,,,,0.290771484375,-0.540771484375,-0.1572265625,-0.1943359375,2.4775390625,0.991943359375
238,readout,,1,2,"1,0,0,0",,,,,,-3.9990234375,0.103271484375,-0.4130859375,-0.607421875,2.4775390625,0.991943359375
238,readout,,1,3,"1,0,0,0",,,,,,-0.871337890625,0.0478515625,-0.041748046875,-0.649169921875,2.4775390625,0.991943359375
238,readout,,1,4,"1,0,0,0",,,,,,0.069091796875,-0.000244140625,0.0,-0.649169921875,2.4775390625,0.991943359375
238,readout,,1,5,"1,0,0,0",,,,,,0.76708984375,0.17724609375,0.135986328125,-0.51318359375,2.4775390625,0.991943359375
238,readout,,1,6,"1,0,0,0",,,,,,-3.389404296875,-0.113525390625,0.384765625,-0.12841796875,2.4775390625,0.991943359375
238,readout,,1,7,"1,0,0,0",,,,,,-3.061279296875,-0.090576171875,0.27734375,0.14892578125,2.4775390625,0.991943359375
238,readout,,1,8,"1,0,0,0",,,,,,1.3720703125,0.736328125,1.01025390625,1.1591796875,2.4775390625,0.991943359375
238,readout,,1,9,"1,0,0,0",,,,,,0.00439453125,0.166015625,0.000732421875,1.159912109375,2.4775390625,0.991943359375
238,readout,,1,10,"1,0,0,0",,,,,,1.0,-0.16796875,-0.16796875,0.991943359375,2.4775390625,0.991943359375
239,neuron,0,,,"1,0,0,0",-1.532958984375,-0.21142578125,0.0,-1.744384765625,0,,,,,,
239,neuron,1,,,"1,0,0,0",0.25439453125,0.04296875,0.052001953125,0.349365234375,0,,,,,,
239,neuron,2,,,"1,0,0,0",-3.4990234375,-0.554931640625,0.0,-3.9990234375,0,,,,,,
239,neuron,3,,,"1,0,0,0",-0.762451171875,-0.090576171875,0.0,-0.85302734375,0,,,,,,
239,neuron,4,,,"1,0,0,0",0.060546875,0.15283203125,0.0,0.21337890625,0,,,,,,
239,neuron,5,,,"1,0,0,0",0.671142578125,0.571533203125,-0.02685546875,0.2158203125,1,,,,,,
239,neuron,6,,,"1,0,0,0",-2.9658203125,-0.427001953125,0.0,-3.392822265625,0,,,,,,
239,neuron,7,,,"1,0,0,0",-2.6787109375,-0.383056640625,0.0,-3.061767578125,0,,,,,,
239,readout,,0,0,"1,0,0,0",,,,,,-1.744384765625,-0.245849609375,0.428955078125,0.428955078125,2.439697265625,0.863037109375
239,readout,,0,1,"1,0,0,0",,,,,,0.349365234375,0.25048828125,0.08740234375,0.516357421875,2.439697265625,0.863037109375
239,readout,,0,2,"1,0,0,0",,,,,,-3.9990234375,-0.015380859375,0.0615234375,0.577880859375,2.439697265625,0.863037109375
239,readout,,0,3,"1,0,0,0",,,,,,-0.85302734375,-0.057373046875,0.048828125,0.626708984375,2.439697265625,0.863037109375
239,readout,,0,4,"1,0,0,0",,,,,,0.21337890625,0.0048828125,0.0009765625,0.627685546875,2.439697265625,0.863037109375
239,readout,,0,5,"1,0,0,0",,,,,,0.2158203125,0.10595703125,0.02294921875,0.650634765625,2.439697265625,0.863037109375
239,readout,,0,6,"1,0,0,0",,,,,,-3.392822265625,-0.00244140625,0.00830078125,0.658935546875,2.439697265625,0.863037109375
239,readout,,0,7,"1,0,0,0",,,,,,-3.061767578125,0.31591796875,-0.96728515625,-0.308349609375,2.439697265625,0.863037109375
239,readout,,0,8,"1,0,0,0",,,,,,1.37158203125,1.9990234375,2.741943359375,2.43359375,2.439697265625,0.863037109375
239,readout,,0,9,"1,0,0,0",,,,,,-0.000244140625,-1.9990234375,0.00048828125,2.43408203125,2.439697265625,0.863037109375
239,readout,,0,10,"1,0,0,0",,,,,,1.0,0.005615234375,0.005615234375,2.439697265625,2.439697265625,0.863037109375
239,readout,,1,0,"1,0,0,0",,,,,,-1.744384765625,0.021240234375,-0.037109375,-0.037109375,2.439697265625,0.863037109375
239,readout,,1,1,"1,0,0,0",,,,,,0.349365234375,-0.540771484375,-0.18896484375,-0.22607421875,2.439697265625,0.863037109375
239,readout,,1,2,"1,0,0,0",,,,,,-3.9990234375,0.103271484375,-0.4130859375,-0.63916015625,2.439697265625,0.863037109375
239,readout,,1,3,"1,0,0,0",,,,,,-0.85302734375,0.0478515625,-0.040771484375,-0.679931640625,2.439697265625,0.863037109375
239,readout,,1,4,"1,0,0,0",,,,,,0.21337890625,-0.000244140625,0.0,-0.679931640625,2.439697265625,0.863037109375
239,readout,,1,5,"1,0,0,0",,,,,,0.2158203125,0.17724609375,0.038330078125,-0.6416015625,2.439697265625,0.863037109375
239,readout,,1,6,"1,0,0,0",,,,,,-3.392822265625,-0.113525390625,0.38525390625,-0.25634765625,2.439697265625,0.863037109375
239,readout,,1,7,"1,0,0,0",,,,,,-3.061767578125,-0.090576171875,0.27734375,0.02099609375,2.439697265625,0.863037109375
239,readout,,1,8,"1,0,0,0",,,,,,1.37158203125,0.736328125,1.010009765625,1.031005859375,2.439697265625,0.863037109375
239,readout,,1,9,"1,0,0,0",,,,,,-0.000244140625,0.166015625,0.0,1.031005859375,2.439697265625,0.863037109375
239,readout,,1,10,"1,0,0,0",,,,,,1.0,-0.16796875,-0.16796875,0.863037109375,2.439697265625,0.863037109375
240,neuron,0,,,"1,0,0,0",-1.5263671875,-0.21142578125,0.0,-1.73779296875,0,,,,,,
240,neuron,1,,,"1,0,0,0",0.3056640625,0.04296875,0.0,0.3486328125,0,,,,,,
240,neuron,2,,,"1,0,0,0",-3.4990234375,-0.554931640625,-0.0078125,-3.9990234375,0,,,,,,
240,neuron,3,,,"1,0,0,0",-0.746337890625,-0.090576171875,0.0,-0.8369140625,0,,,,,,
240,neuron,4,,,"1,0,0,0",0.186767578125,0.15283203125,0.14111328125,0.480712890625,0,,,,,,
240,neuron,5,,,"1,0,0,0",0.18896484375,0.571533203125,0.0,0.760498046875,0,,,,,,
240,neuron,6,,,"1,0,0,0",-2.96875,-0.427001953125,0.0,-3.395751953125,0,,,,,,
240,neuron,7,,,"1,0,0,0",-2.678955078125,-0.383056640625,0.0,-3.06201171875,0,,,,,,
240,readout,,0,0,"1,0,0,0",,,,,,-1.73779296875,-0.245849609375,0.42724609375,0.42724609375,2.52197265625,0.982666015625
240,readout,,0,1,"1,0,0,0",,,,,,0.3486328125,0.25048828125,0.08740234375,0.5146484375,2.52197265625,0.982666015625
240,readout,,0,2,"1,0,0,0",,,,,,-3.9990234375,-0.015380859375,0.0615234375,0.576171875,2.52197265625,0.982666015625
240,readout,,0,3,"1,0,0,0",,,,,,-0.8369140625,-0.057373046875,0.048095703125,0.624267578125,2.52197265625,0.982666015625
240,readout,,0,4,"1,0,0,0",,,,,,0.480712890625,0.0048828125,0.00244140625,0.626708984375,2.52197265625,0.982666015625
240,readout,,0,5,"1,0,0,0",,,,,,0.760498046875,0.10595703125,0.08056640625,0.707275390625,2.52197265625,0.982666015625
240,readout,,0,6,"1,0,0,0",,,,,,-3.395751953125,-0.00244140625,0.00830078125,0.715576171875,2.52197265625,0.982666015625
240,readout,,0,7,"1,0,0,0",,,,,,-3.06201171875,0.31591796875,-0.96728515625,-0.251708984375,2.52197265625,0.982666015625
240,readout,,0,8,"1,0,0,0",,,,,,1.39794921875,1.9990234375,2.79443359375,2.542724609375,2.52197265625,0.982666015625
240,readout,,0,9,"1,0,0,0",,,,,,0.01318359375,-1.9990234375,-0.0263671875,2.516357421875,2.52197265625,0.982666015625
240,readout,,0,10,"1,0,0,0",,,,,,1.0,0.005615234375,0.005615234375,2.52197265625,2.52197265625,0.982666015625
240,readout,,1,0,"1,0,0,0",,,,,,-1.73779296875,0.021240234375,-0.036865234375,-0.036865234375,2.52197265625,0.982666015625
240,readout,,1,1,"1,0,0,0",,,,,,0.3486328125,-0.540771484375,-0.1884765625,-0.225341796875,2.52197265625,0.982666015625
240,readout,,1,2,"1,0,0,0",,,,,,-3.9990234375,0.103271484375,-0.4130859375,-0.638427734375,2.52197265625,0.982666015625
240,readout,,1,3,"1,0,0,0",,,,,,-0.8369140625,0.0478515625,-0.0400390625,-0.678466796875,2.52197265625,0.982666015625
240,readout,,1,4,"1,0,0,0",,,,,,0.480712890625,-0.000244140625,0.0,-0.678466796875,2.52197265625,0.982666015625
240,readout,,1,5,"1,0,0,0",,,,,,0.760498046875,0.17724609375,0.134765625,-0.543701171875,2.52197265625,0.982666015625
240,readout,,1,6,"1,0,0,0",,,,,,-3.395751953125,-0.113525390625,0.385498046875,-0.158203125,2.52197265625,0.982666015625
240,readout,,1,7,"1,0,0,0",,,,,,-3.06201171875,-0.090576171875,0.27734375,0.119140625,2.52197265625,0.982666015625
240,readout,,1,8,"1,0,0,0",,,,,,1.39794921875,0.736328125,1.029296875,1.1484375,2.52197265625,0.982666015625
240,readout,,1,9,"1,0,0,0",,,,,,0.01318359375,0.166015625,0.002197265625,1.150634765625,2.52197265625,0.982666015625
240,readout,,1,10,"1,0,0,0",,,,,,1.0,-0.16796875,-0.16796875,0.982666015625,2.52197265625,0.982666015625
241,neuron,0,,,"1,0,0,0",-1.5205078125,-0.21142578125,0.0,-1.73193359375,0,,,,,,
241,neuron,1,,,"1,0,0,0",0.30517578125,0.04296875,0.0,0.34814453125,0,,,,,,
241,neuron,2,,,"1,0,0,0",-3.4990234375,-0.554931640625,0.0,-3.9990234375,0,,,,,,
241,neuron,3,,,"1,0,0,0",-0.732421875,-0.090576171875,0.0,-0.822998046875,0,,,,,,
241,neuron,4,,,"1,0,0,0",0.420654296875,0.15283203125,0.0,0.573486328125,0,,,,,,
241,neuron,5,,,"1,0,0,0",0.66552734375,0.571533203125,0.0,0.237060546875,1,,,,,,
241,neuron,6,,,"1,0,0,0",-2.97119140625,-0.427001953125,0.0,-3.398193359375,0,,,,,,
241,neuron,7,,,"1,0,0,0",-2.67919921875,-0.383056640625,0.0,-3.062255859375,0,,,,,,
241,readout,,0,0,"1,0,0,0",,,,,,-1.73193359375,-0.245849609375,0.42578125,0.42578125,2.448974609375,0.854736328125
241,readout,,0,1,"1,0,0,0",,,,,,0.34814453125,0.25048828125,0.087158203125,0.512939453125,2.448974609375,0.854736328125
241,readout,,0,2,"1,0,0,0",,,,,,-3.9990234375,-0.015380859375,0.0615234375,0.574462890625,2.448974609375,0.854736328125
241,readout,,0,3,"1,0,0,0",,,,,,-0.822998046875,-0.057373046875,0.047119140625,0.62158203125,2.448974609375,0.854736328125
241,readout,,0,4,"1,0,0,0",,,,,,0.573486328125,0.0048828125,0.002685546875,0.624267578125,2.448974609375,0.854736328125
241,readout,,0,5,"1,0,0,0",,,,,,0.237060546875,0.10595703125,0.025146484375,0.6494140625,2.448974609375,0.854736328125
241,readout,,0,6,"1,0,0,0",,,,,,-3.398193359375,-0.00244140625,0.00830078125,0.65771484375,2.448974609375,0.854736328125
241,readout,,0,7,"1,0,0,0",,,,,,-3.062255859375,0.31591796875,-0.967529296875,-0.309814453125,2.448974609375,0.854736328125
241,readout,,0,8,"1,0,0,0",,,,,,1.3564453125,1.9990234375,2.711669921875,2.40185546875,2.448974609375,0.854736328125
241,readout,,0,9,"1,0,0,0",,,,,,-0.020751953125,-1.9990234375,0.04150390625,2.443359375,2.448974609375,0.854736328125
241,readout,,0,10,"1,0,0,0",,,,,,1.0,0.005615234375,0.005615234375,2.448974609375,2.448974609375,0.854736328125
241,readout,,1,0,"1,0,0,0",,,,,,-1.73193359375,0.021240234375,-0.036865234375,-0.036865234375,2.448974609375,0.854736328125
241,readout,,1,1,"1,0,0,0",,,,,,0.34814453125,-0.540771484375,-0.188232421875,-0.22509765625,2.448974609375,0.854736328125
241,readout,,1,2,"1,0,0,0",,,,,,-3.9990234375,0.103271484375,-0.4130859375,-0.63818359375,2.448974609375,0.854736328125
241,readout,,1,3,"1,0,0,0",,,,,,-0.822998046875,0.0478515625,-0.039306640625,-0.677490234375,2.448974609375,0.854736328125
241,readout,,1,4,"1,0,0,0",,,,,,0.573486328125,-0.000244140625,-0.000244140625,-0.677734375,2.448974609375,0.854736328125
241,readout,,1,5,"1,0,0,0",,,,,,0.237060546875,0.17724609375,0.0419921875,-0.6357421875,2.448974609375,0.854736328125
241,readout,,1,6,"1,0,0,0",,,,,,-3.398193359375,-0.113525390625,0.3857421875,-0.25,2.448974609375,0.854736328125
241,readout,,1,7,"1,0,0,0",,,,,,-3.062255859375,-0.090576171875,0.27734375,0.02734375,2.448974609375,0.854736328125
241,readout,,1,8,"1,0,0,0",,,,,,1.3564453125,0.736328125,0.998779296875,1.026123046875,2.448974609375,0.854736328125
241,readout,,1,9,"1,0,0,0",,,,,,-0.020751953125,0.166015625,-0.00341796875,1.022705078125,2.448974609375,0.854736328125
241,readout,,1,10,"1,0,0,0",,,,,,1.0,-0.16796875,-0.16796875,0.854736328125,2.448974609375,0.854736328125
242,neuron,0,,,"1,0,0,0",-1.515380859375,-0.21142578125,0.0,-1.726806640625,0,,,,,,
242,neuron,1,,,"1,0,0,0",0.3046875,0.04296875,0.0,0.34765625,0,,,,,,
242,neuron,2,,,"1,0,0,0",-3.4990234375,-0.554931640625,-0.0078125,-3.9990234375,0,,,,,,
242,neuron,3,,,"1,0,0,0",-0.72021484375,-0.090576171875,0.0,-0.810791015625,0,,,,,,
242,neuron,4,,,"1,0,0,0",0.501708984375,0.15283203125,0.14111328125,0.795654296875,0,,,,,,
242,neuron,5,,,"1,0,0,0",0.20751953125,0.571533203125,0.0,0.779052734375,0,,,,,,
242,neuron,6,,,"1,0,0,0",-2.973388671875,-0.427001953125,0.0,-3.400390625,0,,,,,,
242,neuron,7,,,"1,0,0,0",-2.679443359375,-0.383056640625,0.0,-3.0625,0,,,,,,
242,readout,,0,0,"1,0,0,0",,,,,,-1.726806640625,-0.245849609375,0.424560546875,0.424560546875,2.47900390625,0.9677734375
242,readout,,0,1,"1,0,0,0",,,,,,0.34765625,0.25048828125,0.087158203125,0.51171875,2.47900390625,0.9677734375
242,readout,,0,2,"1,0,0,0",,,,,,-3.9990234375,-0.015380859375,0.0615234375,0.5732421875,2.47900390625,0.9677734375
242,readout,,0,3,"1,0,0,0",,,,,,-0.810791015625,-0.057373046875,0.046630859375,0.619873046875,2.47900390625,0.9677734375
242,readout,,0,4,"1,0,0,0",,,,,,0.795654296875,0.0048828125,0.00390625,0.623779296875,2.47900390625,0.9677734375
242,readout,,0,5,"1,0,0,0",,,,,,0.779052734375,0.10595703125,0.08251953125,0.706298828125,2.47900390625,0.9677734375
242,readout,,0,6,"1,0,0,0",,,,,,-3.400390625,-0.00244140625,0.00830078125,0.714599609375,2.47900390625,0.9677734375
242,readout,,0,7,"1,0,0,0",,,,,,-3.0625,0.31591796875,-0.967529296875,-0.2529296875,2.47900390625,0.9677734375
242,readout,,0,8,"1,0,0,0",,,,,,1.371337890625,1.9990234375,2.741455078125,2.488525390625,2.47900390625,0.9677734375
242,readout,,0,9,"1,0,0,0",,,,,,0.007568359375,-1.9990234375,-0.01513671875,2.473388671875,2.47900390625,0.9677734375
242,readout,,0,10,"1,0,0,0",,,,,,1.0,0.005615234375,0.005615234375,2.47900390625,2.47900390625,0.9677734375
242,readout,,1,0,"1,0,0,0",,,,,,-1.726806640625,0.021240234375,-0.03662109375,-0.03662109375,2.47900390625,0.9677734375
242,readout,,1,1,"1,0,0,0",,,,,,0.34765625,-0.540771484375,-0.18798828125,-0.224609375,2.47900390625,0.9677734375
242,readout,,1,2,"1,0,0,0",,,,,,-3.9990234375,0.103271484375,-0.4130859375,-0.6376953125,2.47900390625,0.9677734375
242,readout,,1,3,"1,0,0,0",,,,,,-0.810791015625,0.0478515625,-0.038818359375,-0.676513671875,2.47900390625,0.9677734375
242,readout,,1,4,"1,0,0,0",,,,,,0.795654296875,-0.000244140625,-0.000244140625,-0.6767578125,2.47900390625,0.9677734375
242,readout,,1,5,"1,0,0,0",,,,,,0.779052734375,0.17724609375,0.13818359375,-0.53857421875,2.47900390625,0.9677734375
242,readout,,1,6,"1,0,0,0",,,,,,-3.400390625,-0.113525390625,0.385986328125,-0.152587890625,2.47900390625,0.9677734375
242,readout,,1,7,"1,0,0,0",,,,,,-3.0625,-0.090576171875,0.27734375,0.124755859375,2.47900390625,0.9677734375
242,readout,,1,8,"1,0,0,0",,,,,,1.371337890625,0.736328125,1.009765625,1.134521484375,2.47900390625,0.9677734375
242,readout,,1,9,"1,0,0,0",,,,,,0.007568359375,0.166015625,0.001220703125,1.1357421875,2.47900390625,0.9677734375
242,readout,,1,10,"1,0,0,0",,,,,,1.0,-0.16796875,-0.16796875,0.9677734375,2.47900390625,0.9677734375
243,neuron,0,,,"1,0,0,0",-1.510986328125,-0.21142578125,0.0,-1.722412109375,0,,,,,,
243,neuron,1,,,"1,0,0,0",0.30419921875,0.04296875,0.0,0.34716796875,0,,,,,,
243,neuron,2,,,"1,0,0,0",-3.4990234375,-0.554931640625,0.0,-3.9990234375,0,,,,,,
243,neuron,3,,,"1,0,0,0",-0.70947265625,-0.090576171875,0.0,-0.800048828125,0,,,,,,
243,neuron,4,,,"1,0,0,0",0.6962890625,0.15283203125,0.0,0.84912109375,0,,,,,,
243,neuron,5,,,"1,0,0,0",0.681640625,0.571533203125,0.0,0.253173828125,1,,,,,,
243,neuron,6,,,"1,0,0,0",-2.975341796875,-0.427001953125,0.0,-3.40234375,0,,,,,,
243,neuron,7,,,"1,0,0,0",-2.6796875,-0.383056640625,0.0,-3.062744140625,0,,,,,,
243,readout,,0,0,"1,0,0,0",,,,,,-1.722412109375,-0.245849609375,0.42333984375,0.42333984375,2.444580078125,0.881103515625
243,readout,,0,1,"1,0,0,0",,,,,,0.34716796875,0.25048828125,0.0869140625,0.51025390625,2.444580078125,0.881103515625
243,readout,,0,2,"1,0,0,0",,,,,,-3.9990234375,-0.015380859375,0.0615234375,0.57177734375,2.444580078125,0.881103515625
243,readout,,0,3,"1,0,0,0",,,,,,-0.800048828125,-0.057373046875,0.0458984375,0.61767578125,2.444580078125,0.881103515625
243,readout,,0,4,"1,0,0,0",,,,,,0.84912109375,0.0048828125,0.004150390625,0.621826171875,2.444580078125,0.881103515625
243,readout,,0,5,"1,0,0,0",,,,,,0.253173828125,0.10595703125,0.02685546875,0.648681640625,2.444580078125,0.881103515625
243,readout,,0,6,"1,0,0,0",,,,,,-3.40234375,-0.00244140625,0.00830078125,0.656982421875,2.444580078125,0.881103515625
243,readout,,0,7,"1,0,0,0",,,,,,-3.062744140625,0.31591796875,-0.967529296875,-0.310546875,2.444580078125,0.881103515625
243,readout,,0,8,"1,0,0,0",,,,,,1.379638671875,1.9990234375,2.7578125,2.447265625,2.444580078125,0.881103515625
243,readout,,0,9,"1,0,0,0",,,,,,0.004150390625,-1.9990234375,-0.00830078125,2.43896484375,2.444580078125,0.881103515625
243,readout,,0,10,"1,0,0,0",,,,,,1.0,0.005615234375,0.005615234375,2.444580078125,2.444580078125,0.881103515625
243,readout,,1,0,"1,0,0,0",,,,,,-1.722412109375,0.021240234375,-0.03662109375,-0.03662109375,2.444580078125,0.881103515625
243,readout,,1,1,"1,0,0,0",,,,,,0.34716796875,-0.540771484375,-0.187744140625,-0.224365234375,2.444580078125,0.881103515625
243,readout,,1,2,"1,0,0,0",,,,,,-3.9990234375,0.103271484375,-0.4130859375,-0.637451171875,2.444580078125,0.881103515625
243,readout,,1,3,"1,0,0,0",,,,,,-0.800048828125,0.0478515625,-0.038330078125,-0.67578125,2.444580078125,0.881103515625
243,readout,,1,4,"1,0,0,0",,,,,,0.84912109375,-0.000244140625,-0.000244140625,-0.676025390625,2.444580078125,0.881103515625
243,readout,,1,5,"1,0,0,0",,,,,,0.253173828125,0.17724609375,0.044921875,-0.631103515625,2.444580078125,0.881103515625
243,readout,,1,6,"1,0,0,0",,,,,,-3.40234375,-0.113525390625,0.38623046875,-0.244873046875,2.444580078125,0.881103515625
243,readout,,1,7,"1,0,0,0",,,,,,-3.062744140625,-0.090576171875,0.27734375,0.032470703125,2.444580078125,0.881103515625
243,readout,,1,8,"1,0,0,0",,,,,,1.379638671875,0.736328125,1.015869140625,1.04833984375,2.444580078125,0.881103515625
243,readout,,1,9,"1,0,0,0",,,,,,0.004150390625,0.166015625,0.000732421875,1.049072265625,2.444580078125,0.881103515625
243,readout,,1,10,"1,0,0,0",,,,,,1.0,-0.16796875,-0.16796875,0.881103515625,2.444580078125,0.881103515625
244,neuron,0,,,"1,0,0,0",-1.507080078125,-0.21142578125,0.0,-1.718505859375,0,,,,,,
244,neuron,1,,,"1,0,0,0",0.3037109375,0.04296875,0.0,0.3466796875,0,,,,,,
244,neuron,2,,,"1,0,0,0",-3.4990234375,-0.554931640625,-0.0078125,-3.9990234375,0,,,,,,
244,neuron,3,,,"1,0,0,0",-0.699951171875,-0.090576171875,0.0,-0.79052734375,0,,,,,,
244,neuron,4,,,"1,0,0,0",0.742919921875,0.15283203125,0.14111328125,0.036865234375,1,,,,,,
244,neuron,5,,,"1,0,0,0",0.221435546875,0.571533203125,0.0,0.79296875,0,,,,,,
244,neuron,6,,,"1,0,0,0",-2.97705078125,-0.427001953125,0.0,-3.404052734375,0,,,,,,
244,neuron,7,,,"1,0,0,0",-2.679931640625,-0.383056640625,0.0,-3.06298828125,0,,,,,,
244,readout,,0,0,"1,0,0,0",,,,,,-1.718505859375,-0.245849609375,0.422607421875,0.422607421875,2.502197265625,0.97509765625
244,readout,,0,1,"1,0,0,0",,,,,,0.3466796875,0.25048828125,0.0869140625,0.509521484375,2.502197265625,0.97509765625
244,readout,,0,2,"1,0,0,0",,,,,,-3.9990234375,-0.015380859375,0.0615234375,0.571044921875,2.502197265625,0.97509765625
244,readout,,0,3,"1,0,0,0",,,,,,-0.79052734375,-0.057373046875,0.04541015625,0.616455078125,2.502197265625,0.97509765625
244,readout,,0,4,"1,0,0,0",,,,,,0.036865234375,0.0048828125,0.000244140625,0.61669921875,2.502197265625,0.97509765625
244,readout,,0,5,"1,0,0,0",,,,,,0.79296875,0.10595703125,0.083984375,0.70068359375,2.502197265625,0.97509765625
244,readout,,0,6,"1,0,0,0",,,,,,-3.404052734375,-0.00244140625,0.00830078125,0.708984375,2.502197265625,0.97509765625
244,readout,,0,7,"1,0,0,0",,,,,,-3.06298828125,0.31591796875,-0.9677734375,-0.2587890625,2.502197265625,0.97509765625
244,readout,,0,8,"1,0,0,0",,,,,,1.376953125,1.9990234375,2.75244140625,2.49365234375,2.502197265625,0.97509765625
244,readout,,0,9,"1,0,0,0",,,,,,-0.00146484375,-1.9990234375,0.0029296875,2.49658203125,2.502197265625,0.97509765625
244,readout,,0,10,"1,0,0,0",,,,,,1.0,0.005615234375,0.005615234375,2.502197265625,2.502197265625,0.97509765625
244,readout,,1,0,"1,0,0,0",,,,,,-1.718505859375,0.021240234375,-0.03662109375,-0.03662109375,2.502197265625,0.97509765625
244,readout,,1,1,"1,0,0,0",,,,,,0.3466796875,-0.540771484375,-0.1875,-0.22412109375,2.502197265625,0.97509765625
244,readout,,1,2,"1,0,0,0",,,,,,-3.9990234375,0.103271484375,-0.4130859375,-0.63720703125,2.502197265625,0.97509765625
244,readout,,1,3,"1,0,0,0",,,,,,-0.79052734375,0.0478515625,-0.037841796875,-0.675048828125,2.502197265625,0.97509765625
244,readout,,1,4,"1,0,0,0",,,,,,0.036865234375,-0.000244140625,0.0,-0.675048828125,2.502197265625,0.97509765625
244,readout,,1,5,"1,0,0,0",,,,,,0.79296875,0.17724609375,0.140625,-0.534423828125,2.502197265625,0.97509765625
244,readout,,1,6,"1,0,0,0",,,,,,-3.404052734375,-0.113525390625,0.386474609375,-0.14794921875,2.502197265625,0.97509765625
244,readout,,1,7,"1,0,0,0",,,,,,-3.06298828125,-0.090576171875,0.27734375,0.12939453125,2.502197265625,0.97509765625
244,readout,,1,8,"1,0,0,0",,,,,,1.376953125,0.736328125,1.013916015625,1.143310546875,2.502197265625,0.97509765625
244,readout,,1,9,"1,0,0,0",,,,,,-0.00146484375,0.166015625,-0.000244140625,1.14306640625,2.502197265625,0.97509765625
244,readout,,1,10,"1,0,0,0",,,,,,1.0,-0.16796875,-0.16796875,0.97509765625,2.502197265625,0.97509765625
245,neuron,0,,,"1,0,0,0",-1.503662109375,-0.21142578125,0.0,-1.715087890625,0,,,,,,
245,neuron,1,,,"1,0,0,0",0.30322265625,0.04296875,0.052001953125,0.398193359375,0,,,,,,
245,neuron,2,,,"1,0,0,0",-3.4990234375,-0.554931640625,0.0,-3.9990234375,0,,,,,,
245,neuron,3,,,"1,0,0,0",-0.691650390625,-0.090576171875,0.0,-0.7822265625,0,,,,,,
245,neuron,4,,,"1,0,0,0",0.0322265625,0.15283203125,0.0,0.18505859375,0,,,,,,
245,neuron,5,,,"1,0,0,0",0.69384765625,0.571533203125,-0.02685546875,0.238525390625,1,,,,,,
245,neuron,6,,,"1,0,0,0",-2.978515625,-0.427001953125,0.0,-3.405517578125,0,,,,,,
245,neuron,7,,,"1,0,0,0",-2.68017578125,-0.383056640625,0.0,-3.063232421875,0,,,,,,
245,readout,,0,0,"1,0,0,0",,,,,,-1.715087890625,-0.245849609375,0.421630859375,0.421630859375,2.464111328125,0.859375
245,readout,,0,1,"1,0,0,0",,,,,,0.398193359375,0.25048828125,0.099853515625,0.521484375,2.464111328125,0.859375
245,readout,,0,2,"1,0,0,0",,,,,,-3.9990234375,-0.015380859375,0.0615234375,0.5830078125,2.464111328125,0.859375
245,readout,,0,3,"1,0,0,0",,,,,,-0.7822265625,-0.057373046875,0.044921875,0.6279296875,2.464111328125,0.859375
245,readout,,0,4,"1,0,0,0",,,,,,0.18505859375,0.0048828125,0.0009765625,0.62890625,2.464111328125,0.859375
245,readout,,0,5,"1,0,0,0",,,,,,0.238525390625,0.10595703125,0.025390625,0.654296875,2.464111328125,0.859375
245,readout,,0,6,"1,0,0,0",,,,,,-3.405517578125,-0.00244140625,0.00830078125,0.66259765625,2.464111328125,0.859375
245,readout,,0,7,"1,0,0,0",,,,,,-3.063232421875,0.31591796875,-0.9677734375,-0.30517578125,2.464111328125,0.859375
245,readout,,0,8,"1,0,0,0",,,,,,1.38818359375,1.9990234375,2.77490234375,2.4697265625,2.464111328125,0.859375
245,readout,,0,9,"1,0,0,0",,,,,,0.005615234375,-1.9990234375,-0.01123046875,2.45849609375,2.464111328125,0.859375
245,readout,,0,10,"1,0,0,0",,,,,,1.0,0.005615234375,0.005615234375,2.464111328125,2.464111328125,0.859375
245,readout,,1,0,"1,0,0,0",,,,,,-1.715087890625,0.021240234375,-0.036376953125,-0.036376953125,2.464111328125,0.859375
245,readout,,1,1,"1,0,0,0",,,,,,0.398193359375,-0.540771484375,-0.21533203125,-0.251708984375,2.464111328125,0.859375
245,readout,,1,2,"1,0,0,0",,,,,,-3.9990234375,0.103271484375,-0.4130859375,-0.664794921875,2.464111328125,0.859375
245,readout,,1,3,"1,0,0,0",,,,,,-0.7822265625,0.0478515625,-0.037353515625,-0.7021484375,2.464111328125,0.859375
245,readout,,1,4,"1,0,0,0",,,,,,0.18505859375,-0.000244140625,0.0,-0.7021484375,2.464111328125,0.859375
245,readout,,1,5,"1,0,0,0",,,,,,0.238525390625,0.17724609375,0.042236328125,-0.659912109375,2.464111328125,0.859375
245,readout,,1,6,"1,0,0,0",,,,,,-3.405517578125,-0.113525390625,0.38671875,-0.273193359375,2.464111328125,0.859375
245,readout,,1,7,"1,0,0,0",,,,,,-3.063232421875,-0.090576171875,0.27734375,0.004150390625,2.464111328125,0.859375
245,readout,,1,8,"1,0,0,0",,,,,,1.38818359375,0.736328125,1.022216796875,1.0263671875,2.464111328125,0.859375
245,readout,,1,9,"1,0,0,0",,,,,,0.005615234375,0.166015625,0.0009765625,1.02734375,2.464111328125,0.859375
245,readout,,1,10,"1,0,0,0",,,,,,1.0,-0.16796875,-0.16796875,0.859375,2.464111328125,0.859375
246,neuron,0,,,"1,0,0,0",-1.500732421875,-0.21142578125,0.0,-1.712158203125,0,,,,,,
246,neuron,1,,,"1,0,0,0",0.348388671875,0.04296875,0.0,0.391357421875,0,,,,,,
246,neuron,2,,,"1,0,0,0",-3.4990234375,-0.554931640625,-0.0078125,-3.9990234375,0,,,,,,
246,neuron,3,,,"1,0,0,0",-0.6845703125,-0.090576171875,0.0,-0.775146484375,0,,,,,,
246,neuron,4,,,"1,0,0,0",0.161865234375,0.15283203125,0.14111328125,0.455810546875,0,,,,,,
246,neuron,5,,,"1,0,0,0",0.208740234375,0.571533203125,0.0,0.7802734375,0,,,,,,
246,neuron,6,,,"1,0,0,0",-2.979736328125,-0.427001953125,0.0,-3.40673828125,0,,,,,,
246,neuron,7,,,"1,0,0,0",-2.680419921875,-0.383056640625,0.0,-3.0634765625,0,,,,,,
246,readout,,0,0,"1,0,0,0",,,,,,-1.712158203125,-0.245849609375,0.4208984375,0.4208984375,2.531982421875,0.959228515625
246,readout,,0,1,"1,0,0,0",,,,,,0.391357421875,0.25048828125,0.09814453125,0.51904296875,2.531982421875,0.959228515625
246,readout,,0,2,"1,0,0,0",,,,,,-3.9990234375,-0.015380859375,0.0615234375,0.58056640625,2.531982421875,0.959228515625
246,readout,,0,3,"1,0,0,0",,,,,,-0.775146484375,-0.057373046875,0.04443359375,0.625,2.531982421875,0.959228515625
246,readout,,0,4,"1,0,0,0",,,,,,0.455810546875,0.0048828125,0.002197265625,0.627197265625,2.531982421875,0.959228515625
246,readout,,0,5,"1,0,0,0",,,,,,0.7802734375,0.10595703125,0.082763671875,0.7099609375,2.531982421875,0.959228515625
246,readout,,0,6,"1,0,0,0",,,,,,-3.40673828125,-0.00244140625,0.00830078125,0.71826171875,2.531982421875,0.959228515625
246,readout,,0,7,"1,0,0,0",,,,,,-3.0634765625,0.31591796875,-0.9677734375,-0.24951171875,2.531982421875,0.959228515625
246,readout,,0,8,"1,0,0,0",,,,,,1.38916015625,1.9990234375,2.77685546875,2.52734375,2.531982421875,0.959228515625
246,readout,,0,9,"1,0,0,0",,,,,,0.00048828125,-1.9990234375,-0.0009765625,2.5263671875,2.531982421875,0.959228515625
246,readout,,0,10,"1,0,0,0",,,,,,1.0,0.005615234375,0.005615234375,2.531982421875,2.531982421875,0.959228515625
246,readout,,1,0,"1,0,0,0",,,,,,-1.712158203125,0.021240234375,-0.036376953125,-0.036376953125,2.531982421875,0.959228515625
246,readout,,1,1,"1,0,0,0",,,,,,0.391357421875,-0.540771484375,-0.211669921875,-0.248046875,2.531982421875,0.959228515625
246,readout,,1,2,"1,0,0,0",,,,,,-3.9990234375,0.103271484375,-0.4130859375,-0.6611328125,2.531982421875,0.959228515625
246,readout,,1,3,"1,0,0,0",,,,,,-0.775146484375,0.0478515625,-0.037109375,-0.6982421875,2.531982421875,0.959228515625
246,readout,,1,4,"1,0,0,0",,,,,,0.455810546875,-0.000244140625,0.0,-0.6982421875,2.531982421875,0.959228515625
246,readout,,1,5,"1,0,0,0",,,,,,0.7802734375,0.17724609375,0.13818359375,-0.56005859375,2.531982421875,0.959228515625
246,readout,,1,6,"1,0,0,0",,,,,,-3.40673828125,-0.113525390625,0.38671875,-0.17333984375,2.531982421875,0.959228515625
246,readout,,1,7,"1,0,0,0",,,,,,-3.0634765625,-0.090576171875,0.277587890625,0.104248046875,2.531982421875,0.959228515625
246,readout,,1,8,"1,0,0,0",,,,,,1.38916015625,0.736328125,1.02294921875,1.127197265625,2.531982421875,0.959228515625
246,readout,,1,9,"1,0,0,0",,,,,,0.00048828125,0.166015625,0.0,1.127197265625,2.531982421875,0.959228515625
246,readout,,1,10,"1,0,0,0",,,,,,1.0,-0.16796875,-0.16796875,0.959228515625,2.531982421875,0.959228515625
247,neuron,0,,,"1,0,0,0",-1.498046875,-0.21142578125,0.0,-1.70947265625,0,,,,,,
247,neuron,1,,,"1,0,0,0",0.342529296875,0.04296875,0.0,0.385498046875,0,,,,,,
247,neuron,2,,,"1,0,0,0",-3.4990234375,-0.554931640625,0.0,-3.9990234375,0,,,,,,
247,neuron,3,,,"1,0,0,0",-0.67822265625,-0.090576171875,0.0,-0.768798828125,0,,,,,,
247,neuron,4,,,"1,0,0,0",0.39892578125,0.15283203125,0.0,0.5517578125,0,,,,,,
247,neuron,5,,,"1,0,0,0",0.6826171875,0.571533203125,0.0,0.254150390625,1,,,,,,
247,neuron,6,,,"1,0,0,0",-2.98095703125,-0.427001953125,0.0,-3.407958984375,0,,,,,,
247,neuron,7,,,"1,0,0,0",-2.6806640625,-0.383056640625,0.0,-3.063720703125,0,,,,,,
247,readout,,0,0,"1,0,0,0",,,,,,-1.70947265625,-0.245849609375,0.420166015625,0.420166015625,2.432861328125,0.8349609375
247,readout,,0,1,"1,0,0,0",,,,,,0.385498046875,0.25048828125,0.0966796875,0.516845703125,2.432861328125,0.8349609375
247,readout,,0,2,"1,0,0,0",,,,,,-3.9990234375,-0.015380859375,0.0615234375,0.578369140625,2.432861328125,0.8349609375
247,readout,,0,3,"1,0,0,0",,,,,,-0.768798828125,-0.057373046875,0.044189453125,0.62255859375,2.432861328125,0.8349609375
247,readout,,0,4,"1,0,0,0",,,,,,0.5517578125,0.0048828125,0.002685546875,0.625244140625,2.432861328125,0.8349609375
247,readout,,0,5,"1,0,0,0",,,,,,0.254150390625,0.10595703125,0.02685546875,0.652099609375,2.432861328125,0.8349609375
247,readout,,0,6,"1,0,0,0",,,,,,-3.407958984375,-0.00244140625,0.00830078125,0.660400390625,2.432861328125,0.8349609375
247,readout,,0,7,"1,0,0,0",,,,,,-3.063720703125,0.31591796875,-0.9677734375,-0.307373046875,2.432861328125,0.8349609375
247,readout,,0,8,"1,0,0,0",,,,,,1.3466796875,1.9990234375,2.692138671875,2.384765625,2.432861328125,0.8349609375
247,readout,,0,9,"1,0,0,0",,,,,,-0.021240234375,-1.9990234375,0.04248046875,2.42724609375,2.432861328125,0.8349609375
247,readout,,0,10,"1,0,0,0",,,,,,1.0,0.005615234375,0.005615234375,2.432861328125,2.432861328125,0.8349609375
247,readout,,1,0,"1,0,0,0",,,,,,-1.70947265625,0.021240234375,-0.036376953125,-0.036376953125,2.432861328125,0.8349609375
247,readout,,1,1,"1,0,0,0",,,,,,0.385498046875,-0.540771484375,-0.20849609375,-0.244873046875,2.432861328125,0.8349609375
247,readout,,1,2,"1,0,0,0",,,,,,-3.9990234375,0.103271484375,-0.4130859375,-0.657958984375,2.432861328125,0.8349609375
247,readout,,1,3,"1,0,0,0",,,,,,-0.768798828125,0.0478515625,-0.036865234375,-0.69482421875,2.432861328125,0.8349609375
247,readout,,1,4,"1,0,0,0",,,,,,0.5517578125,-0.000244140625,-0.000244140625,-0.695068359375,2.432861328125,0.8349609375
247,readout,,1,5,"1,0,0,0",,,,,,0.254150390625,0.17724609375,0.045166015625,-0.64990234375,2.432861328125,0.8349609375
247,readout,,1,6,"1,0,0,0",,,,,,-3.407958984375,-0.113525390625,0.386962890625,-0.262939453125,2.432861328125,0.8349609375
247,readout,,1,7,"1,0,0,0",,,,,,-3.063720703125,-0.090576171875,0.277587890625,0.0146484375,2.432861328125,0.8349609375
247,readout,,1,8,"1,0,0,0",,,,,,1.3466796875,0.736328125,0.99169921875,1.00634765625,2.432861328125,0.8349609375
247,readout,,1,9,"1,0,0,0",,,,,,-0.021240234375,0.166015625,-0.00341796875,1.0029296875,2.432861328125,0.8349609375
247,readout,,1,10,"1,0,0,0",,,,,,1.0,-0.16796875,-0.16796875,0.8349609375,2.432861328125,0.8349609375
248,neuron,0,,,"1,0,0,0",-1.495849609375,-0.21142578125,0.0,-1.707275390625,0,,,,,,
248,neuron,1,,,"1,0,0,0",0.33740234375,0.04296875,0.0,0.38037109375,0,,,,,,
248,neuron,2,,,"1,0,0,0",-3.4990234375,-0.554931640625,-0.0078125,-3.9990234375,0,,,,,,
248,neuron,3,,,"1,0,0,0",-0.672607421875,-0.090576171875,0.0,-0.76318359375,0,,,,,,
248,neuron,4,,,"1,0,0,0",0.48291015625,0.15283203125,0.14111328125,0.77685546875,0,,,,,,
248,neuron,5,,,"1,0,0,0",0.222412109375,0.571533203125,0.0,0.7939453125,0,,,,,,
248,neuron,6,,,"1,0,0,0",-2.98193359375,-0.427001953125,0.0,-3.408935546875,0,,,,,,
248,neuron,7,,,"1,0,0,0",-2.6806640625,-0.383056640625,0.0,-3.063720703125,0,,,,,,
248,readout,,0,0,"1,0,0,0",,,,,,-1.707275390625,-0.245849609375,0.419677734375,0.419677734375,2.473388671875,0.958740234375
248,readout,,0,1,"1,0,0,0",,,,,,0.38037109375,0.25048828125,0.09521484375,0.514892578125,2.473388671875,0.958740234375
248,readout,,0,2,"1,0,0,0",,,,,,-3.9990234375,-0.015380859375,0.0615234375,0.576416015625,2.473388671875,0.958740234375
248,readout,,0,3,"1,0,0,0",,,,,,-0.76318359375,-0.057373046875,0.043701171875,0.6201171875,2.473388671875,0.958740234375
248,readout,,0,4,"1,0,0,0",,,,,,0.77685546875,0.0048828125,0.00390625,0.6240234375,2.473388671875,0.958740234375
248,readout,,0,5,"1,0,0,0",,,,,,0.7939453125,0.10595703125,0.084228515625,0.708251953125,2.473388671875,0.958740234375
248,readout,,0,6,"1,0,0,0",,,,,,-3.408935546875,-0.00244140625,0.00830078125,0.716552734375,2.473388671875,0.958740234375
248,readout,,0,7,"1,0,0,0",,,,,,-3.063720703125,0.31591796875,-0.9677734375,-0.251220703125,2.473388671875,0.958740234375
248,readout,,0,8,"1,0,0,0",,,,,,1.37353515625,1.9990234375,2.745849609375,2.49462890625,2.473388671875,0.958740234375
248,readout,,0,9,"1,0,0,0",,,,,,0.013427734375,-1.9990234375,-0.02685546875,2.4677734375,2.473388671875,0.958740234375
248,readout,,0,10,"1,0,0,0",,,,,,1.0,0.005615234375,0.005615234375,2.473388671875,2.473388671875,0.958740234375
248,readout,,1,0,"1,0,0,0",,,,,,-1.707275390625,0.021240234375,-0.036376953125,-0.036376953125,2.473388671875,0.958740234375
248,readout,,1,1,"1,0,0,0",,,,,,0.38037109375,-0.540771484375,-0.205810546875,-0.2421875,2.473388671875,0.958740234375
248,readout,,1,2,"1,0,0,0",,,,,,-3.9990234375,0.103271484375,-0.4130859375,-0.6552734375,2.473388671875,0.958740234375
248,readout,,1,3,"1,0,0,0",,,,,,-0.76318359375,0.0478515625,-0.03662109375,-0.69189453125,2.473388671875,0.958740234375
248,readout,,1,4,"1,0,0,0",,,,,,0.77685546875,-0.000244140625,-0.000244140625,-0.692138671875,2.473388671875,0.958740234375
248,readout,,1,5,"1,0,0,0",,,,,,0.7939453125,0.17724609375,0.140625,-0.551513671875,2.473388671875,0.958740234375
248,readout,,1,6,"1,0,0,0",,,,,,-3.408935546875,-0.113525390625,0.386962890625,-0.16455078125,2.473388671875,0.958740234375
248,readout,,1,7,"1,0,0,0",,,,,,-3.063720703125,-0.090576171875,0.277587890625,0.113037109375,2.473388671875,0.958740234375
248,readout,,1,8,"1,0,0,0",,,,,,1.37353515625,0.736328125,1.011474609375,1.12451171875,2.473388671875,0.958740234375
248,readout,,1,9,"1,0,0,0",,,,,,0.013427734375,0.166015625,0.002197265625,1.126708984375,2.473388671875,0.958740234375
248,readout,,1,10,"1,0,0,0",,,,,,1.0,-0.16796875,-0.16796875,0.958740234375,2.473388671875,0.958740234375
249,neuron,0,,,"1,0,0,0",-1.493896484375,-0.21142578125,0.0,-1.705322265625,0,,,,,,
249,neuron,1,,,"1,0,0,0",0.332763671875,0.04296875,0.0,0.375732421875,0,,,,,,
249,neuron,2,,,"1,0,0,0",-3.4990234375,-0.554931640625,0.0,-3.9990234375,0,,,,,,
249,neuron,3,,,"1,0,0,0",-0.667724609375,-0.090576171875,0.0,-0.75830078125,0,,,,,,
249,neuron,4,,,"1,0,0,0",0.6796875,0.15283203125,0.0,0.83251953125,0,,,,,,
249,neuron,5,,,"1,0,0,0",0.69482421875,0.571533203125,0.0,0.266357421875,1,,,,,,
249,neuron,6,,,"1,0,0,0",-2.98291015625,-0.427001953125,0.0,-3.409912109375,0,,,,,,
249,neuron,7,,,"1,0,0,0",-2.6806640625,-0.383056640625,0.0,-3.063720703125,0,,,,,,
249,readout,,0,0,"1,0,0,0",,,,,,-1.705322265625,-0.245849609375,0.419189453125,0.419189453125,2.38134765625,0.815673828125
249,readout,,0,1,"1,0,0,0",,,,,,0.375732421875,0.25048828125,0.09423828125,0.513427734375,2.38134765625,0.815673828125
249,readout,,0,2,"1,0,0,0",,,,,,-3.9990234375,-0.015380859375,0.0615234375,0.574951171875,2.38134765625,0.815673828125
249,readout,,0,3,"1,0,0,0",,,,,,-0.75830078125,-0.057373046875,0.04345703125,0.618408203125,2.38134765625,0.815673828125
249,readout,,0,4,"1,0,0,0",,,,,,0.83251953125,0.0048828125,0.004150390625,0.62255859375,2.38134765625,0.815673828125
249,readout,,0,5,"1,0,0,0",,,,,,0.266357421875,0.10595703125,0.0283203125,0.65087890625,2.38134765625,0.815673828125
249,readout,,0,6,"1,0,0,0",,,,,,-3.409912109375,-0.00244140625,0.00830078125,0.6591796875,2.38134765625,0.815673828125
249,readout,,0,7,"1,0,0,0",,,,,,-3.063720703125,0.31591796875,-0.9677734375,-0.30859375,2.38134765625,0.815673828125
249,readout,,0,8,"1,0,0,0",,,,,,1.311767578125,1.9990234375,2.622314453125,2.313720703125,2.38134765625,0.815673828125
249,readout,,0,9,"1,0,0,0",,,,,,-0.031005859375,-1.9990234375,0.06201171875,2.375732421875,2.38134765625,0.815673828125
249,readout,,0,10,"1,0,0,0",,,,,,1.0,0.005615234375,0.005615234375,2.38134765625,2.38134765625,0.815673828125
249,readout,,1,0,"1,0,0,0",,,,,,-1.705322265625,0.021240234375,-0.0361328125,-0.0361328125,2.38134765625,0.815673828125
249,readout,,1,1,"1,0,0,0",,,,,,0.375732421875,-0.540771484375,-0.203125,-0.2392578125,2.38134765625,0.815673828125
249,readout,,1,2,"1,0,0,0",,,,,,-3.9990234375,0.103271484375,-0.4130859375,-0.65234375,2.38134765625,0.815673828125
249,readout,,1,3,"1,0,0,0",,,,,,-0.75830078125,0.0478515625,-0.036376953125,-0.688720703125,2.38134765625,0.815673828125
249,readout,,1,4,"1,0,0,0",,,,,,0.83251953125,-0.000244140625,-0.000244140625,-0.68896484375,2.38134765625,0.815673828125
249,readout,,1,5,"1,0,0,0",,,,,,0.266357421875,0.17724609375,0.047119140625,-0.641845703125,2.38134765625,0.815673828125
249,readout,,1,6,"1,0,0,0",,,,,,-3.409912109375,-0.113525390625,0.38720703125,-0.254638671875,2.38134765625,0.815673828125
249,readout,,1,7,"1,0,0,0",,,,,,-3.063720703125,-0.090576171875,0.277587890625,0.02294921875,2.38134765625,0.815673828125
249,readout,,1,8,"1,0,0,0",,,,,,1.311767578125,0.736328125,0.9658203125,0.98876953125,2.38134765625,0.815673828125
249,readout,,1,9,"1,0,0,0",,,,,,-0.031005859375,0.166015625,-0.005126953125,0.983642578125,2.38134765625,0.815673828125
249,readout,,1,10,"1,0,0,0",,,,,,1.0,-0.16796875,-0.16796875,0.815673828125,2.38134765625,0.815673828125
250,neuron,0,,,"1,0,0,0",-1.4921875,-0.21142578125,0.0,-1.70361328125,0,,,,,,
250,neuron,1,,,"1,0,0,0",0.328857421875,0.04296875,0.0,0.371826171875,0,,,,,,
250,neuron,2,,,"1,0,0,0",-3.4990234375,-0.554931640625,-0.0078125,-3.9990234375,0,,,,,,
250,neuron,3,,,"1,0,0,0",-0.66357421875,-0.090576171875,0.0,-0.754150390625,0,,,,,,
250,neuron,4,,,"1,0,0,0",0.728515625,0.15283203125,0.14111328125,0.0224609375,1,,,,,,
250,neuron,5,,,"1,0,0,0",0.233154296875,0.571533203125,0.0,0.8046875,0,,,,,,
250,neuron,6,,,"1,0,0,0",-2.983642578125,-0.427001953125,0.0,-3.41064453125,0,,,,,,
250,neuron,7,,,"1,0,0,0",-2.6806640625,-0.383056640625,0.0,-3.063720703125,0,,,,,,
250,readout,,0,0,"1,0,0,0",,,,,,-1.70361328125,-0.245849609375,0.4189453125,0.4189453125,2.379150390625,0.926025390625
250,readout,,0,1,"1,0,0,0",,,,,,0.371826171875,0.25048828125,0.093017578125,0.511962890625,2.379150390625,0.926025390625
250,readout,,0,2,"1,0,0,0",,,,,,-3.9990234375,-0.015380859375,0.0615234375,0.573486328125,2.379150390625,0.926025390625
250,readout,,0,3,"1,0,0,0",,,,,,-0.754150390625,-0.057373046875,0.043212890625,0.61669921875,2.379150390625,0.926025390625
250,readout,,0,4,"1,0,0,0",,,,,,0.0224609375,0.0048828125,0.0,0.61669921875,2.379150390625,0.926025390625
250,readout,,0,5,"1,0,0,0",,,,,,0.8046875,0.10595703125,0.085205078125,0.701904296875,2.379150390625,0.926025390625
250,readout,,0,6,"1,0,0,0",,,,,,-3.41064453125,-0.00244140625,0.00830078125,0.710205078125,2.379150390625,0.926025390625
250,readout,,0,7,"1,0,0,0",,,,,,-3.063720703125,0.31591796875,-0.9677734375,-0.257568359375,2.379150390625,0.926025390625
250,readout,,0,8,"1,0,0,0",,,,,,1.320556640625,1.9990234375,2.639892578125,2.38232421875,2.379150390625,0.926025390625
250,readout,,0,9,"1,0,0,0",,,,,,0.00439453125,-1.9990234375,-0.0087890625,2.37353515625,2.379150390625,0.926025390625
250,readout,,0,10,"1,0,0,0",,,,,,1.0,0.005615234375,0.005615234375,2.379150390625,2.379150390625,0.926025390625
250,readout,,1,0,"1,0,0,0",,,,,,-1.70361328125,0.021240234375,-0.0361328125,-0.0361328125,2.379150390625,0.926025390625
250,readout,,1,1,"1,0,0,0",,,,,,0.371826171875,-0.540771484375,-0.201171875,-0.2373046875,2.379150390625,0.926025390625
250,readout,,1,2,"1,0,0,0",,,,,,-3.9990234375,0.103271484375,-0.4130859375,-0.650390625,2.379150390625,0.926025390625
250,readout,,1,3,"1,0,0,0",,,,,,-0.754150390625,0.0478515625,-0.0361328125,-0.6865234375,2.379150390625,0.926025390625
250,readout,,1,4,"1,0,0,0",,,,,,0.0224609375,-0.000244140625,0.0,-0.6865234375,2.379150390625,0.926025390625
250,readout,,1,5,"1,0,0,0",,,,,,0.8046875,0.17724609375,0.142578125,-0.5439453125,2.379150390625,0.926025390625
250,readout,,1,6,"1,0,0,0",,,,,,-3.41064453125,-0.113525390625,0.38720703125,-0.15673828125,2.379150390625,0.926025390625
250,readout,,1,7,"1,0,0,0",,,,,,-3.063720703125,-0.090576171875,0.277587890625,0.120849609375,2.379150390625,0.926025390625
250,readout,,1,8,"1,0,0,0",,,,,,1.320556640625,0.736328125,0.972412109375,1.09326171875,2.379150390625,0.926025390625
250,readout,,1,9,"1,0,0,0",,,,,,0.00439453125,0.166015625,0.000732421875,1.093994140625,2.379150390625,0.926025390625
250,readout,,1,10,"1,0,0,0",,,,,,1.0,-0.16796875,-0.16796875,0.926025390625,2.379150390625,0.926025390625
251,neuron,0,,,"1,0,0,0",-1.49072265625,-0.21142578125,0.0,-1.7021484375,0,,,,,,
251,neuron,1,,,"1,0,0,0",0.325439453125,0.04296875,0.052001953125,0.42041015625,0,,,,,,
251,neuron,2,,,"1,0,0,0",-3.4990234375,-0.554931640625,0.0,-3.9990234375,0,,,,,,
251,neuron,3,,,"1,0,0,0",-0.659912109375,-0.090576171875,0.0,-0.75048828125,0,,,,,,
251,neuron,4,,,"1,0,0,0",0.01953125,0.15283203125,0.0,0.17236328125,0,,,,,,
251,neuron,5,,,"1,0,0,0",0.7041015625,0.571533203125,-0.02685546875,0.248779296875,1,,,,,,
251,neuron,6,,,"1,0,0,0",-2.984375,-0.427001953125,0.0,-3.411376953125,0,,,,,,
251,neuron,7,,,"1,0,0,0",-2.6806640625,-0.383056640625,0.0,-3.063720703125,0,,,,,,
251,readout,,0,0,"1,0,0,0",,,,,,-1.7021484375,-0.245849609375,0.41845703125,0.41845703125,2.38623046875,0.837646484375
251,readout,,0,1,"1,0,0,0",,,,,,0.42041015625,0.25048828125,0.105224609375,0.523681640625,2.38623046875,0.837646484375
251,readout,,0,2,"1,0,0,0",,,,,,-3.9990234375,-0.015380859375,0.0615234375,0.585205078125,2.38623046875,0.837646484375
251,readout,,0,3,"1,0,0,0",,,,,,-0.75048828125,-0.057373046875,0.04296875,0.628173828125,2.38623046875,0.837646484375
251,readout,,0,4,"1,0,0,0",,,,,,0.17236328125,0.0048828125,0.000732421875,0.62890625,2.38623046875,0.837646484375
251,readout,,0,5,"1,0,0,0",,,,,,0.248779296875,0.10595703125,0.0263671875,0.6552734375,2.38623046875,0.837646484375
251,readout,,0,6,"1,0,0,0",,,,,,-3.411376953125,-0.00244140625,0.00830078125,0.66357421875,2.38623046875,0.837646484375
251,readout,,0,7,"1,0,0,0",,,,,,-3.063720703125,0.31591796875,-0.9677734375,-0.30419921875,2.38623046875,0.837646484375
251,readout,,0,8,"1,0,0,0",,,,,,1.365478515625,1.9990234375,2.729736328125,2.425537109375,2.38623046875,0.837646484375
251,readout,,0,9,"1,0,0,0",,,,,,0.0224609375,-1.9990234375,-0.044921875,2.380615234375,2.38623046875,0.837646484375
251,readout,,0,10,"1,0,0,0",,,,,,1.0,0.005615234375,0.005615234375,2.38623046875,2.38623046875,0.837646484375
251,readout,,1,0,"1,0,0,0",,,,,,-1.7021484375,0.021240234375,-0.0361328125,-0.0361328125,2.38623046875,0.837646484375
251,readout,,1,1,"1,0,0,0",,,,,,0.42041015625,-0.540771484375,-0.227294921875,-0.263427734375,2.38623046875,0.837646484375
251,readout,,1,2,"1,0,0,0",,,,,,-3.9990234375,0.103271484375,-0.4130859375,-0.676513671875,2.38623046875,0.837646484375
251,readout,,1,3,"1,0,0,0",,,,,,-0.75048828125,0.0478515625,-0.035888671875,-0.71240234375,2.38623046875,0.837646484375
251,readout,,1,4,"1,0,0,0",,,,,,0.17236328125,-0.000244140625,0.0,-0.71240234375,2.38623046875,0.837646484375
251,readout,,1,5,"1,0,0,0",,,,,,0.248779296875,0.17724609375,0.044189453125,-0.668212890625,2.38623046875,0.837646484375
251,readout,,1,6,"1,0,0,0",,,,,,-3.411376953125,-0.113525390625,0.38720703125,-0.281005859375,2.38623046875,0.837646484375
251,readout,,1,7,"1,0,0,0",,,,,,-3.063720703125,-0.090576171875,0.277587890625,-0.00341796875,2.38623046875,0.837646484375
251,readout,,1,8,"1,0,0,0",,,,,,1.365478515625,0.736328125,1.00537109375,1.001953125,2.38623046875,0.837646484375
251,readout,,1,9,"1,0,0,0",,,,,,0.0224609375,0.166015625,0.003662109375,1.005615234375,2.38623046875,0.837646484375
251,readout,,1,10,"1,0,0,0",,,,,,1.0,-0.16796875,-0.16796875,0.837646484375,2.38623046875,0.837646484375
252,neuron,0,,,"1,0,0,0",-1.4892578125,-0.21142578125,0.0,-1.70068359375,0,,,,,,
252,neuron,1,,,"1,0,0,0",0.367919921875,0.04296875,0.0,0.410888671875,0,,,,,,
252,neuron,2,,,"1,0,0,0",-3.4990234375,-0.554931640625,-0.0078125,-3.9990234375,0,,,,,,
252,neuron,3,,,"1,0,0,0",-0.65673828125,-0.090576171875,0.0,-0.747314453125,0,,,,,,
252,neuron,4,,,"1,0,0,0",0.15087890625,0.15283203125,0.14111328125,0.44482421875,0,,,,,,
252,neuron,5,,,"1,0,0,0",0.2177734375,0.571533203125,0.0,0.789306640625,0,,,,,,
252,neuron,6,,,"1,0,0,0",-2.98486328125,-0.427001953125,0.0,-3.411865234375,0,,,,,,
252,neuron,7,,,"1,0,0,0",-2.6806640625,-0.383056640625,0.0,-3.063720703125,0,,,,,,
252,readout,,0,0,"1,0,0,0",,,,,,-1.70068359375,-0.245849609375,0.418212890625,0.418212890625,2.52197265625,0.9638671875
252,readout,,0,1,"1,0,0,0",,,,,,0.410888671875,0.25048828125,0.10302734375,0.521240234375,2.52197265625,0.9638671875
252,readout,,0,2,"1,0,0,0",,,,,,-3.9990234375,-0.015380859375,0.0615234375,0.582763671875,2.52197265625,0.9638671875
252,readout,,0,3,"1,0,0,0",,,,,,-0.747314453125,-0.057373046875,0.04296875,0.625732421875,2.52197265625,0.9638671875
252,readout,,0,4,"1,0,0,0",,,,,,0.44482421875,0.0048828125,0.002197265625,0.6279296875,2.52197265625,0.9638671875
252,readout,,0,5,"1,0,0,0",,,,,,0.789306640625,0.10595703125,0.083740234375,0.711669921875,2.52197265625,0.9638671875
252,readout,,0,6,"1,0,0,0",,,,,,-3.411865234375,-0.00244140625,0.00830078125,0.719970703125,2.52197265625,0.9638671875
252,readout,,0,7,"1,0,0,0",,,,,,-3.063720703125,0.31591796875,-0.9677734375,-0.247802734375,2.52197265625,0.9638671875
252,readout,,0,8,"1,0,0,0",,,,,,1.400146484375,1.9990234375,2.798828125,2.551025390625,2.52197265625,0.9638671875
252,readout,,0,9,"1,0,0,0",,,,,,0.017333984375,-1.9990234375,-0.03466796875,2.516357421875,2.52197265625,0.9638671875
252,readout,,0,10,"1,0,0,0",,,,,,1.0,0.005615234375,0.005615234375,2.52197265625,2.52197265625,0.9638671875
252,readout,,1,0,"1,0,0,0",,,,,,-1.70068359375,0.021240234375,-0.0361328125,-0.0361328125,2.52197265625,0.9638671875
252,readout,,1,1,"1,0,0,0",,,,,,0.410888671875,-0.540771484375,-0.22216796875,-0.25830078125,2.52197265625,0.9638671875
252,readout,,1,2,"1,0,0,0",,,,,,-3.9990234375,0.103271484375,-0.4130859375,-0.67138671875,2.52197265625,0.9638671875
252,readout,,1,3,"1,0,0,0",,,,,,-0.747314453125,0.0478515625,-0.03564453125,-0.70703125,2.52197265625,0.9638671875
252,readout,,1,4,"1,0,0,0",,,,,,0.44482421875,-0.000244140625,0.0,-0.70703125,2.52197265625,0.9638671875
252,readout,,1,5,"1,0,0,0",,,,,,0.789306640625,0.17724609375,0.139892578125,-0.567138671875,2.52197265625,0.9638671875
252,readout,,1,6,"1,0,0,0",,,,,,-3.411865234375,-0.113525390625,0.387451171875,-0.1796875,2.52197265625,0.9638671875
252,readout,,1,7,"1,0,0,0",,,,,,-3.063720703125,-0.090576171875,0.277587890625,0.097900390625,2.52197265625,0.9638671875
252,readout,,1,8,"1,0,0,0",,,,,,1.400146484375,0.736328125,1.031005859375,1.12890625,2.52197265625,0.9638671875
252,readout,,1,9,"1,0,0,0",,,,,,0.017333984375,0.166015625,0.0029296875,1.1318359375,2.52197265625,0.9638671875
252,readout,,1,10,"1,0,0,0",,,,,,1.0,-0.16796875,-0.16796875,0.9638671875,2.52197265625,0.9638671875
253,neuron,0,,,"1,0,0,1",-1.488037109375,-0.724609375,0.0,-2.212646484375,0,,,,,,
253,neuron,1,,,"1,0,0,1",0.359619140625,0.052001953125,0.0,0.41162109375,0,,,,,,
253,neuron,2,,,"1,0,0,1",-3.4990234375,-1.046142578125,0.0,-3.9990234375,0,,,,,,
253,neuron,3,,,"1,0,0,1",-0.65380859375,-0.422607421875,0.0,-1.076416015625,0,,,,,,
253,neuron,4,,,"1,0,0,1",0.38916015625,0.02880859375,0.0,0.41796875,0,,,,,,
253,neuron,5,,,"1,0,0,1",0.690673828125,0.319091796875,0.0,0.009765625,1,,,,,,
253,neuron,6,,,"1,0,0,1",-2.9853515625,-0.047607421875,0.0,-3.032958984375,0,,,,,,
253,neuron,7,,,"1,0,0,1",-2.6806640625,-0.5361328125,0.0,-3.216796875,0,,,,,,
253,readout,,0,0,"1,0,0,1",,,,,,-2.212646484375,-0.245849609375,0.5439453125,0.5439453125,2.44482421875,0.6640625
253,readout,,0,1,"1,0,0,1",,,,,,0.41162109375,0.25048828125,0.10302734375,0.64697265625,2.44482421875,0.6640625
253,readout,,0,2,"1,0,0,1",,,,,,-3.9990234375,-0.015380859375,0.0615234375,0.70849609375,2.44482421875,0.6640625
253,readout,,0,3,"1,0,0,1",,,,,,-1.076416015625,-0.057373046875,0.061767578125,0.770263671875,2.44482421875,0.6640625
253,readout,,0,4,"1,0,0,1",,,,,,0.41796875,0.0048828125,0.001953125,0.772216796875,2.44482421875,0.6640625
253,readout,,0,5,"1,0,0,1",,,,,,0.009765625,0.10595703125,0.0009765625,0.773193359375,2.44482421875,0.6640625
253,readout,,0,6,"1,0,0,1",,,,,,-3.032958984375,-0.00244140625,0.00732421875,0.780517578125,2.44482421875,0.6640625
253,readout,,0,7,"1,0,0,1",,,,,,-3.216796875,0.31591796875,-1.016357421875,-0.23583984375,2.44482421875,0.6640625
253,readout,,0,8,"1,0,0,1",,,,,,1.27587890625,1.9990234375,2.550537109375,2.314697265625,2.44482421875,0.6640625
253,readout,,0,9,"1,0,0,1",,,,,,-0.062255859375,-1.9990234375,0.12451171875,2.439208984375,2.44482421875,0.6640625
253,readout,,0,10,"1,0,0,1",,,,,,1.0,0.005615234375,0.005615234375,2.44482421875,2.44482421875,0.6640625
253,readout,,1,0,"1,0,0,1",,,,,,-2.212646484375,0.021240234375,-0.047119140625,-0.047119140625,2.44482421875,0.6640625
253,readout,,1,1,"1,0,0,1",,,,,,0.41162109375,-0.540771484375,-0.22265625,-0.269775390625,2.44482421875,0.6640625
253,readout,,1,2,"1,0,0,1",,,,,,-3.9990234375,0.103271484375,-0.4130859375,-0.682861328125,2.44482421875,0.6640625
253,readout,,1,3,"1,0,0,1",,,,,,-1.076416015625,0.0478515625,-0.051513671875,-0.734375,2.44482421875,0.6640625
253,readout,,1,4,"1,0,0,1",,,,,,0.41796875,-0.000244140625,0.0,-0.734375,2.44482421875,0.6640625
253,readout,,1,5,"1,0,0,1",,,,,,0.009765625,0.17724609375,0.001708984375,-0.732666015625,2.44482421875,0.6640625
253,readout,,1,6,"1,0,0,1",,,,,,-3.032958984375,-0.113525390625,0.34423828125,-0.388427734375,2.44482421875,0.6640625
253,readout,,1,7,"1,0,0,1",,,,,,-3.216796875,-0.090576171875,0.291259765625,-0.09716796875,2.44482421875,0.6640625
253,readout,,1,8,"1,0,0,1",,,,,,1.27587890625,0.736328125,0.939453125,0.84228515625,2.44482421875,0.6640625
253,readout,,1,9,"1,0,0,1",,,,,,-0.062255859375,0.166015625,-0.01025390625,0.83203125,2.44482421875,0.6640625
253,readout,,1,10,"1,0,0,1",,,,,,1.0,-0.16796875,-0.16796875,0.6640625,2.44482421875,0.6640625
254,neuron,0,,,"1,0,1,0",-1.93603515625,-0.0302734375,0.0,-1.96630859375,0,,,,,,
254,neuron,1,,,"1,0,1,0",0.360107421875,-0.487548828125,0.0,-0.12744140625,0,,,,,,
254,neuron,2,,,"1,0,1,0",-3.4990234375,-1.071044921875,-0.0078125,-3.9990234375,0,,,,,,
254,neuron,3,,,"1,0,1,0",-0.94189453125,-0.5419921875,0.0,-1.48388671875,0,,,,,,
254,neuron,4,,,"1,0,1,0",0.36572265625,0.245361328125,0.14111328125,0.752197265625,0,,,,,,
254,neuron,5,,,"1,0,1,0",0.008544921875,1.001708984375,0.0,0.01025390625,1,,,,,,
254,neuron,6,,,"1,0,1,0",-2.65380859375,-0.65673828125,0.0,-3.310546875,0,,,,,,
254,neuron,7,,,"1,0,1,0",-2.814697265625,-0.21630859375,0.0,-3.031005859375,0,,,,,,
254,readout,,0,0,"1,0,1,0",,,,,,-1.96630859375,-0.245849609375,0.4833984375,0.4833984375,2.334716796875,1.06884765625
254,readout,,0,1,"1,0,1,0",,,,,,-0.12744140625,0.25048828125,-0.031982421875,0.451416015625,2.334716796875,1.06884765625
254,readout,,0,2,"1,0,1,0",,,,,,-3.9990234375,-0.015380859375,0.0615234375,0.512939453125,2.334716796875,1.06884765625
254,readout,,0,3,"1,0,1,0",,,,,,-1.48388671875,-0.057373046875,0.085205078125,0.59814453125,2.334716796875,1.06884765625
254,readout,,0,4,"1,0,1,0",,,,,,0.752197265625,0.0048828125,0.003662109375,0.601806640625,2.334716796875,1.06884765625
254,readout,,0,5,"1,0,1,0",,,,,,0.01025390625,0.10595703125,0.0009765625,0.602783203125,2.334716796875,1.06884765625
254,readout,,0,6,"1,0,1,0",,,,,,-3.310546875,-0.00244140625,0.008056640625,0.61083984375,2.334716796875,1.06884765625
254,readout,,0,7,"1,0,1,0",,,,,,-3.031005859375,0.31591796875,-0.95751953125,-0.3466796875,2.334716796875,1.06884765625
254,readout,,0,8,"1,0,1,0",,,,,,1.401123046875,1.9990234375,2.80078125,2.4541015625,2.334716796875,1.06884765625
254,readout,,0,9,"1,0,1,0",,,,,,0.0625,-1.9990234375,-0.125,2.3291015625,2.334716796875,1.06884765625
254,readout,,0,10,"1,0,1,0",,,,,,1.0,0.005615234375,0.005615234375,2.334716796875,2.334716796875,1.06884765625
254,readout,,1,0,"1,0,1,0",,,,,,-1.96630859375,0.021240234375,-0.041748046875,-0.041748046875,2.334716796875,1.06884765625
254,readout,,1,1,"1,0,1,0",,,,,,-0.12744140625,-0.540771484375,0.06884765625,0.027099609375,2.334716796875,1.06884765625
254,readout,,1,2,"1,0,1,0",,,,,,-3.9990234375,0.103271484375,-0.4130859375,-0.385986328125,2.334716796875,1.06884765625
254,readout,,1,3,"1,0,1,0",,,,,,-1.48388671875,0.0478515625,-0.071044921875,-0.45703125,2.334716796875,1.06884765625
254,readout,,1,4,"1,0,1,0",,,,,,0.752197265625,-0.000244140625,-0.000244140625,-0.457275390625,2.334716796875,1.06884765625
254,readout,,1,5,"1,0,1,0",,,,,,0.01025390625,0.17724609375,0.001708984375,-0.45556640625,2.334716796875,1.06884765625
254,readout,,1,6,"1,0,1,0",,,,,,-3.310546875,-0.113525390625,0.375732421875,-0.079833984375,2.334716796875,1.06884765625
254,readout,,1,7,"1,0,1,0",,,,,,-3.031005859375,-0.090576171875,0.274658203125,0.19482421875,2.334716796875,1.06884765625
254,readout,,1,8,"1,0,1,0",,,,,,1.401123046875,0.736328125,1.03173828125,1.2265625,2.334716796875,1.06884765625
254,readout,,1,9,"1,0,1,0",,,,,,0.0625,0.166015625,0.01025390625,1.23681640625,2.334716796875,1.06884765625
254,readout,,1,10,"1,0,1,0",,,,,,1.0,-0.16796875,-0.16796875,1.06884765625,2.334716796875,1.06884765625
255,neuron,0,,,"1,0,0,0",-1.720458984375,-0.21142578125,0.0,-1.931884765625,0,,,,,,
255,neuron,1,,,"1,0,0,0",-0.111572265625,0.04296875,0.0,-0.068603515625,0,,,,,,
255,neuron,2,,,"1,0,0,0",-3.4990234375,-0.554931640625,-0.0078125,-3.9990234375,0,,,,,,
255,neuron,3,,,"1,0,0,0",-1.29833984375,-0.090576171875,0.0,-1.388916015625,0,,,,,,
255,neuron,4,,,"1,0,0,0",0.658203125,0.15283203125,0.14111328125,0.9521484375,0,,,,,,
255,neuron,5,,,"1,0,0,0",0.009033203125,0.571533203125,0.0,0.58056640625,0,,,,,,
255,neuron,6,,,"1,0,0,0",-2.896728515625,-0.427001953125,0.0,-3.32373046875,0,,,,,,
255,neuron,7,,,"1,0,0,0",-2.652099609375,-0.383056640625,0.0,-3.03515625,0,,,,,,
255,readout,,0,0,"1,0,0,0",,,,,,-1.931884765625,-0.245849609375,0.474853515625,0.474853515625,2.4921875,1.11181640625
255,readout,,0,1,"1,0,0,0",,,,,,-0.068603515625,0.25048828125,-0.01708984375,0.457763671875,2.4921875,1.11181640625
255,readout,,0,2,"1,0,0,0",,,,,,-3.9990234375,-0.015380859375,0.0615234375,0.519287109375,2.4921875,1.11181640625
255,readout,,0,3,"1,0,0,0",,,,,,-1.388916015625,-0.057373046875,0.07958984375,0.598876953125,2.4921875,1.11181640625
255,readout,,0,4,"1,0,0,0",,,,,,0.9521484375,0.0048828125,0.004638671875,0.603515625,2.4921875,1.11181640625
255,readout,,0,5,"1,0,0,0",,,,,,0.58056640625,0.10595703125,0.0615234375,0.6650390625,2.4921875,1.11181640625
255,readout,,0,6,"1,0,0,0",,,,,,-3.32373046875,-0.00244140625,0.008056640625,0.673095703125,2.4921875,1.11181640625
255,readout,,0,7,"1,0,0,0",,,,,,-3.03515625,0.31591796875,-0.958740234375,-0.28564453125,2.4921875,1.11181640625
255,readout,,0,8,"1,0,0,0",,,,,,1.37255859375,1.9990234375,2.743896484375,2.458251953125,2.4921875,1.11181640625
255,readout,,0,9,"1,0,0,0",,,,,,-0.01416015625,-1.9990234375,0.0283203125,2.486572265625,2.4921875,1.11181640625
255,readout,,0,10,"1,0,0,0",,,,,,1.0,0.005615234375,0.005615234375,2.4921875,2.4921875,1.11181640625
255,readout,,1,0,"1,0,0,0",,,,,,-1.931884765625,0.021240234375,-0.041015625,-0.041015625,2.4921875,1.11181640625
255,readout,,1,1,"1,0,0,0",,,,,,-0.068603515625,-0.540771484375,0.037109375,-0.00390625,2.4921875,1.11181640625
255,readout,,1,2,"1,0,0,0",,,,,,-3.9990234375,0.103271484375,-0.4130859375,-0.4169921875,2.4921875,1.11181640625
255,readout,,1,3,"1,0,0,0",,,,,,-1.388916015625,0.0478515625,-0.06640625,-0.4833984375,2.4921875,1.11181640625
255,readout,,1,4,"1,0,0,0",,,,,,0.9521484375,-0.000244140625,-0.000244140625,-0.483642578125,2.4921875,1.11181640625
255,readout,,1,5,"1,0,0,0",,,,,,0.58056640625,0.17724609375,0.102783203125,-0.380859375,2.4921875,1.11181640625
255,readout,,1,6,"1,0,0,0",,,,,,-3.32373046875,-0.113525390625,0.37744140625,-0.00341796875,2.4921875,1.11181640625
255,readout,,1,7,"1,0,0,0",,,,,,-3.03515625,-0.090576171875,0.27490234375,0.271484375,2.4921875,1.11181640625
255,readout,,1,8,"1,0,0,0",,,,,,1.37255859375,0.736328125,1.0107421875,1.2822265625,2.4921875,1.11181640625
255,readout,,1,9,"1,0,0,0",,,,,,-0.01416015625,0.166015625,-0.00244140625,1.27978515625,2.4921875,1.11181640625
255,readout,,1,10,"1,0,0,0",,,,,,1.0,-0.16796875,-0.16796875,1.11181640625,2.4921875,1.11181640625
256,neuron,0,,,"1,0,0,0",-1.6904296875,-0.21142578125,0.0,-1.90185546875,0,,,,,,
256,neuron,1,,,"1,0,0,0",-0.06005859375,0.04296875,0.0,-0.01708984375,0,,,,,,
256,neuron,2,,,"1,0,0,0",-3.4990234375,-0.554931640625,0.0,-3.9990234375,0,,,,,,
256,neuron,3,,,"1,0,0,0",-1.21533203125,-0.090576171875,0.0,-1.305908203125,0,,,,,,
256,neuron,4,,,"1,0,0,0",0.8330078125,0.15283203125,0.0,0.98583984375,0,,,,,,
256,neuron,5,,,"1,0,0,0",0.508056640625,0.571533203125,0.0,0.07958984375,1,,,,,,
256,neuron,6,,,"1,0,0,0",-2.908203125,-0.427001953125,0.0,-3.335205078125,0,,,,,,
256,neuron,7,,,"1,0,0,0",-2.65576171875,-0.383056640625,0.0,-3.038818359375,0,,,,,,
256,readout,,0,0,"1,0,0,0",,,,,,-1.90185546875,-0.245849609375,0.467529296875,0.467529296875,2.3916015625,0.988525390625
256,readout,,0,1,"1,0,0,0",,,,,,-0.01708984375,0.25048828125,-0.00439453125,0.463134765625,2.3916015625,0.988525390625
256,readout,,0,2,"1,0,0,0",,,,,,-3.9990234375,-0.015380859375,0.0615234375,0.524658203125,2.3916015625,0.988525390625
256,readout,,0,3,"1,0,0,0",,,,,,-1.305908203125,-0.057373046875,0.074951171875,0.599609375,2.3916015625,0.988525390625
256,readout,,0,4,"1,0,0,0",,,,,,0.98583984375,0.0048828125,0.0048828125,0.6044921875,2.3916015625,0.988525390625
256,readout,,0,5,"1,0,0,0",,,,,,0.07958984375,0.10595703125,0.008544921875,0.613037109375,2.3916015625,0.988525390625
256,readout,,0,6,"1,0,0,0",,,,,,-3.335205078125,-0.00244140625,0.008056640625,0.62109375,2.3916015625,0.988525390625
256,readout,,0,7,"1,0,0,0",,,,,,-3.038818359375,0.31591796875,-0.9599609375,-0.3388671875,2.3916015625,0.988525390625
256,readout,,0,8,"1,0,0,0",,,,,,1.353759765625,1.9990234375,2.706298828125,2.367431640625,2.3916015625,0.988525390625
256,readout,,0,9,"1,0,0,0",,,,,,-0.00927734375,-1.9990234375,0.0185546875,2.385986328125,2.3916015625,0.988525390625
256,readout,,0,10,"1,0,0,0",,,,,,1.0,0.005615234375,0.005615234375,2.3916015625,2.3916015625,0.988525390625
256,readout,,1,0,"1,0,0,0",,,,,,-1.90185546875,0.021240234375,-0.040283203125,-0.040283203125,2.3916015625,0.988525390625
256,readout,,1,1,"1,0,0,0",,,,,,-0.01708984375,-0.540771484375,0.00927734375,-0.031005859375,2.3916015625,0.988525390625
256,readout,,1,2,"1,0,0,0",,,,,,-3.9990234375,0.103271484375,-0.4130859375,-0.444091796875,2.3916015625,0.988525390625
256,readout,,1,3,"1,0,0,0",,,,,,-1.305908203125,0.0478515625,-0.0625,-0.506591796875,2.3916015625,0.988525390625
256,readout,,1,4,"1,0,0,0",,,,,,0.98583984375,-0.000244140625,-0.000244140625,-0.5068359375,2.3916015625,0.988525390625
256,readout,,1,5,"1,0,0,0",,,,,,0.07958984375,0.17724609375,0.01416015625,-0.49267578125,2.3916015625,0.988525390625
256,readout,,1,6,"1,0,0,0",,,,,,-3.335205078125,-0.113525390625,0.378662109375,-0.114013671875,2.3916015625,0.988525390625
256,readout,,1,7,"1,0,0,0",,,,,,-3.038818359375,-0.090576171875,0.275146484375,0.1611328125,2.3916015625,0.988525390625
256,readout,,1,8,"1,0,0,0",,,,,,1.353759765625,0.736328125,0.996826171875,1.157958984375,2.3916015625,0.988525390625
256,readout,,1,9,"1,0,0,0",,,,,,-0.00927734375,0.166015625,-0.00146484375,1.156494140625,2.3916015625,0.988525390625
256,readout,,1,10,"1,0,0,0",,,,,,1.0,-0.16796875,-0.16796875,0.988525390625,2.3916015625,0.988525390625
257,neuron,0,,,"1,0,0,0",-1.6640625,-0.21142578125,0.0,-1.87548828125,0,,,,,,
257,neuron,1,,,"1,0,0,0",-0.014892578125,0.04296875,0.0,0.028076171875,0,,,,,,
257,neuron,2,,,"1,0,0,0",-3.4990234375,-0.554931640625,-0.0078125,-3.9990234375,0,,,,,,
257,neuron,3,,,"1,0,0,0",-1.142578125,-0.090576171875,0.0,-1.233154296875,0,,,,,,
257,neuron,4,,,"1,0,0,0",0.862548828125,0.15283203125,0.14111328125,0.156494140625,1,,,,,,
257,neuron,5,,,"1,0,0,0",0.069580078125,0.571533203125,0.0,0.64111328125,0,,,,,,
257,neuron,6,,,"1,0,0,0",-2.918212890625,-0.427001953125,0.0,-3.34521484375,0,,,,,,
257,neuron,7,,,"1,0,0,0",-2.658935546875,-0.383056640625,0.0,-3.0419921875,0,,,,,,
257,readout,,0,0,"1,0,0,0",,,,,,-1.87548828125,-0.245849609375,0.461181640625,0.461181640625,2.43017578125,1.07275390625
257,readout,,0,1,"1,0,0,0",,,,,,0.028076171875,0.25048828125,0.007080078125,0.46826171875,2.43017578125,1.07275390625
257,readout,,0,2,"1,0,0,0",,,,,,-3.9990234375,-0.015380859375,0.0615234375,0.52978515625,2.43017578125,1.07275390625
257,readout,,0,3,"1,0,0,0",,,,,,-1.233154296875,-0.057373046875,0.07080078125,0.6005859375,2.43017578125,1.07275390625
257,readout,,0,4,"1,0,0,0",,,,,,0.156494140625,0.0048828125,0.000732421875,0.601318359375,2.43017578125,1.07275390625
257,readout,,0,5,"1,0,0,0",,,,,,0.64111328125,0.10595703125,0.06787109375,0.669189453125,2.43017578125,1.07275390625
257,readout,,0,6,"1,0,0,0",,,,,,-3.34521484375,-0.00244140625,0.008056640625,0.67724609375,2.43017578125,1.07275390625
257,readout,,0,7,"1,0,0,0",,,,,,-3.0419921875,0.31591796875,-0.9609375,-0.28369140625,2.43017578125,1.07275390625
257,readout,,0,8,"1,0,0,0",,,,,,1.35595703125,1.9990234375,2.710693359375,2.427001953125,2.43017578125,1.07275390625
257,readout,,0,9,"1,0,0,0",,,,,,0.001220703125,-1.9990234375,-0.00244140625,2.424560546875,2.43017578125,1.07275390625
257,readout,,0,10,"1,0,0,0",,,,,,1.0,0.005615234375,0.005615234375,2.43017578125,2.43017578125,1.07275390625
257,readout,,1,0,"1,0,0,0",,,,,,-1.87548828125,0.021240234375,-0.039794921875,-0.039794921875,2.43017578125,1.07275390625
257,readout,,1,1,"1,0,0,0",,,,,,0.028076171875,-0.540771484375,-0.01513671875,-0.054931640625,2.43017578125,1.07275390625
257,readout,,1,2,"1,0,0,0",,,,,,-3.9990234375,0.103271484375,-0.4130859375,-0.468017578125,2.43017578125,1.07275390625
257,readout,,1,3,"1,0,0,0",,,,,,-1.233154296875,0.0478515625,-0.05908203125,-0.527099609375,2.43017578125,1.07275390625
257,readout,,1,4,"1,0,0,0",,,,,,0.156494140625,-0.000244140625,0.0,-0.527099609375,2.43017578125,1.07275390625
257,readout,,1,5,"1,0,0,0",,,,,,0.64111328125,0.17724609375,0.113525390625,-0.41357421875,2.43017578125,1.07275390625
257,readout,,1,6,"1,0,0,0",,,,,,-3.34521484375,-0.113525390625,0.3798828125,-0.03369140625,2.43017578125,1.07275390625
257,readout,,1,7,"1,0,0,0",,,,,,-3.0419921875,-0.090576171875,0.275634765625,0.241943359375,2.43017578125,1.07275390625
257,readout,,1,8,"1,0,0,0",,,,,,1.35595703125,0.736328125,0.99853515625,1.240478515625,2.43017578125,1.07275390625
257,readout,,1,9,"1,0,0,0",,,,,,0.001220703125,0.166015625,0.000244140625,1.24072265625,2.43017578125,1.07275390625
257,readout,,1,10,"1,0,0,0",,,,,,1.0,-0.16796875,-0.16796875,1.07275390625,2.43017578125,1.07275390625
258,neuron,0,,,"1,0,0,0",-1.64111328125,-0.21142578125,0.0,-1.8525390625,0,,,,,,
258,neuron,1,,,"1,0,0,0",0.024658203125,0.04296875,0.052001953125,0.11962890625,0,,,,,,
258,neuron,2,,,"1,0,0,0",-3.4990234375,-0.554931640625,0.0,-3.9990234375,0,,,,,,
258,neuron,3,,,"1,0,0,0",-1.0791015625,-0.090576171875,0.0,-1.169677734375,0,,,,,,
258,neuron,4,,,"1,0,0,0",0.136962890625,0.15283203125,0.0,0.289794921875,0,,,,,,
258,neuron,5,,,"1,0,0,0",0.56103515625,0.571533203125,-0.02685546875,0.105712890625,1,,,,,,
258,neuron,6,,,"1,0,0,0",-2.927001953125,-0.427001953125,0.0,-3.35400390625,0,,,,,,
258,neuron,7,,,"1,0,0,0",-2.66162109375,-0.383056640625,0.0,-3.044677734375,0,,,,,,
258,readout,,0,0,"1,0,0,0",,,,,,-1.8525390625,-0.245849609375,0.45556640625,0.45556640625,2.414794921875,0.953369140625
258,readout,,0,1,"1,0,0,0",,,,,,0.11962890625,0.25048828125,0.030029296875,0.485595703125,2.414794921875,0.953369140625
258,readout,,0,2,"1,0,0,0",,,,,,-3.9990234375,-0.015380859375,0.0615234375,0.547119140625,2.414794921875,0.953369140625
258,readout,,0,3,"1,0,0,0",,,,,,-1.169677734375,-0.057373046875,0.067138671875,0.6142578125,2.414794921875,0.953369140625
258,readout,,0,4,"1,0,0,0",,,,,,0.289794921875,0.0048828125,0.00146484375,0.61572265625,2.414794921875,0.953369140625
258,readout,,0,5,"1,0,0,0",,,,,,0.105712890625,0.10595703125,0.01123046875,0.626953125,2.414794921875,0.953369140625
258,readout,,0,6,"1,0,0,0",,,,,,-3.35400390625,-0.00244140625,0.00830078125,0.63525390625,2.414794921875,0.953369140625
258,readout,,0,7,"1,0,0,0",,,,,,-3.044677734375,0.31591796875,-0.9619140625,-0.32666015625,2.414794921875,0.953369140625
258,readout,,0,8,"1,0,0,0",,,,,,1.381103515625,1.9990234375,2.7607421875,2.43408203125,2.414794921875,0.953369140625
258,readout,,0,9,"1,0,0,0",,,,,,0.012451171875,-1.9990234375,-0.02490234375,2.4091796875,2.414794921875,0.953369140625
258,readout,,0,10,"1,0,0,0",,,,,,1.0,0.005615234375,0.005615234375,2.414794921875,2.414794921875,0.953369140625
258,readout,,1,0,"1,0,0,0",,,,,,-1.8525390625,0.021240234375,-0.039306640625,-0.039306640625,2.414794921875,0.953369140625
258,readout,,1,1,"1,0,0,0",,,,,,0.11962890625,-0.540771484375,-0.064697265625,-0.10400390625,2.414794921875,0.953369140625
258,readout,,1,2,"1,0,0,0",,,,,,-3.9990234375,0.103271484375,-0.4130859375,-0.51708984375,2.414794921875,0.953369140625
258,readout,,1,3,"1,0,0,0",,,,,,-1.169677734375,0.0478515625,-0.055908203125,-0.572998046875,2.414794921875,0.953369140625
258,readout,,1,4,"1,0,0,0",,,,,,0.289794921875,-0.000244140625,0.0,-0.572998046875,2.414794921875,0.953369140625
258,readout,,1,5,"1,0,0,0",,,,,,0.105712890625,0.17724609375,0.018798828125,-0.55419921875,2.414794921875,0.953369140625
258,readout,,1,6,"1,0,0,0",,,,,,-3.35400390625,-0.113525390625,0.380859375,-0.17333984375,2.414794921875,0.953369140625
258,readout,,1,7,"1,0,0,0",,,,,,-3.044677734375,-0.090576171875,0.27587890625,0.1025390625,2.414794921875,0.953369140625
258,readout,,1,8,"1,0,0,0",,,,,,1.381103515625,0.736328125,1.016845703125,1.119384765625,2.414794921875,0.953369140625
258,readout,,1,9,"1,0,0,0",,,,,,0.012451171875,0.166015625,0.001953125,1.121337890625,2.414794921875,0.953369140625
258,readout,,1,10,"1,0,0,0",,,,,,1.0,-0.16796875,-0.16796875,0.953369140625,2.414794921875,0.953369140625
259,neuron,0,,,"1,0,0,0",-1.62109375,-0.21142578125,0.0,-1.83251953125,0,,,,,,
259,neuron,1,,,"1,0,0,0",0.104736328125,0.04296875,0.0,0.147705078125,0,,,,,,
259,neuron,2,,,"1,0,0,0",-3.4990234375,-0.554931640625,-0.0078125,-3.9990234375,0,,,,,,
259,neuron,3,,,"1,0,0,0",-1.0234375,-0.090576171875,0.0,-1.114013671875,0,,,,,,
259,neuron,4,,,"1,0,0,0",0.253662109375,0.15283203125,0.14111328125,0.547607421875,0,,,,,,
259,neuron,5,,,"1,0,0,0",0.092529296875,0.571533203125,0.0,0.6640625,0,,,,,,
259,neuron,6,,,"1,0,0,0",-2.934814453125,-0.427001953125,0.0,-3.36181640625,0,,,,,,
259,neuron,7,,,"1,0,0,0",-2.6640625,-0.383056640625,0.0,-3.047119140625,0,,,,,,
259,readout,,0,0,"1,0,0,0",,,,,,-1.83251953125,-0.245849609375,0.450439453125,0.450439453125,2.459716796875,1.007568359375
259,readout,,0,1,"1,0,0,0",,,,,,0.147705078125,0.25048828125,0.037109375,0.487548828125,2.459716796875,1.007568359375
259,readout,,0,2,"1,0,0,0",,,,,,-3.9990234375,-0.015380859375,0.0615234375,0.549072265625,2.459716796875,1.007568359375
259,readout,,0,3,"1,0,0,0",,,,,,-1.114013671875,-0.057373046875,0.06396484375,0.613037109375,2.459716796875,1.007568359375
259,readout,,0,4,"1,0,0,0",,,,,,0.547607421875,0.0048828125,0.002685546875,0.61572265625,2.459716796875,1.007568359375
259,readout,,0,5,"1,0,0,0",,,,,,0.6640625,0.10595703125,0.0703125,0.68603515625,2.459716796875,1.007568359375
259,readout,,0,6,"1,0,0,0",,,,,,-3.36181640625,-0.00244140625,0.00830078125,0.6943359375,2.459716796875,1.007568359375
259,readout,,0,7,"1,0,0,0",,,,,,-3.047119140625,0.31591796875,-0.962646484375,-0.268310546875,2.459716796875,1.007568359375
259,readout,,0,8,"1,0,0,0",,,,,,1.3427734375,1.9990234375,2.684326171875,2.416015625,2.459716796875,1.007568359375
259,readout,,0,9,"1,0,0,0",,,,,,-0.01904296875,-1.9990234375,0.0380859375,2.4541015625,2.459716796875,1.007568359375
259,readout,,0,10,"1,0,0,0",,,,,,1.0,0.005615234375,0.005615234375,2.459716796875,2.459716796875,1.007568359375
259,readout,,1,0,"1,0,0,0",,,,,,-1.83251953125,0.021240234375,-0.038818359375,-0.038818359375,2.459716796875,1.007568359375
259,readout,,1,1,"1,0,0,0",,,,,,0.147705078125,-0.540771484375,-0.079833984375,-0.11865234375,2.459716796875,1.007568359375
259,readout,,1,2,"1,0,0,0",,,,,,-3.9990234375,0.103271484375,-0.4130859375,-0.53173828125,2.459716796875,1.007568359375
259,readout,,1,3,"1,0,0,0",,,,,,-1.114013671875,0.0478515625,-0.05322265625,-0.5849609375,2.459716796875,1.007568359375
259,readout,,1,4,"1,0,0,0",,,,,,0.547607421875,-0.000244140625,-0.000244140625,-0.585205078125,2.459716796875,1.007568359375
259,readout,,1,5,"1,0,0,0",,,,,,0.6640625,0.17724609375,0.11767578125,-0.467529296875,2.459716796875,1.007568359375
259,readout,,1,6,"1,0,0,0",,,,,,-3.36181640625,-0.113525390625,0.381591796875,-0.0859375,2.459716796875,1.007568359375
259,readout,,1,7,"1,0,0,0",,,,,,-3.047119140625,-0.090576171875,0.27587890625,0.18994140625,2.459716796875,1.007568359375
259,readout,,1,8,"1,0,0,0",,,,,,1.3427734375,0.736328125,0.98876953125,1.1787109375,2.459716796875,1.007568359375
259,readout,,1,9,"1,0,0,0",,,,,,-0.01904296875,0.166015625,-0.003173828125,1.175537109375,2.459716796875,1.007568359375
259,readout,,1,10,"1,0,0,0",,,,,,1.0,-0.16796875,-0.16796875,1.007568359375,2.459716796875,1.007568359375
260,neuron,0,,,"1,0,0,0",-1.603515625,-0.21142578125,0.0,-1.81494140625,0,,,,,,
260,neuron,1,,,"1,0,0,0",0.129150390625,0.04296875,0.0,0.172119140625,0,,,,,,
260,neuron,2,,,"1,0,0,0",-3.4990234375,-0.554931640625,0.0,-3.9990234375,0,,,,,,
260,neuron,3,,,"1,0,0,0",-0.974853515625,-0.090576171875,0.0,-1.0654296875,0,,,,,,
260,neuron,4,,,"1,0,0,0",0.479248046875,0.15283203125,0.0,0.632080078125,0,,,,,,
260,neuron,5,,,"1,0,0,0",0.5810546875,0.571533203125,0.0,0.152587890625,1,,,,,,
260,neuron,6,,,"1,0,0,0",-2.941650390625,-0.427001953125,0.0,-3.36865234375,0,,,,,,
260,neuron,7,,,"1,0,0,0",-2.666259765625,-0.383056640625,0.0,-3.04931640625,0,,,,,,
260,readout,,0,0,"1,0,0,0",,,,,,-1.81494140625,-0.245849609375,0.4462890625,0.4462890625,2.400146484375,0.9384765625
260,readout,,0,1,"1,0,0,0",,,,,,0.172119140625,0.25048828125,0.043212890625,0.489501953125,2.400146484375,0.9384765625
260,readout,,0,2,"1,0,0,0",,,,,,-3.9990234375,-0.015380859375,0.0615234375,0.551025390625,2.400146484375,0.9384765625
260,readout,,0,3,"1,0,0,0",,,,,,-1.0654296875,-0.057373046875,0.06103515625,0.612060546875,2.400146484375,0.9384765625
260,readout,,0,4,"1,0,0,0",,,,,,0.632080078125,0.0048828125,0.003173828125,0.615234375,2.400146484375,0.9384765625
260,readout,,0,5,"1,0,0,0",,,,,,0.152587890625,0.10595703125,0.01611328125,0.63134765625,2.400146484375,0.9384765625
260,readout,,0,6,"1,0,0,0",,,,,,-3.36865234375,-0.00244140625,0.00830078125,0.6396484375,2.400146484375,0.9384765625
260,readout,,0,7,"1,0,0,0",,,,,,-3.04931640625,0.31591796875,-0.96337890625,-0.32373046875,2.400146484375,0.9384765625
260,readout,,0,8,"1,0,0,0",,,,,,1.376953125,1.9990234375,2.75244140625,2.4287109375,2.400146484375,0.9384765625
260,readout,,0,9,"1,0,0,0",,,,,,0.01708984375,-1.9990234375,-0.0341796875,2.39453125,2.400146484375,0.9384765625
260,readout,,0,10,"1,0,0,0",,,,,,1.0,0.005615234375,0.005615234375,2.400146484375,2.400146484375,0.9384765625
260,readout,,1,0,"1,0,0,0",,,,,,-1.81494140625,0.021240234375,-0.03857421875,-0.03857421875,2.400146484375,0.9384765625
260,readout,,1,1,"1,0,0,0",,,,,,0.172119140625,-0.540771484375,-0.093017578125,-0.131591796875,2.400146484375,0.9384765625
260,readout,,1,2,"1,0,0,0",,,,,,-3.9990234375,0.103271484375,-0.4130859375,-0.544677734375,2.400146484375,0.9384765625
260,readout,,1,3,"1,0,0,0",,,,,,-1.0654296875,0.0478515625,-0.051025390625,-0.595703125,2.400146484375,0.9384765625
260,readout,,1,4,"1,0,0,0",,,,,,0.632080078125,-0.000244140625,-0.000244140625,-0.595947265625,2.400146484375,0.9384765625
260,readout,,1,5,"1,0,0,0",,,,,,0.152587890625,0.17724609375,0.027099609375,-0.56884765625,2.400146484375,0.9384765625
260,readout,,1,6,"1,0,0,0",,,,,,-3.36865234375,-0.113525390625,0.38232421875,-0.1865234375,2.400146484375,0.9384765625
260,readout,,1,7,"1,0,0,0",,,,,,-3.04931640625,-0.090576171875,0.276123046875,0.089599609375,2.400146484375,0.9384765625
260,readout,,1,8,"1,0,0,0",,,,,,1.376953125,0.736328125,1.013916015625,1.103515625,2.400146484375,0.9384765625
260,readout,,1,9,"1,0,0,0",,,,,,0.01708984375,0.166015625,0.0029296875,1.1064453125,2.400146484375,0.9384765625
260,readout,,1,10,"1,0,0,0",,,,,,1.0,-0.16796875,-0.16796875,0.9384765625,2.400146484375,0.9384765625
261,neuron,0,,,"1,0,0,0",-1.588134765625,-0.21142578125,0.0,-1.799560546875,0,,,,,,
261,neuron,1,,,"1,0,0,0",0.150634765625,0.04296875,0.0,0.193603515625,0,,,,,,
261,neuron,2,,,"1,0,0,0",-3.4990234375,-0.554931640625,-0.0078125,-3.9990234375,0,,,,,,
261,neuron,3,,,"1,0,0,0",-0.93212890625,-0.090576171875,0.0,-1.022705078125,0,,,,,,
261,neuron,4,,,"1,0,0,0",0.552978515625,0.15283203125,0.14111328125,0.846923828125,0,,,,,,
261,neuron,5,,,"1,0,0,0",0.133544921875,0.571533203125,0.0,0.705078125,0,,,,,,
261,neuron,6,,,"1,0,0,0",-2.947509765625,-0.427001953125,0.0,-3.37451171875,0,,,,,,
261,neuron,7,,,"1,0,0,0",-2.668212890625,-0.383056640625,0.0,-3.05126953125,0,,,,,,
261,readout,,0,0,"1,0,0,0",,,,,,-1.799560546875,-0.245849609375,0.4423828125,0.4423828125,2.524658203125,1.051513671875
261,readout,,0,1,"1,0,0,0",,,,,,0.193603515625,0.25048828125,0.048583984375,0.490966796875,2.524658203125,1.051513671875
261,readout,,0,2,"1,0,0,0",,,,,,-3.9990234375,-0.015380859375,0.0615234375,0.552490234375,2.524658203125,1.051513671875
261,readout,,0,3,"1,0,0,0",,,,,,-1.022705078125,-0.057373046875,0.05859375,0.611083984375,2.524658203125,1.051513671875
261,readout,,0,4,"1,0,0,0",,,,,,0.846923828125,0.0048828125,0.004150390625,0.615234375,2.524658203125,1.051513671875
261,readout,,0,5,"1,0,0,0",,,,,,0.705078125,0.10595703125,0.07470703125,0.68994140625,2.524658203125,1.051513671875
261,readout,,0,6,"1,0,0,0",,,,,,-3.37451171875,-0.00244140625,0.00830078125,0.6982421875,2.524658203125,1.051513671875
261,readout,,0,7,"1,0,0,0",,,,,,-3.05126953125,0.31591796875,-0.9638671875,-0.265625,2.524658203125,1.051513671875
261,readout,,0,8,"1,0,0,0",,,,,,1.4091796875,1.9990234375,2.81689453125,2.55126953125,2.524658203125,1.051513671875
261,readout,,0,9,"1,0,0,0",,,,,,0.01611328125,-1.9990234375,-0.0322265625,2.51904296875,2.524658203125,1.051513671875
261,readout,,0,10,"1,0,0,0",,,,,,1.0,0.005615234375,0.005615234375,2.524658203125,2.524658203125,1.051513671875
261,readout,,1,0,"1,0,0,0",,,,,,-1.799560546875,0.021240234375,-0.038330078125,-0.038330078125,2.524658203125,1.051513671875
261,readout,,1,1,"1,0,0,0",,,,,,0.193603515625,-0.540771484375,-0.104736328125,-0.14306640625,2.524658203125,1.051513671875
261,readout,,1,2,"1,0,0,0",,,,,,-3.9990234375,0.103271484375,-0.4130859375,-0.55615234375,2.524658203125,1.051513671875
261,readout,,1,3,"1,0,0,0",,,,,,-1.022705078125,0.0478515625,-0.048828125,-0.60498046875,2.524658203125,1.051513671875
261,readout,,1,4,"1,0,0,0",,,,,,0.846923828125,-0.000244140625,-0.000244140625,-0.605224609375,2.524658203125,1.051513671875
261,readout,,1,5,"1,0,0,0",,,,,,0.705078125,0.17724609375,0.125,-0.480224609375,2.524658203125,1.051513671875
261,readout,,1,6,"1,0,0,0",,,,,,-3.37451171875,-0.113525390625,0.383056640625,-0.09716796875,2.524658203125,1.051513671875
261,readout,,1,7,"1,0,0,0",,,,,,-3.05126953125,-0.090576171875,0.2763671875,0.17919921875,2.524658203125,1.051513671875
261,readout,,1,8,"1,0,0,0",,,,,,1.4091796875,0.736328125,1.03759765625,1.216796875,2.524658203125,1.051513671875
261,readout,,1,9,"1,0,0,0",,,,,,0.01611328125,0.166015625,0.002685546875,1.219482421875,2.524658203125,1.051513671875
261,readout,,1,10,"1,0,0,0",,,,,,1.0,-0.16796875,-0.16796875,1.051513671875,2.524658203125,1.051513671875
262,neuron,0,,,"1,0,0,0",-1.57470703125,-0.21142578125,0.0,-1.7861328125,0,,,,,,
262,neuron,1,,,"1,0,0,0",0.16943359375,0.04296875,0.0,0.21240234375,0,,,,,,
262,neuron,2,,,"1,0,0,0",-3.4990234375,-0.554931640625,0.0,-3.9990234375,0,,,,,,
262,neuron,3,,,"1,0,0,0",-0.894775390625,-0.090576171875,0.0,-0.9853515625,0,,,,,,
262,neuron,4,,,"1,0,0,0",0.740966796875,0.15283203125,0.0,0.893798828125,0,,,,,,
262,neuron,5,,,"1,0,0,0",0.616943359375,0.571533203125,0.0,0.1884765625,1,,,,,,
262,neuron,6,,,"1,0,0,0",-2.95263671875,-0.427001953125,0.0,-3.379638671875,0,,,,,,
262,neuron,7,,,"1,0,0,0",-2.669921875,-0.383056640625,0.0,-3.052978515625,0,,,,,,
262,readout,,0,0,"1,0,0,0",,,,,,-1.7861328125,-0.245849609375,0.439208984375,0.439208984375,2.488525390625,0.940185546875
262,readout,,0,1,"1,0,0,0",,,,,,0.21240234375,0.25048828125,0.05322265625,0.492431640625,2.488525390625,0.940185546875
262,readout,,0,2,"1,0,0,0",,,,,,-3.9990234375,-0.015380859375,0.0615234375,0.553955078125,2.488525390625,0.940185546875
262,readout,,0,3,"1,0,0,0",,,,,,-0.9853515625,-0.057373046875,0.056640625,0.610595703125,2.488525390625,0.940185546875
262,readout,,0,4,"1,0,0,0",,,,,,0.893798828125,0.0048828125,0.00439453125,0.614990234375,2.488525390625,0.940185546875
262,readout,,0,5,"1,0,0,0",,,,,,0.1884765625,0.10595703125,0.02001953125,0.635009765625,2.488525390625,0.940185546875
262,readout,,0,6,"1,0,0,0",,,,,,-3.379638671875,-0.00244140625,0.00830078125,0.643310546875,2.488525390625,0.940185546875
262,readout,,0,7,"1,0,0,0",,,,,,-3.052978515625,0.31591796875,-0.964599609375,-0.3212890625,2.488525390625,0.940185546875
262,readout,,0,8,"1,0,0,0",,,,,,1.396484375,1.9990234375,2.79150390625,2.47021484375,2.488525390625,0.940185546875
262,readout,,0,9,"1,0,0,0",,,,,,-0.00634765625,-1.9990234375,0.0126953125,2.48291015625,2.488525390625,0.940185546875
262,readout,,0,10,"1,0,0,0",,,,,,1.0,0.005615234375,0.005615234375,2.488525390625,2.488525390625,0.940185546875
262,readout,,1,0,"1,0,0,0",,,,,,-1.7861328125,0.021240234375,-0.037841796875,-0.037841796875,2.488525390625,0.940185546875
262,readout,,1,1,"1,0,0,0",,,,,,0.21240234375,-0.540771484375,-0.11474609375,-0.152587890625,2.488525390625,0.940185546875
262,readout,,1,2,"1,0,0,0",,,,,,-3.9990234375,0.103271484375,-0.4130859375,-0.565673828125,2.488525390625,0.940185546875
262,readout,,1,3,"1,0,0,0",,,,,,-0.9853515625,0.0478515625,-0.047119140625,-0.61279296875,2.488525390625,0.940185546875
262,readout,,1,4,"1,0,0,0",,,,,,0.893798828125,-0.000244140625,-0.000244140625,-0.613037109375,2.488525390625,0.940185546875
262,readout,,1,5,"1,0,0,0",,,,,,0.1884765625,0.17724609375,0.033447265625,-0.57958984375,2.488525390625,0.940185546875
262,readout,,1,6,"1,0,0,0",,,,,,-3.379638671875,-0.113525390625,0.3837890625,-0.19580078125,2.488525390625,0.940185546875
262,readout,,1,7,"1,0,0,0",,,,,,-3.052978515625,-0.090576171875,0.276611328125,0.080810546875,2.488525390625,0.940185546875
262,readout,,1,8,"1,0,0,0",,,,,,1.396484375,0.736328125,1.0283203125,1.109130859375,2.488525390625,0.940185546875
262,readout,,1,9,"1,0,0,0",,,,,,-0.00634765625,0.166015625,-0.0009765625,1.108154296875,2.488525390625,0.940185546875
262,readout,,1,10,"1,0,0,0",,,,,,1.0,-0.16796875,-0.16796875,0.940185546875,2.488525390625,0.940185546875
263,neuron,0,,,"1,0,0,0",-1.56298828125,-0.21142578125,0.0,-1.7744140625,0,,,,,,
263,neuron,1,,,"1,0,0,0",0.185791015625,0.04296875,0.0,0.228759765625,0,,,,,,
263,neuron,2,,,"1,0,0,0",-3.4990234375,-0.554931640625,-0.0078125,-3.9990234375,0,,,,,,
263,neuron,3,,,"1,0,0,0",-0.8623046875,-0.090576171875,0.0,-0.952880859375,0,,,,,,
263,neuron,4,,,"1,0,0,0",0.781982421875,0.15283203125,0.14111328125,0.075927734375,1,,,,,,
263,neuron,5,,,"1,0,0,0",0.1650390625,0.571533203125,0.0,0.736572265625,0,,,,,,
263,neuron,6,,,"1,0,0,0",-2.957275390625,-0.427001953125,0.0,-3.38427734375,0,,,,,,
263,neuron,7,,,"1,0,0,0",-2.67138671875,-0.383056640625,0.0,-3.054443359375,0,,,,,,
263,readout,,0,0,"1,0,0,0",,,,,,-1.7744140625,-0.245849609375,0.436279296875,0.436279296875,2.47509765625,0.9873046875
263,readout,,0,1,"1,0,0,0",,,,,,0.228759765625,0.25048828125,0.057373046875,0.49365234375,2.47509765625,0.9873046875
263,readout,,0,2,"1,0,0,0",,,,,,-3.9990234375,-0.015380859375,0.0615234375,0.55517578125,2.47509765625,0.9873046875
263,readout,,0,3,"1,0,0,0",,,,,,-0.952880859375,-0.057373046875,0.0546875,0.60986328125,2.47509765625,0.9873046875
263,readout,,0,4,"1,0,0,0",,,,,,0.075927734375,0.0048828125,0.00048828125,0.6103515625,2.47509765625,0.9873046875
263,readout,,0,5,"1,0,0,0",,,,,,0.736572265625,0.10595703125,0.078125,0.6884765625,2.47509765625,0.9873046875
263,readout,,0,6,"1,0,0,0",,,,,,-3.38427734375,-0.00244140625,0.00830078125,0.69677734375,2.47509765625,0.9873046875
263,readout,,0,7,"1,0,0,0",,,,,,-3.054443359375,0.31591796875,-0.96484375,-0.26806640625,2.47509765625,0.9873046875
263,readout,,0,8,"1,0,0,0",,,,,,1.34228515625,1.9990234375,2.683349609375,2.415283203125,2.47509765625,0.9873046875
263,readout,,0,9,"1,0,0,0",,,,,,-0.027099609375,-1.9990234375,0.05419921875,2.469482421875,2.47509765625,0.9873046875
263,readout,,0,10,"1,0,0,0",,,,,,1.0,0.005615234375,0.005615234375,2.47509765625,2.47509765625,0.9873046875
263,readout,,1,0,"1,0,0,0",,,,,,-1.7744140625,0.021240234375,-0.03759765625,-0.03759765625,2.47509765625,0.9873046875
263,readout,,1,1,"1,0,0,0",,,,,,0.228759765625,-0.540771484375,-0.123779296875,-0.161376953125,2.47509765625,0.9873046875
263,readout,,1,2,"1,0,0,0",,,,,,-3.9990234375,0.103271484375,-0.4130859375,-0.574462890625,2.47509765625,0.9873046875
263,readout,,1,3,"1,0,0,0",,,,,,-0.952880859375,0.0478515625,-0.045654296875,-0.6201171875,2.47509765625,0.9873046875
263,readout,,1,4,"1,0,0,0",,,,,,0.075927734375,-0.000244140625,0.0,-0.6201171875,2.47509765625,0.9873046875
263,readout,,1,5,"1,0,0,0",,,,,,0.736572265625,0.17724609375,0.130615234375,-0.489501953125,2.47509765625,0.9873046875
263,readout,,1,6,"1,0,0,0",,,,,,-3.38427734375,-0.113525390625,0.38427734375,-0.105224609375,2.47509765625,0.9873046875
263,readout,,1,7,"1,0,0,0",,,,,,-3.054443359375,-0.090576171875,0.276611328125,0.17138671875,2.47509765625,0.9873046875
263,readout,,1,8,"1,0,0,0",,,,,,1.34228515625,0.736328125,0.98828125,1.15966796875,2.47509765625,0.9873046875
263,readout,,1,9,"1,0,0,0",,,,,,-0.027099609375,0.166015625,-0.00439453125,1.1552734375,2.47509765625,0.9873046875
263,readout,,1,10,"1,0,0,0",,,,,,1.0,-0.16796875,-0.16796875,0.9873046875,2.47509765625,0.9873046875
264,neuron,0,,,"1,0,0,0",-1.552734375,-0.21142578125,0.0,-1.76416015625,0,,,,,,
264,neuron,1,,,"1,0,0,0",0.2001953125,0.04296875,0.052001953125,0.295166015625,0,,,,,,
264,neuron,2,,,"1,0,0,0",-3.4990234375,-0.554931640625,0.0,-3.9990234375,0,,,,,,
264,neuron,3,,,"1,0,0,0",-0.833740234375,-0.090576171875,0.0,-0.92431640625,0,,,,,,
264,neuron,4,,,"1,0,0,0",0.06640625,0.15283203125,0.0,0.21923828125,0,,,,,,
264,neuron,5,,,"1,0,0,0",0.64453125,0.571533203125,-0.02685546875,0.189208984375,1,,,,,,
264,neuron,6,,,"1,0,0,0",-2.961181640625,-0.427001953125,0.0,-3.38818359375,0,,,,,,
264,neuron,7,,,"1,0,0,0",-2.672607421875,-0.383056640625,0.0,-3.0556640625,0,,,,,,
264,readout,,0,0,"1,0,0,0",,,,,,-1.76416015625,-0.245849609375,0.433837890625,0.433837890625,2.42431640625,0.90185546875
264,readout,,0,1,"1,0,0,0",,,,,,0.295166015625,0.25048828125,0.073974609375,0.5078125,2.42431640625,0.90185546875
264,readout,,0,2,"1,0,0,0",,,,,,-3.9990234375,-0.015380859375,0.0615234375,0.5693359375,2.42431640625,0.90185546875
264,readout,,0,3,"1,0,0,0",,,,,,-0.92431640625,-0.057373046875,0.052978515625,0.622314453125,2.42431640625,0.90185546875
264,readout,,0,4,"1,0,0,0",,,,,,0.21923828125,0.0048828125,0.0009765625,0.623291015625,2.42431640625,0.90185546875
264,readout,,0,5,"1,0,0,0",,,,,,0.189208984375,0.10595703125,0.02001953125,0.643310546875,2.42431640625,0.90185546875
264,readout,,0,6,"1,0,0,0",,,,,,-3.38818359375,-0.00244140625,0.00830078125,0.651611328125,2.42431640625,0.90185546875
264,readout,,0,7,"1,0,0,0",,,,,,-3.0556640625,0.31591796875,-0.96533203125,-0.313720703125,2.42431640625,0.90185546875
264,readout,,0,8,"1,0,0,0",,,,,,1.391845703125,1.9990234375,2.7822265625,2.468505859375,2.42431640625,0.90185546875
264,readout,,0,9,"1,0,0,0",,,,,,0.02490234375,-1.9990234375,-0.0498046875,2.418701171875,2.42431640625,0.90185546875
264,readout,,0,10,"1,0,0,0",,,,,,1.0,0.005615234375,0.005615234375,2.42431640625,2.42431640625,0.90185546875
264,readout,,1,0,"1,0,0,0",,,,,,-1.76416015625,0.021240234375,-0.037353515625,-0.037353515625,2.42431640625,0.90185546875
264,readout,,1,1,"1,0,0,0",,,,,,0.295166015625,-0.540771484375,-0.15966796875,-0.197021484375,2.42431640625,0.90185546875
264,readout,,1,2,"1,0,0,0",,,,,,-3.9990234375,0.103271484375,-0.4130859375,-0.610107421875,2.42431640625,0.90185546875
264,readout,,1,3,"1,0,0,0",,,,,,-0.92431640625,0.0478515625,-0.044189453125,-0.654296875,2.42431640625,0.90185546875
264,readout,,1,4,"1,0,0,0",,,,,,0.21923828125,-0.000244140625,0.0,-0.654296875,2.42431640625,0.90185546875
264,readout,,1,5,"1,0,0,0",,,,,,0.189208984375,0.17724609375,0.033447265625,-0.620849609375,2.42431640625,0.90185546875
264,readout,,1,6,"1,0,0,0",,,,,,-3.38818359375,-0.113525390625,0.384765625,-0.236083984375,2.42431640625,0.90185546875
264,readout,,1,7,"1,0,0,0",,,,,,-3.0556640625,-0.090576171875,0.27685546875,0.040771484375,2.42431640625,0.90185546875
264,readout,,1,8,"1,0,0,0",,,,,,1.391845703125,0.736328125,1.02490234375,1.065673828125,2.42431640625,0.90185546875
264,readout,,1,9,"1,0,0,0",,,,,,0.02490234375,0.166015625,0.004150390625,1.06982421875,2.42431640625,0.90185546875
264,readout,,1,10,"1,0,0,0",,,,,,1.0,-0.16796875,-0.16796875,0.90185546875,2.42431640625,0.90185546875
265,neuron,0,,,"1,0,0,0",-1.543701171875,-0.21142578125,0.0,-1.755126953125,0,,,,,,
265,neuron,1,,,"1,0,0,0",0.25830078125,0.04296875,0.0,0.30126953125,0,,,,,,
265,neuron,2,,,"1,0,0,0",-3.4990234375,-0.554931640625,-0.0078125,-3.9990234375,0,,,,,,
265,neuron,3,,,"1,0,0,0",-0.808837890625,-0.090576171875,0.0,-0.8994140625,0,,,,,,
265,neuron,4,,,"1,0,0,0",0.19189453125,0.15283203125,0.14111328125,0.48583984375,0,,,,,,
265,neuron,5,,,"1,0,0,0",0.16552734375,0.571533203125,0.0,0.737060546875,0,,,,,,
265,neuron,6,,,"1,0,0,0",-2.964599609375,-0.427001953125,0.0,-3.3916015625,0,,,,,,
265,neuron,7,,,"1,0,0,0",-2.673828125,-0.383056640625,0.0,-3.056884765625,0,,,,,,
265,readout,,0,0,"1,0,0,0",,,,,,-1.755126953125,-0.245849609375,0.431396484375,0.431396484375,2.457763671875,0.93310546875
265,readout,,0,1,"1,0,0,0",,,,,,0.30126953125,0.25048828125,0.075439453125,0.5068359375,2.457763671875,0.93310546875
265,readout,,0,2,"1,0,0,0",,,,,,-3.9990234375,-0.015380859375,0.0615234375,0.568359375,2.457763671875,0.93310546875
265,readout,,0,3,"1,0,0,0",,,,,,-0.8994140625,-0.057373046875,0.051513671875,0.619873046875,2.457763671875,0.93310546875
265,readout,,0,4,"1,0,0,0",,,,,,0.48583984375,0.0048828125,0.00244140625,0.622314453125,2.457763671875,0.93310546875
265,readout,,0,5,"1,0,0,0",,,,,,0.737060546875,0.10595703125,0.078125,0.700439453125,2.457763671875,0.93310546875
265,readout,,0,6,"1,0,0,0",,,,,,-3.3916015625,-0.00244140625,0.00830078125,0.708740234375,2.457763671875,0.93310546875
265,readout,,0,7,"1,0,0,0",,,,,,-3.056884765625,0.31591796875,-0.9658203125,-0.257080078125,2.457763671875,0.93310546875
265,readout,,0,8,"1,0,0,0",,,,,,1.318603515625,1.9990234375,2.635986328125,2.37890625,2.457763671875,0.93310546875
265,readout,,0,9,"1,0,0,0",,,,,,-0.03662109375,-1.9990234375,0.0732421875,2.4521484375,2.457763671875,0.93310546875
265,readout,,0,10,"1,0,0,0",,,,,,1.0,0.005615234375,0.005615234375,2.457763671875,2.457763671875,0.93310546875
265,readout,,1,0,"1,0,0,0",,,,,,-1.755126953125,0.021240234375,-0.037353515625,-0.037353515625,2.457763671875,0.93310546875
265,readout,,1,1,"1,0,0,0",,,,,,0.30126953125,-0.540771484375,-0.162841796875,-0.2001953125,2.457763671875,0.93310546875
265,readout,,1,2,"1,0,0,0",,,,,,-3.9990234375,0.103271484375,-0.4130859375,-0.61328125,2.457763671875,0.93310546875
265,readout,,1,3,"1,0,0,0",,,,,,-0.8994140625,0.0478515625,-0.04296875,-0.65625,2.457763671875,0.93310546875
265,readout,,1,4,"1,0,0,0",,,,,,0.48583984375,-0.000244140625,0.0,-0.65625,2.457763671875,0.93310546875
265,readout,,1,5,"1,0,0,0",,,,,,0.737060546875,0.17724609375,0.130615234375,-0.525634765625,2.457763671875,0.93310546875
265,readout,,1,6,"1,0,0,0",,,,,,-3.3916015625,-0.113525390625,0.385009765625,-0.140625,2.457763671875,0.93310546875
265,readout,,1,7,"1,0,0,0",,,,,,-3.056884765625,-0.090576171875,0.27685546875,0.13623046875,2.457763671875,0.93310546875
265,readout,,1,8,"1,0,0,0",,,,,,1.318603515625,0.736328125,0.970947265625,1.107177734375,2.457763671875,0.93310546875
265,readout,,1,9,"1,0,0,0",,,,,,-0.03662109375,0.166015625,-0.006103515625,1.10107421875,2.457763671875,0.93310546875
265,readout,,1,10,"1,0,0,0",,,,,,1.0,-0.16796875,-0.16796875,0.93310546875,2.457763671875,0.93310546875
266,neuron,0,,,"1,0,0,0",-1.53564453125,-0.21142578125,0.0,-1.7470703125,0,,,,,,
266,neuron,1,,,"1,0,0,0",0.263671875,0.04296875,0.0,0.306640625,0,,,,,,
266,neuron,2,,,"1,0,0,0",-3.4990234375,-0.554931640625,0.0,-3.9990234375,0,,,,,,
266,neuron,3,,,"1,0,0,0",-0.787109375,-0.090576171875,0.0,-0.877685546875,0,,,,,,
266,neuron,4,,,"1,0,0,0",0.425048828125,0.15283203125,0.0,0.577880859375,0,,,,,,
266,neuron,5,,,"1,0,0,0",0.64501953125,0.571533203125,0.0,0.216552734375,1,,,,,,
266,neuron,6,,,"1,0,0,0",-2.9677734375,-0.427001953125,0.0,-3.394775390625,0,,,,,,
266,neuron,7,,,"1,0,0,0",-2.6748046875,-0.383056640625,0.0,-3.057861328125,0,,,,,,
266,readout,,0,0,"1,0,0,0",,,,,,-1.7470703125,-0.245849609375,0.429443359375,0.429443359375,2.373291015625,0.882568359375
266,readout,,0,1,"1,0,0,0",,,,,,0.306640625,0.25048828125,0.076904296875,0.50634765625,2.373291015625,0.882568359375
266,readout,,0,2,"1,0,0,0",,,,,,-3.9990234375,-0.015380859375,0.0615234375,0.56787109375,2.373291015625,0.882568359375
266,readout,,0,3,"1,0,0,0",,,,,,-0.877685546875,-0.057373046875,0.05029296875,0.6181640625,2.373291015625,0.882568359375
266,readout,,0,4,"1,0,0,0",,,,,,0.577880859375,0.0048828125,0.0029296875,0.62109375,2.373291015625,0.882568359375
266,readout,,0,5,"1,0,0,0",,,,,,0.216552734375,0.10595703125,0.02294921875,0.64404296875,2.373291015625,0.882568359375
266,readout,,0,6,"1,0,0,0",,,,,,-3.394775390625,-0.00244140625,0.00830078125,0.65234375,2.373291015625,0.882568359375
266,readout,,0,7,"1,0,0,0",,,,,,-3.057861328125,0.31591796875,-0.966064453125,-0.313720703125,2.373291015625,0.882568359375
266,readout,,0,8,"1,0,0,0",,,,,,1.364013671875,1.9990234375,2.726806640625,2.4130859375,2.373291015625,0.882568359375
266,readout,,0,9,"1,0,0,0",,,,,,0.022705078125,-1.9990234375,-0.04541015625,2.36767578125,2.373291015625,0.882568359375
266,readout,,0,10,"1,0,0,0",,,,,,1.0,0.005615234375,0.005615234375,2.373291015625,2.373291015625,0.882568359375
266,readout,,1,0,"1,0,0,0",,,,,,-1.7470703125,0.021240234375,-0.037109375,-0.037109375,2.373291015625,0.882568359375
266,readout,,1,1,"1,0,0,0",,,,,,0.306640625,-0.540771484375,-0.165771484375,-0.202880859375,2.373291015625,0.882568359375
266,readout,,1,2,"1,0,0,0",,,,,,-3.9990234375,0.103271484375,-0.4130859375,-0.615966796875,2.373291015625,0.882568359375
266,readout,,1,3,"1,0,0,0",,,,,,-0.877685546875,0.0478515625,-0.0419921875,-0.657958984375,2.373291015625,0.882568359375
266,readout,,1,4,"1,0,0,0",,,,,,0.577880859375,-0.000244140625,-0.000244140625,-0.658203125,2.373291015625,0.882568359375
266,readout,,1,5,"1,0,0,0",,,,,,0.216552734375,0.17724609375,0.038330078125,-0.619873046875,2.373291015625,0.882568359375
266,readout,,1,6,"1,0,0,0",,,,,,-3.394775390625,-0.113525390625,0.385498046875,-0.234375,2.373291015625,0.882568359375
266,readout,,1,7,"1,0,0,0",,,,,,-3.057861328125,-0.090576171875,0.27685546875,0.04248046875,2.373291015625,0.882568359375
266,readout,,1,8,"1,0,0,0",,,,,,1.364013671875,0.736328125,1.00439453125,1.046875,2.373291015625,0.882568359375
266,readout,,1,9,"1,0,0,0",,,,,,0.022705078125,0.166015625,0.003662109375,1.050537109375,2.373291015625,0.882568359375
266,readout,,1,10,"1,0,0,0",,,,,,1.0,-0.16796875,-0.16796875,0.882568359375,2.373291015625,0.882568359375
267,neuron,0,,,"1,0,0,0",-1.52880859375,-0.21142578125,0.0,-1.740234375,0,,,,,,
267,neuron,1,,,"1,0,0,0",0.268310546875,0.04296875,0.0,0.311279296875,0,,,,,,
267,neuron,2,,,"1,0,0,0",-3.4990234375,-0.554931640625,-0.0078125,-3.9990234375,0,,,,,,
267,neuron,3,,,"1,0,0,0",-0.76806640625,-0.090576171875,0.0,-0.858642578125,0,,,,,,
267,neuron,4,,,"1,0,0,0",0.505615234375,0.15283203125,0.14111328125,0.799560546875,0,,,,,,
267,neuron,5,,,"1,0,0,0",0.189453125,0.571533203125,0.0,0.760986328125,0,,,,,,
267,neuron,6,,,"1,0,0,0",-2.970458984375,-0.427001953125,0.0,-3.3974609375,0,,,,,,
267,neuron,7,,,"1,0,0,0",-2.675537109375,-0.383056640625,0.0,-3.05859375,0,,,,,,
267,readout,,0,0,"1,0,0,0",,,,,,-1.740234375,-0.245849609375,0.427734375,0.427734375,2.49951171875,0.994384765625
267,readout,,0,1,"1,0,0,0",,,,,,0.311279296875,0.25048828125,0.077880859375,0.505615234375,2.49951171875,0.994384765625
267,readout,,0,2,"1,0,0,0",,,,,,-3.9990234375,-0.015380859375,0.0615234375,0.567138671875,2.49951171875,0.994384765625
267,readout,,0,3,"1,0,0,0",,,,,,-0.858642578125,-0.057373046875,0.04931640625,0.616455078125,2.49951171875,0.994384765625
267,readout,,0,4,"1,0,0,0",,,,,,0.799560546875,0.0048828125,0.00390625,0.620361328125,2.49951171875,0.994384765625
267,readout,,0,5,"1,0,0,0",,,,,,0.760986328125,0.10595703125,0.08056640625,0.700927734375,2.49951171875,0.994384765625
267,readout,,0,6,"1,0,0,0",,,,,,-3.3974609375,-0.00244140625,0.00830078125,0.709228515625,2.49951171875,0.994384765625
267,readout,,0,7,"1,0,0,0",,,,,,-3.05859375,0.31591796875,-0.96630859375,-0.257080078125,2.49951171875,0.994384765625
267,readout,,0,8,"1,0,0,0",,,,,,1.388427734375,1.9990234375,2.775390625,2.518310546875,2.49951171875,0.994384765625
267,readout,,0,9,"1,0,0,0",,,,,,0.01220703125,-1.9990234375,-0.0244140625,2.493896484375,2.49951171875,0.994384765625
267,readout,,0,10,"1,0,0,0",,,,,,1.0,0.005615234375,0.005615234375,2.49951171875,2.49951171875,0.994384765625
267,readout,,1,0,"1,0,0,0",,,,,,-1.740234375,0.021240234375,-0.036865234375,-0.036865234375,2.49951171875,0.994384765625
267,readout,,1,1,"1,0,0,0",,,,,,0.311279296875,-0.540771484375,-0.168212890625,-0.205078125,2.49951171875,0.994384765625
267,readout,,1,2,"1,0,0,0",,,,,,-3.9990234375,0.103271484375,-0.4130859375,-0.6181640625,2.49951171875,0.994384765625
267,readout,,1,3,"1,0,0,0",,,,,,-0.858642578125,0.0478515625,-0.041015625,-0.6591796875,2.49951171875,0.994384765625
267,readout,,1,4,"1,0,0,0",,,,,,0.799560546875,-0.000244140625,-0.000244140625,-0.659423828125,2.49951171875,0.994384765625
267,readout,,1,5,"1,0,0,0",,,,,,0.760986328125,0.17724609375,0.134765625,-0.524658203125,2.49951171875,0.994384765625
267,readout,,1,6,"1,0,0,0",,,,,,-3.3974609375,-0.113525390625,0.3857421875,-0.138916015625,2.49951171875,0.994384765625
267,readout,,1,7,"1,0,0,0",,,,,,-3.05859375,-0.090576171875,0.277099609375,0.13818359375,2.49951171875,0.994384765625
267,readout,,1,8,"1,0,0,0",,,,,,1.388427734375,0.736328125,1.022216796875,1.160400390625,2.49951171875,0.994384765625
267,readout,,1,9,"1,0,0,0",,,,,,0.01220703125,0.166015625,0.001953125,1.162353515625,2.49951171875,0.994384765625
267,readout,,1,10,"1,0,0,0",,,,,,1.0,-0.16796875,-0.16796875,0.994384765625,2.49951171875,0.994384765625
268,neuron,0,,,"1,0,1,0",-1.522705078125,-0.0302734375,0.0,-1.552978515625,0,,,,,,
268,neuron,1,,,"1,0,1,0",0.2724609375,-0.487548828125,0.0,-0.215087890625,0,,,,,,
268,neuron,2,,,"1,0,1,0",-3.4990234375,-1.071044921875,0.0,-3.9990234375,0,,,,,,
268,neuron,3,,,"1,0,1,0",-0.751220703125,-0.5419921875,0.0,-1.293212890625,0,,,,,,
268,neuron,4,,,"1,0,1,0",0.69970703125,0.245361328125,0.0,0.945068359375,0,,,,,,
268,neuron,5,,,"1,0,1,0",0.665771484375,1.001708984375,0.0,0.66748046875,1,,,,,,
268,neuron,6,,,"1,0,1,0",-2.97265625,-0.65673828125,0.0,-3.62939453125,0,,,,,,
268,neuron,7,,,"1,0,1,0",-2.67626953125,-0.21630859375,0.0,-2.892578125,0,,,,,,
268,readout,,0,0,"1,0,1,0",,,,,,-1.552978515625,-0.245849609375,0.3818359375,0.3818359375,2.51123046875,1.333984375
268,readout,,0,1,"1,0,1,0",,,,,,-0.215087890625,0.25048828125,-0.053955078125,0.327880859375,2.51123046875,1.333984375
268,readout,,0,2,"1,0,1,0",,,,,,-3.9990234375,-0.015380859375,0.0615234375,0.389404296875,2.51123046875,1.333984375
268,readout,,0,3,"1,0,1,0",,,,,,-1.293212890625,-0.057373046875,0.07421875,0.463623046875,2.51123046875,1.333984375
268,readout,,0,4,"1,0,1,0",,,,,,0.945068359375,0.0048828125,0.004638671875,0.46826171875,2.51123046875,1.333984375
268,readout,,0,5,"1,0,1,0",,,,,,0.66748046875,0.10595703125,0.07080078125,0.5390625,2.51123046875,1.333984375
268,readout,,0,6,"1,0,1,0",,,,,,-3.62939453125,-0.00244140625,0.0087890625,0.5478515625,2.51123046875,1.333984375
268,readout,,0,7,"1,0,1,0",,,,,,-2.892578125,0.31591796875,-0.913818359375,-0.365966796875,2.51123046875,1.333984375
268,readout,,0,8,"1,0,1,0",,,,,,1.484619140625,1.9990234375,2.9677734375,2.601806640625,2.51123046875,1.333984375
268,readout,,0,9,"1,0,1,0",,,,,,0.048095703125,-1.9990234375,-0.09619140625,2.505615234375,2.51123046875,1.333984375
268,readout,,0,10,"1,0,1,0",,,,,,1.0,0.005615234375,0.005615234375,2.51123046875,2.51123046875,1.333984375
268,readout,,1,0,"1,0,1,0",,,,,,-1.552978515625,0.021240234375,-0.032958984375,-0.032958984375,2.51123046875,1.333984375
268,readout,,1,1,"1,0,1,0",,,,,,-0.215087890625,-0.540771484375,0.1162109375,0.083251953125,2.51123046875,1.333984375
268,readout,,1,2,"1,0,1,0",,,,,,-3.9990234375,0.103271484375,-0.4130859375,-0.329833984375,2.51123046875,1.333984375
268,readout,,1,3,"1,0,1,0",,,,,,-1.293212890625,0.0478515625,-0.061767578125,-0.3916015625,2.51123046875,1.333984375
268,readout,,1,4,"1,0,1,0",,,,,,0.945068359375,-0.000244140625,-0.000244140625,-0.391845703125,2.51123046875,1.333984375
268,readout,,1,5,"1,0,1,0",,,,,,0.66748046875,0.17724609375,0.118408203125,-0.2734375,2.51123046875,1.333984375
268,readout,,1,6,"1,0,1,0",,,,,,-3.62939453125,-0.113525390625,0.412109375,0.138671875,2.51123046875,1.333984375
268,readout,,1,7,"1,0,1,0",,,,,,-2.892578125,-0.090576171875,0.261962890625,0.400634765625,2.51123046875,1.333984375
268,readout,,1,8,"1,0,1,0",,,,,,1.484619140625,0.736328125,1.09326171875,1.493896484375,2.51123046875,1.333984375
268,readout,,1,9,"1,0,1,0",,,,,,0.048095703125,0.166015625,0.008056640625,1.501953125,2.51123046875,1.333984375
268,readout,,1,10,"1,0,1,0",,,,,,1.0,-0.16796875,-0.16796875,1.333984375,2.51123046875,1.333984375
269,neuron,0,,,"1,0,0,0",-1.35888671875,-0.21142578125,0.0,-1.5703125,0,,,,,,
269,neuron,1,,,"1,0,0,0",-0.188232421875,0.04296875,0.0,-0.145263671875,0,,,,,,
269,neuron,2,,,"1,0,0,0",-3.4990234375,-0.554931640625,-0.0078125,-3.9990234375,0,,,,,,
269,neuron,3,,,"1,0,0,0",-1.131591796875,-0.090576171875,0.0,-1.22216796875,0,,,,,,
269,neuron,4,,,"1,0,0,0",0.826904296875,0.15283203125,0.14111328125,0.120849609375,1,,,,,,
269,neuron,5,,,"1,0,0,0",0.583984375,0.571533203125,0.0,0.155517578125,1,,,,,,
269,neuron,6,,,"1,0,0,0",-3.17578125,-0.427001953125,0.0,-3.602783203125,0,,,,,,
269,neuron,7,,,"1,0,0,0",-2.531005859375,-0.383056640625,0.0,-2.9140625,0,,,,,,
269,readout,,0,0,"1,0,0,0",,,,,,-1.5703125,-0.245849609375,0.385986328125,0.385986328125,2.4892578125,1.141357421875
269,readout,,0,1,"1,0,0,0",,,,,,-0.145263671875,0.25048828125,-0.036376953125,0.349609375,2.4892578125,1.141357421875
269,readout,,0,2,"1,0,0,0",,,,,,-3.9990234375,-0.015380859375,0.0615234375,0.4111328125,2.4892578125,1.141357421875
269,readout,,0,3,"1,0,0,0",,,,,,-1.22216796875,-0.057373046875,0.070068359375,0.481201171875,2.4892578125,1.141357421875
269,readout,,0,4,"1,0,0,0",,,,,,0.120849609375,0.0048828125,0.00048828125,0.481689453125,2.4892578125,1.141357421875
269,readout,,0,5,"1,0,0,0",,,,,,0.155517578125,0.10595703125,0.016357421875,0.498046875,2.4892578125,1.141357421875
269,readout,,0,6,"1,0,0,0",,,,,,-3.602783203125,-0.00244140625,0.0087890625,0.5068359375,2.4892578125,1.141357421875
269,readout,,0,7,"1,0,0,0",,,,,,-2.9140625,0.31591796875,-0.920654296875,-0.413818359375,2.4892578125,1.141357421875
269,readout,,0,8,"1,0,0,0",,,,,,1.4140625,1.9990234375,2.82666015625,2.412841796875,2.4892578125,1.141357421875
269,readout,,0,9,"1,0,0,0",,,,,,-0.035400390625,-1.9990234375,0.07080078125,2.483642578125,2.4892578125,1.141357421875
269,readout,,0,10,"1,0,0,0",,,,,,1.0,0.005615234375,0.005615234375,2.4892578125,2.4892578125,1.141357421875
269,readout,,1,0,"1,0,0,0",,,,,,-1.5703125,0.021240234375,-0.033447265625,-0.033447265625,2.4892578125,1.141357421875
269,readout,,1,1,"1,0,0,0",,,,,,-0.145263671875,-0.540771484375,0.07861328125,0.045166015625,2.4892578125,1.141357421875
269,readout,,1,2,"1,0,0,0",,,,,,-3.9990234375,0.103271484375,-0.4130859375,-0.367919921875,2.4892578125,1.141357421875
269,readout,,1,3,"1,0,0,0",,,,,,-1.22216796875,0.0478515625,-0.05859375,-0.426513671875,2.4892578125,1.141357421875
269,readout,,1,4,"1,0,0,0",,,,,,0.120849609375,-0.000244140625,0.0,-0.426513671875,2.4892578125,1.141357421875
269,readout,,1,5,"1,0,0,0",,,,,,0.155517578125,0.17724609375,0.027587890625,-0.39892578125,2.4892578125,1.141357421875
269,readout,,1,6,"1,0,0,0",,,,,,-3.602783203125,-0.113525390625,0.408935546875,0.010009765625,2.4892578125,1.141357421875
269,readout,,1,7,"1,0,0,0",,,,,,-2.9140625,-0.090576171875,0.263916015625,0.27392578125,2.4892578125,1.141357421875
269,readout,,1,8,"1,0,0,0",,,,,,1.4140625,0.736328125,1.041259765625,1.315185546875,2.4892578125,1.141357421875
269,readout,,1,9,"1,0,0,0",,,,,,-0.035400390625,0.166015625,-0.005859375,1.309326171875,2.4892578125,1.141357421875
269,readout,,1,10,"1,0,0,0",,,,,,1.0,-0.16796875,-0.16796875,1.141357421875,2.4892578125,1.141357421875
270,neuron,0,,,"1,0,0,0",-1.3740234375,-0.21142578125,0.0,-1.58544921875,0,,,,,,
270,neuron,1,,,"1,0,0,0",-0.127197265625,0.04296875,0.052001953125,-0.0322265625,0,,,,,,
270,neuron,2,,,"1,0,0,0",-3.4990234375,-0.554931640625,-0.0078125,-3.9990234375,0,,,,,,
270,neuron,3,,,"1,0,0,0",-1.0693359375,-0.090576171875,0.0,-1.159912109375,0,,,,,,
270,neuron,4,,,"1,0,0,0",0.105712890625,0.15283203125,0.14111328125,0.399658203125,0,,,,,,
270,neuron,5,,,"1,0,0,0",0.135986328125,0.571533203125,-0.02685546875,0.6806640625,0,,,,,,
270,neuron,6,,,"1,0,0,0",-3.15234375,-0.427001953125,0.0,-3.579345703125,0,,,,,,
270,neuron,7,,,"1,0,0,0",-2.5498046875,-0.383056640625,0.0,-2.932861328125,0,,,,,,
270,readout,,0,0,"1,0,0,0",,,,,,-1.58544921875,-0.245849609375,0.389892578125,0.389892578125,2.46630859375,1.154541015625
270,readout,,0,1,"1,0,0,0",,,,,,-0.0322265625,0.25048828125,-0.008056640625,0.3818359375,2.46630859375,1.154541015625
270,readout,,0,2,"1,0,0,0",,,,,,-3.9990234375,-0.015380859375,0.0615234375,0.443359375,2.46630859375,1.154541015625
270,readout,,0,3,"1,0,0,0",,,,,,-1.159912109375,-0.057373046875,0.066650390625,0.510009765625,2.46630859375,1.154541015625
270,readout,,0,4,"1,0,0,0",,,,,,0.399658203125,0.0048828125,0.001953125,0.511962890625,2.46630859375,1.154541015625
270,readout,,0,5,"1,0,0,0",,,,,,0.6806640625,0.10595703125,0.072021484375,0.583984375,2.46630859375,1.154541015625
270,readout,,0,6,"1,0,0,0",,,,,,-3.579345703125,-0.00244140625,0.0087890625,0.5927734375,2.46630859375,1.154541015625
270,readout,,0,7,"1,0,0,0",,,,,,-2.932861328125,0.31591796875,-0.926513671875,-0.333740234375,2.46630859375,1.154541015625
270,readout,,0,8,"1,0,0,0",,,,,,1.3818359375,1.9990234375,2.76220703125,2.428466796875,2.46630859375,1.154541015625
270,readout,,0,9,"1,0,0,0",,,,,,-0.01611328125,-1.9990234375,0.0322265625,2.460693359375,2.46630859375,1.154541015625
270,readout,,0,10,"1,0,0,0",,,,,,1.0,0.005615234375,0.005615234375,2.46630859375,2.46630859375,1.154541015625
270,readout,,1,0,"1,0,0,0",,,,,,-1.58544921875,0.021240234375,-0.03369140625,-0.03369140625,2.46630859375,1.154541015625
270,readout,,1,1,"1,0,0,0",,,,,,-0.0322265625,-0.540771484375,0.017333984375,-0.016357421875,2.46630859375,1.154541015625
270,readout,,1,2,"1,0,0,0",,,,,,-3.9990234375,0.103271484375,-0.4130859375,-0.429443359375,2.46630859375,1.154541015625
270,readout,,1,3,"1,0,0,0",,,,,,-1.159912109375,0.0478515625,-0.055419921875,-0.48486328125,2.46630859375,1.154541015625
270,readout,,1,4,"1,0,0,0",,,,,,0.399658203125,-0.000244140625,0.0,-0.48486328125,2.46630859375,1.154541015625
270,readout,,1,5,"1,0,0,0",,,,,,0.6806640625,0.17724609375,0.12060546875,-0.3642578125,2.46630859375,1.154541015625
270,readout,,1,6,"1,0,0,0",,,,,,-3.579345703125,-0.113525390625,0.40625,0.0419921875,2.46630859375,1.154541015625
270,readout,,1,7,"1,0,0,0",,,,,,-2.932861328125,-0.090576171875,0.265625,0.3076171875,2.46630859375,1.154541015625
270,readout,,1,8,"1,0,0,0",,,,,,1.3818359375,0.736328125,1.017578125,1.3251953125,2.46630859375,1.154541015625
270,readout,,1,9,"1,0,0,0",,,,,,-0.01611328125,0.166015625,-0.002685546875,1.322509765625,2.46630859375,1.154541015625
270,readout,,1,10,"1,0,0,0",,,,,,1.0,-0.16796875,-0.16796875,1.154541015625,2.46630859375,1.154541015625
271,neuron,0,,,"1,0,0,0",-1.38720703125,-0.21142578125,0.0,-1.5986328125,0,,,,,,
271,neuron,1,,,"1,0,0,0",-0.0283203125,0.04296875,0.0,0.0146484375,0,,,,,,
271,neuron,2,,,"1,0,0,0",-3.4990234375,-0.554931640625,0.0,-3.9990234375,0,,,,,,
271,neuron,3,,,"1,0,0,0",-1.014892578125,-0.090576171875,0.0,-1.10546875,0,,,,,,
271,neuron,4,,,"1,0,0,0",0.349609375,0.15283203125,0.0,0.50244140625,0,,,,,,
271,neuron,5,,,"1,0,0,0",0.595703125,0.571533203125,0.0,0.167236328125,1,,,,,,
271,neuron,6,,,"1,0,0,0",-3.1318359375,-0.427001953125,0.0,-3.558837890625,0,,,,,,
271,neuron,7,,,"1,0,0,0",-2.566162109375,-0.383056640625,0.0,-2.94921875,0,,,,,,
271,readout,,0,0,"1,0,0,0",,,,,,-1.5986328125,-0.245849609375,0.39306640625,0.39306640625,2.35595703125,1.016357421875
271,readout,,0,1,"1,0,0,0",,,,,,0.0146484375,0.25048828125,0.003662109375,0.396728515625,2.35595703125,1.016357421875
271,readout,,0,2,"1,0,0,0",,,,,,-3.9990234375,-0.015380859375,0.0615234375,0.458251953125,2.35595703125,1.016357421875
271,readout,,0,3,"1,0,0,0",,,,,,-1.10546875,-0.057373046875,0.0634765625,0.521728515625,2.35595703125,1.016357421875
271,readout,,0,4,"1,0,0,0",,,,,,0.50244140625,0.0048828125,0.00244140625,0.524169921875,2.35595703125,1.016357421875
271,readout,,0,5,"1,0,0,0",,,,,,0.167236328125,0.10595703125,0.017822265625,0.5419921875,2.35595703125,1.016357421875
271,readout,,0,6,"1,0,0,0",,,,,,-3.558837890625,-0.00244140625,0.0087890625,0.55078125,2.35595703125,1.016357421875
271,readout,,0,7,"1,0,0,0",,,,,,-2.94921875,0.31591796875,-0.931640625,-0.380859375,2.35595703125,1.016357421875
271,readout,,0,8,"1,0,0,0",,,,,,1.3505859375,1.9990234375,2.699951171875,2.319091796875,2.35595703125,1.016357421875
271,readout,,0,9,"1,0,0,0",,,,,,-0.015625,-1.9990234375,0.03125,2.350341796875,2.35595703125,1.016357421875
271,readout,,0,10,"1,0,0,0",,,,,,1.0,0.005615234375,0.005615234375,2.35595703125,2.35595703125,1.016357421875
271,readout,,1,0,"1,0,0,0",,,,,,-1.5986328125,0.021240234375,-0.033935546875,-0.033935546875,2.35595703125,1.016357421875
271,readout,,1,1,"1,0,0,0",,,,,,0.0146484375,-0.540771484375,-0.0078125,-0.041748046875,2.35595703125,1.016357421875
271,readout,,1,2,"1,0,0,0",,,,,,-3.9990234375,0.103271484375,-0.4130859375,-0.454833984375,2.35595703125,1.016357421875
271,readout,,1,3,"1,0,0,0",,,,,,-1.10546875,0.0478515625,-0.052978515625,-0.5078125,2.35595703125,1.016357421875
271,readout,,1,4,"1,0,0,0",,,,,,0.50244140625,-0.000244140625,-0.000244140625,-0.508056640625,2.35595703125,1.016357421875
271,readout,,1,5,"1,0,0,0",,,,,,0.167236328125,0.17724609375,0.029541015625,-0.478515625,2.35595703125,1.016357421875
271,readout,,1,6,"1,0,0,0",,,,,,-3.558837890625,-0.113525390625,0.404052734375,-0.074462890625,2.35595703125,1.016357421875
271,readout,,1,7,"1,0,0,0",,,,,,-2.94921875,-0.090576171875,0.26708984375,0.192626953125,2.35595703125,1.016357421875
271,readout,,1,8,"1,0,0,0",,,,,,1.3505859375,0.736328125,0.994384765625,1.18701171875,2.35595703125,1.016357421875
271,readout,,1,9,"1,0,0,0",,,,,,-0.015625,0.166015625,-0.002685546875,1.184326171875,2.35595703125,1.016357421875
271,readout,,1,10,"1,0,0,0",,,,,,1.0,-0.16796875,-0.16796875,1.016357421875,2.35595703125,1.016357421875
272,neuron,0,,,"1,0,0,0",-1.39892578125,-0.21142578125,0.0,-1.6103515625,0,,,,,,
272,neuron,1,,,"1,0,0,0",0.0126953125,0.04296875,0.0,0.0556640625,0,,,,,,
272,neuron,2,,,"1,0,0,0",-3.4990234375,-0.554931640625,-0.0078125,-3.9990234375,0,,,,,,
272,neuron,3,,,"1,0,0,0",-0.96728515625,-0.090576171875,0.0,-1.057861328125,0,,,,,,
272,neuron,4,,,"1,0,0,0",0.439697265625,0.15283203125,0.14111328125,0.733642578125,0,,,,,,
272,neuron,5,,,"1,0,0,0",0.146240234375,0.571533203125,0.0,0.7177734375,0,,,,,,
272,neuron,6,,,"1,0,0,0",-3.114013671875,-0.427001953125,0.0,-3.541015625,0,,,,,,
272,neuron,7,,,"1,0,0,0",-2.58056640625,-0.383056640625,0.0,-2.963623046875,0,,,,,,
272,readout,,0,0,"1,0,0,0",,,,,,-1.6103515625,-0.245849609375,0.39599609375,0.39599609375,2.350341796875,1.0634765625
272,readout,,0,1,"1,0,0,0",,,,,,0.0556640625,0.25048828125,0.013916015625,0.409912109375,2.350341796875,1.0634765625
272,readout,,0,2,"1,0,0,0",,,,,,-3.9990234375,-0.015380859375,0.0615234375,0.471435546875,2.350341796875,1.0634765625
272,readout,,0,3,"1,0,0,0",,,,,,-1.057861328125,-0.057373046875,0.060791015625,0.5322265625,2.350341796875,1.0634765625
272,readout,,0,4,"1,0,0,0",,,,,,0.733642578125,0.0048828125,0.003662109375,0.535888671875,2.350341796875,1.0634765625
272,readout,,0,5,"1,0,0,0",,,,,,0.7177734375,0.10595703125,0.076171875,0.612060546875,2.350341796875,1.0634765625
272,readout,,0,6,"1,0,0,0",,,,,,-3.541015625,-0.00244140625,0.008544921875,0.62060546875,2.350341796875,1.0634765625
272,readout,,0,7,"1,0,0,0",,,,,,-2.963623046875,0.31591796875,-0.936279296875,-0.315673828125,2.350341796875,1.0634765625
272,readout,,0,8,"1,0,0,0",,,,,,1.310791015625,1.9990234375,2.620361328125,2.3046875,2.350341796875,1.0634765625
272,readout,,0,9,"1,0,0,0",,,,,,-0.02001953125,-1.9990234375,0.0400390625,2.3447265625,2.350341796875,1.0634765625
272,readout,,0,10,"1,0,0,0",,,,,,1.0,0.005615234375,0.005615234375,2.350341796875,2.350341796875,1.0634765625
272,readout,,1,0,"1,0,0,0",,,,,,-1.6103515625,0.021240234375,-0.0341796875,-0.0341796875,2.350341796875,1.0634765625
272,readout,,1,1,"1,0,0,0",,,,,,0.0556640625,-0.540771484375,-0.030029296875,-0.064208984375,2.350341796875,1.0634765625
272,readout,,1,2,"1,0,0,0",,,,,,-3.9990234375,0.103271484375,-0.4130859375,-0.477294921875,2.350341796875,1.0634765625
272,readout,,1,3,"1,0,0,0",,,,,,-1.057861328125,0.0478515625,-0.050537109375,-0.52783203125,2.350341796875,1.0634765625
272,readout,,1,4,"1,0,0,0",,,,,,0.733642578125,-0.000244140625,-0.000244140625,-0.528076171875,2.350341796875,1.0634765625
272,readout,,1,5,"1,0,0,0",,,,,,0.7177734375,0.17724609375,0.127197265625,-0.40087890625,2.350341796875,1.0634765625
272,readout,,1,6,"1,0,0,0",,,,,,-3.541015625,-0.113525390625,0.402099609375,0.001220703125,2.350341796875,1.0634765625
272,readout,,1,7,"1,0,0,0",,,,,,-2.963623046875,-0.090576171875,0.2685546875,0.269775390625,2.350341796875,1.0634765625
272,readout,,1,8,"1,0,0,0",,,,,,1.310791015625,0.736328125,0.965087890625,1.23486328125,2.350341796875,1.0634765625
272,readout,,1,9,"1,0,0,0",,,,,,-0.02001953125,0.166015625,-0.00341796875,1.2314453125,2.350341796875,1.0634765625
272,readout,,1,10,"1,0,0,0",,,,,,1.0,-0.16796875,-0.16796875,1.0634765625,2.350341796875,1.0634765625
273,neuron,0,,,"1,0,1,0",-1.4091796875,-0.0302734375,0.0,-1.439453125,0,,,,,,
273,neuron,1,,,"1,0,1,0",0.048828125,-0.487548828125,0.0,-0.438720703125,0,,,,,,
273,neuron,2,,,"1,0,1,0",-3.4990234375,-1.071044921875,0.0,-3.9990234375,0,,,,,,
273,neuron,3,,,"1,0,1,0",-0.925537109375,-0.5419921875,0.0,-1.467529296875,0,,,,,,
273,neuron,4,,,"1,0,1,0",0.641845703125,0.245361328125,0.0,0.88720703125,0,,,,,,
273,neuron,5,,,"1,0,1,0",0.6279296875,1.001708984375,0.0,0.629638671875,1,,,,,,
273,neuron,6,,,"1,0,1,0",-3.098388671875,-0.65673828125,0.0,-3.755126953125,0,,,,,,
273,neuron,7,,,"1,0,1,0",-2.59326171875,-0.21630859375,0.0,-2.8095703125,0,,,,,,
273,readout,,0,0,"1,0,1,0",,,,,,-1.439453125,-0.245849609375,0.35400390625,0.35400390625,2.376220703125,1.450439453125
273,readout,,0,1,"1,0,1,0",,,,,,-0.438720703125,0.25048828125,-0.10986328125,0.244140625,2.376220703125,1.450439453125
273,readout,,0,2,"1,0,1,0",,,,,,-3.9990234375,-0.015380859375,0.0615234375,0.3056640625,2.376220703125,1.450439453125
273,readout,,0,3,"1,0,1,0",,,,,,-1.467529296875,-0.057373046875,0.084228515625,0.389892578125,2.376220703125,1.450439453125
273,readout,,0,4,"1,0,1,0",,,,,,0.88720703125,0.0048828125,0.00439453125,0.394287109375,2.376220703125,1.450439453125
273,readout,,0,5,"1,0,1,0",,,,,,0.629638671875,0.10595703125,0.066650390625,0.4609375,2.376220703125,1.450439453125
273,readout,,0,6,"1,0,1,0",,,,,,-3.755126953125,-0.00244140625,0.00927734375,0.47021484375,2.376220703125,1.450439453125
273,readout,,0,7,"1,0,1,0",,,,,,-2.8095703125,0.31591796875,-0.8876953125,-0.41748046875,2.376220703125,1.450439453125
273,readout,,0,8,"1,0,1,0",,,,,,1.47900390625,1.9990234375,2.95654296875,2.5390625,2.376220703125,1.450439453125
273,readout,,0,9,"1,0,1,0",,,,,,0.084228515625,-1.9990234375,-0.16845703125,2.37060546875,2.376220703125,1.450439453125
273,readout,,0,10,"1,0,1,0",,,,,,1.0,0.005615234375,0.005615234375,2.376220703125,2.376220703125,1.450439453125
273,readout,,1,0,"1,0,1,0",,,,,,-1.439453125,0.021240234375,-0.030517578125,-0.030517578125,2.376220703125,1.450439453125
273,readout,,1,1,"1,0,1,0",,,,,,-0.438720703125,-0.540771484375,0.2373046875,0.206787109375,2.376220703125,1.450439453125
273,readout,,1,2,"1,0,1,0",,,,,,-3.9990234375,0.103271484375,-0.4130859375,-0.206298828125,2.376220703125,1.450439453125
273,readout,,1,3,"1,0,1,0",,,,,,-1.467529296875,0.0478515625,-0.0703125,-0.276611328125,2.376220703125,1.450439453125
273,readout,,1,4,"1,0,1,0",,,,,,0.88720703125,-0.000244140625,-0.000244140625,-0.27685546875,2.376220703125,1.450439453125
273,readout,,1,5,"1,0,1,0",,,,,,0.629638671875,0.17724609375,0.111572265625,-0.165283203125,2.376220703125,1.450439453125
273,readout,,1,6,"1,0,1,0",,,,,,-3.755126953125,-0.113525390625,0.42626953125,0.260986328125,2.376220703125,1.450439453125
273,readout,,1,7,"1,0,1,0",,,,,,-2.8095703125,-0.090576171875,0.25439453125,0.515380859375,2.376220703125,1.450439453125
273,readout,,1,8,"1,0,1,0",,,,,,1.47900390625,0.736328125,1.089111328125,1.6044921875,2.376220703125,1.450439453125
273,readout,,1,9,"1,0,1,0",,,,,,0.084228515625,0.166015625,0.013916015625,1.618408203125,2.376220703125,1.450439453125
273,readout,,1,10,"1,0,1,0",,,,,,1.0,-0.16796875,-0.16796875,1.450439453125,2.376220703125,1.450439453125
274,neuron,0,,,"1,0,0,1",-1.259521484375,-0.724609375,0.0,-1.984130859375,0,,,,,,
274,neuron,1,,,"1,0,0,1",-0.3837890625,0.052001953125,0.0,-0.331787109375,0,,,,,,
274,neuron,2,,,"1,0,0,1",-3.4990234375,-1.046142578125,-0.0078125,-3.9990234375,0,,,,,,
274,neuron,3,,,"1,0,0,1",-1.2841796875,-0.422607421875,0.0,-1.706787109375,0,,,,,,
274,neuron,4,,,"1,0,0,1",0.7763671875,0.02880859375,0.14111328125,0.9462890625,0,,,,,,
274,neuron,5,,,"1,0,0,1",0.551025390625,0.319091796875,0.0,0.8701171875,0,,,,,,
274,neuron,6,,,"1,0,0,1",-3.28564453125,-0.047607421875,0.0,-3.333251953125,0,,,,,,
274,neuron,7,,,"1,0,0,1",-2.45849609375,-0.5361328125,0.0,-2.99462890625,0,,,,,,
274,readout,,0,0,"1,0,0,1",,,,,,-1.984130859375,-0.245849609375,0.48779296875,0.48779296875,2.53564453125,1.244140625
274,readout,,0,1,"1,0,0,1",,,,,,-0.331787109375,0.25048828125,-0.0830078125,0.40478515625,2.53564453125,1.244140625
274,readout,,0,2,"1,0,0,1",,,,,,-3.9990234375,-0.015380859375,0.0615234375,0.46630859375,2.53564453125,1.244140625
274,readout,,0,3,"1,0,0,1",,,,,,-1.706787109375,-0.057373046875,0.097900390625,0.564208984375,2.53564453125,1.244140625
274,readout,,0,4,"1,0,0,1",,,,,,0.9462890625,0.0048828125,0.004638671875,0.56884765625,2.53564453125,1.244140625
274,readout,,0,5,"1,0,0,1",,,,,,0.8701171875,0.10595703125,0.09228515625,0.6611328125,2.53564453125,1.244140625
274,readout,,0,6,"1,0,0,1",,,,,,-3.333251953125,-0.00244140625,0.008056640625,0.669189453125,2.53564453125,1.244140625
274,readout,,0,7,"1,0,0,1",,,,,,-2.99462890625,0.31591796875,-0.946044921875,-0.27685546875,2.53564453125,1.244140625
274,readout,,0,8,"1,0,0,1",,,,,,1.328857421875,1.9990234375,2.656494140625,2.379638671875,2.53564453125,1.244140625
274,readout,,0,9,"1,0,0,1",,,,,,-0.0751953125,-1.9990234375,0.150390625,2.530029296875,2.53564453125,1.244140625
274,readout,,0,10,"1,0,0,1",,,,,,1.0,0.005615234375,0.005615234375,2.53564453125,2.53564453125,1.244140625
274,readout,,1,0,"1,0,0,1",,,,,,-1.984130859375,0.021240234375,-0.042236328125,-0.042236328125,2.53564453125,1.244140625
274,readout,,1,1,"1,0,0,1",,,,,,-0.331787109375,-0.540771484375,0.179443359375,0.13720703125,2.53564453125,1.244140625
274,readout,,1,2,"1,0,0,1",,,,,,-3.9990234375,0.103271484375,-0.4130859375,-0.27587890625,2.53564453125,1.244140625
274,readout,,1,3,"1,0,0,1",,,,,,-1.706787109375,0.0478515625,-0.081787109375,-0.357666015625,2.53564453125,1.244140625
274,readout,,1,4,"1,0,0,1",,,,,,0.9462890625,-0.000244140625,-0.000244140625,-0.35791015625,2.53564453125,1.244140625
274,readout,,1,5,"1,0,0,1",,,,,,0.8701171875,0.17724609375,0.154296875,-0.20361328125,2.53564453125,1.244140625
274,readout,,1,6,"1,0,0,1",,,,,,-3.333251953125,-0.113525390625,0.37841796875,0.1748046875,2.53564453125,1.244140625
274,readout,,1,7,"1,0,0,1",,,,,,-2.99462890625,-0.090576171875,0.271240234375,0.446044921875,2.53564453125,1.244140625
274,readout,,1,8,"1,0,0,1",,,,,,1.328857421875,0.736328125,0.978515625,1.424560546875,2.53564453125,1.244140625
274,readout,,1,9,"1,0,0,1",,,,,,-0.0751953125,0.166015625,-0.012451171875,1.412109375,2.53564453125,1.244140625
274,readout,,1,10,"1,0,0,1",,,,,,1.0,-0.16796875,-0.16796875,1.244140625,2.53564453125,1.244140625
275,neuron,0,,,"1,0,0,0",-1.736083984375,-0.21142578125,0.0,-1.947509765625,0,,,,,,
275,neuron,1,,,"1,0,0,0",-0.290283203125,0.04296875,0.0,-0.247314453125,0,,,,,,
275,neuron,2,,,"1,0,0,0",-3.4990234375,-0.554931640625,0.0,-3.9990234375,0,,,,,,
275,neuron,3,,,"1,0,0,0",-1.493408203125,-0.090576171875,0.0,-1.583984375,0,,,,,,
275,neuron,4,,,"1,0,0,0",0.828125,0.15283203125,0.0,0.98095703125,0,,,,,,
275,neuron,5,,,"1,0,0,0",0.76123046875,0.571533203125,0.0,0.332763671875,1,,,,,,
275,neuron,6,,,"1,0,0,0",-2.91650390625,-0.427001953125,0.0,-3.343505859375,0,,,,,,
275,neuron,7,,,"1,0,0,0",-2.620361328125,-0.383056640625,0.0,-3.00341796875,0,,,,,,
275,readout,,0,0,"1,0,0,0",,,,,,-1.947509765625,-0.245849609375,0.478759765625,0.478759765625,2.37060546875,1.15771484375
275,readout,,0,1,"1,0,0,0",,,,,,-0.247314453125,0.25048828125,-0.06201171875,0.416748046875,2.37060546875,1.15771484375
275,readout,,0,2,"1,0,0,0",,,,,,-3.9990234375,-0.015380859375,0.0615234375,0.478271484375,2.37060546875,1.15771484375
275,readout,,0,3,"1,0,0,0",,,,,,-1.583984375,-0.057373046875,0.0908203125,0.569091796875,2.37060546875,1.15771484375
275,readout,,0,4,"1,0,0,0",,,,,,0.98095703125,0.0048828125,0.0048828125,0.573974609375,2.37060546875,1.15771484375
275,readout,,0,5,"1,0,0,0",,,,,,0.332763671875,0.10595703125,0.03515625,0.609130859375,2.37060546875,1.15771484375
275,readout,,0,6,"1,0,0,0",,,,,,-3.343505859375,-0.00244140625,0.008056640625,0.6171875,2.37060546875,1.15771484375
275,readout,,0,7,"1,0,0,0",,,,,,-3.00341796875,0.31591796875,-0.94873046875,-0.33154296875,2.37060546875,1.15771484375
275,readout,,0,8,"1,0,0,0",,,,,,1.368896484375,1.9990234375,2.736572265625,2.405029296875,2.37060546875,1.15771484375
275,readout,,0,9,"1,0,0,0",,,,,,0.02001953125,-1.9990234375,-0.0400390625,2.364990234375,2.37060546875,1.15771484375
275,readout,,0,10,"1,0,0,0",,,,,,1.0,0.005615234375,0.005615234375,2.37060546875,2.37060546875,1.15771484375
275,readout,,1,0,"1,0,0,0",,,,,,-1.947509765625,0.021240234375,-0.041259765625,-0.041259765625,2.37060546875,1.15771484375
275,readout,,1,1,"1,0,0,0",,,,,,-0.247314453125,-0.540771484375,0.1337890625,0.092529296875,2.37060546875,1.15771484375
275,readout,,1,2,"1,0,0,0",,,,,,-3.9990234375,0.103271484375,-0.4130859375,-0.320556640625,2.37060546875,1.15771484375
275,readout,,1,3,"1,0,0,0",,,,,,-1.583984375,0.0478515625,-0.07568359375,-0.396240234375,2.37060546875,1.15771484375
275,readout,,1,4,"1,0,0,0",,,,,,0.98095703125,-0.000244140625,-0.000244140625,-0.396484375,2.37060546875,1.15771484375
275,readout,,1,5,"1,0,0,0",,,,,,0.332763671875,0.17724609375,0.05908203125,-0.33740234375,2.37060546875,1.15771484375
275,readout,,1,6,"1,0,0,0",,,,,,-3.343505859375,-0.113525390625,0.379638671875,0.042236328125,2.37060546875,1.15771484375
275,readout,,1,7,"1,0,0,0",,,,,,-3.00341796875,-0.090576171875,0.27197265625,0.314208984375,2.37060546875,1.15771484375
275,readout,,1,8,"1,0,0,0",,,,,,1.368896484375,0.736328125,1.008056640625,1.322265625,2.37060546875,1.15771484375
275,readout,,1,9,"1,0,0,0",,,,,,0.02001953125,0.166015625,0.00341796875,1.32568359375,2.37060546875,1.15771484375
275,readout,,1,10,"1,0,0,0",,,,,,1.0,-0.16796875,-0.16796875,1.15771484375,2.37060546875,1.15771484375
276,neuron,0,,,"1,0,0,0",-1.7041015625,-0.21142578125,0.0,-1.91552734375,0,,,,,,
276,neuron,1,,,"1,0,0,0",-0.21630859375,0.04296875,0.0,-0.17333984375,0,,,,,,
276,neuron,2,,,"1,0,0,0",-3.4990234375,-0.554931640625,-0.0078125,-3.9990234375,0,,,,,,
276,neuron,3,,,"1,0,0,0",-1.385986328125,-0.090576171875,0.0,-1.4765625,0,,,,,,
276,neuron,4,,,"1,0,0,0",0.8583984375,0.15283203125,0.14111328125,0.15234375,1,,,,,,
276,neuron,5,,,"1,0,0,0",0.291259765625,0.571533203125,0.0,0.86279296875,0,,,,,,
276,neuron,6,,,"1,0,0,0",-2.925537109375,-0.427001953125,0.0,-3.3525390625,0,,,,,,
276,neuron,7,,,"1,0,0,0",-2.6279296875,-0.383056640625,0.0,-3.010986328125,0,,,,,,
276,readout,,0,0,"1,0,0,0",,,,,,-1.91552734375,-0.245849609375,0.470947265625,0.470947265625,2.4736328125,1.22265625
276,readout,,0,1,"1,0,0,0",,,,,,-0.17333984375,0.25048828125,-0.04345703125,0.427490234375,2.4736328125,1.22265625
276,readout,,0,2,"1,0,0,0",,,,,,-3.9990234375,-0.015380859375,0.0615234375,0.489013671875,2.4736328125,1.22265625
276,readout,,0,3,"1,0,0,0",,,,,,-1.4765625,-0.057373046875,0.084716796875,0.57373046875,2.4736328125,1.22265625
276,readout,,0,4,"1,0,0,0",,,,,,0.15234375,0.0048828125,0.000732421875,0.574462890625,2.4736328125,1.22265625
276,readout,,0,5,"1,0,0,0",,,,,,0.86279296875,0.10595703125,0.09130859375,0.665771484375,2.4736328125,1.22265625
276,readout,,0,6,"1,0,0,0",,,,,,-3.3525390625,-0.00244140625,0.00830078125,0.674072265625,2.4736328125,1.22265625
276,readout,,0,7,"1,0,0,0",,,,,,-3.010986328125,0.31591796875,-0.951171875,-0.277099609375,2.4736328125,1.22265625
276,readout,,0,8,"1,0,0,0",,,,,,1.377685546875,1.9990234375,2.75390625,2.476806640625,2.4736328125,1.22265625
276,readout,,0,9,"1,0,0,0",,,,,,0.00439453125,-1.9990234375,-0.0087890625,2.468017578125,2.4736328125,1.22265625
276,readout,,0,10,"1,0,0,0",,,,,,1.0,0.005615234375,0.005615234375,2.4736328125,2.4736328125,1.22265625
276,readout,,1,0,"1,0,0,0",,,,,,-1.91552734375,0.021240234375,-0.040771484375,-0.040771484375,2.4736328125,1.22265625
276,readout,,1,1,"1,0,0,0",,,,,,-0.17333984375,-0.540771484375,0.09375,0.052978515625,2.4736328125,1.22265625
276,readout,,1,2,"1,0,0,0",,,,,,-3.9990234375,0.103271484375,-0.4130859375,-0.360107421875,2.4736328125,1.22265625
276,readout,,1,3,"1,0,0,0",,,,,,-1.4765625,0.0478515625,-0.070556640625,-0.4306640625,2.4736328125,1.22265625
276,readout,,1,4,"1,0,0,0",,,,,,0.15234375,-0.000244140625,0.0,-0.4306640625,2.4736328125,1.22265625
276,readout,,1,5,"1,0,0,0",,,,,,0.86279296875,0.17724609375,0.15283203125,-0.27783203125,2.4736328125,1.22265625
276,readout,,1,6,"1,0,0,0",,,,,,-3.3525390625,-0.113525390625,0.380615234375,0.102783203125,2.4736328125,1.22265625
276,readout,,1,7,"1,0,0,0",,,,,,-3.010986328125,-0.090576171875,0.272705078125,0.37548828125,2.4736328125,1.22265625
276,readout,,1,8,"1,0,0,0",,,,,,1.377685546875,0.736328125,1.014404296875,1.389892578125,2.4736328125,1.22265625
276,readout,,1,9,"1,0,0,0",,,,,,0.00439453125,0.166015625,0.000732421875,1.390625,2.4736328125,1.22265625
276,readout,,1,10,"1,0,0,0",,,,,,1.0,-0.16796875,-0.16796875,1.22265625,2.4736328125,1.22265625
277,neuron,0,,,"1,0,0,0",-1.676025390625,-0.21142578125,0.0,-1.887451171875,0,,,,,,
277,neuron,1,,,"1,0,0,0",-0.151611328125,0.04296875,0.052001953125,-0.056640625,0,,,,,,
277,neuron,2,,,"1,0,0,0",-3.4990234375,-0.554931640625,0.0,-3.9990234375,0,,,,,,
277,neuron,3,,,"1,0,0,0",-1.2919921875,-0.090576171875,0.0,-1.382568359375,0,,,,,,
277,neuron,4,,,"1,0,0,0",0.13330078125,0.15283203125,0.0,0.2861328125,0,,,,,,
277,neuron,5,,,"1,0,0,0",0.7548828125,0.571533203125,-0.02685546875,0.299560546875,1,,,,,,
277,neuron,6,,,"1,0,0,0",-2.93359375,-0.427001953125,0.0,-3.360595703125,0,,,,,,
277,neuron,7,,,"1,0,0,0",-2.634521484375,-0.383056640625,0.0,-3.017578125,0,,,,,,
277,readout,,0,0,"1,0,0,0",,,,,,-1.887451171875,-0.245849609375,0.464111328125,0.464111328125,2.367919921875,1.0078125
277,readout,,0,1,"1,0,0,0",,,,,,-0.056640625,0.25048828125,-0.01416015625,0.449951171875,2.367919921875,1.0078125
277,readout,,0,2,"1,0,0,0",,,,,,-3.9990234375,-0.015380859375,0.0615234375,0.511474609375,2.367919921875,1.0078125
277,readout,,0,3,"1,0,0,0",,,,,,-1.382568359375,-0.057373046875,0.079345703125,0.5908203125,2.367919921875,1.0078125
277,readout,,0,4,"1,0,0,0",,,,,,0.2861328125,0.0048828125,0.00146484375,0.59228515625,2.367919921875,1.0078125
277,readout,,0,5,"1,0,0,0",,,,,,0.299560546875,0.10595703125,0.03173828125,0.6240234375,2.367919921875,1.0078125
277,readout,,0,6,"1,0,0,0",,,,,,-3.360595703125,-0.00244140625,0.00830078125,0.63232421875,2.367919921875,1.0078125
277,readout,,0,7,"1,0,0,0",,,,,,-3.017578125,0.31591796875,-0.953369140625,-0.321044921875,2.367919921875,1.0078125
277,readout,,0,8,"1,0,0,0",,,,,,1.30712890625,1.9990234375,2.613037109375,2.2919921875,2.367919921875,1.0078125
277,readout,,0,9,"1,0,0,0",,,,,,-0.03515625,-1.9990234375,0.0703125,2.3623046875,2.367919921875,1.0078125
277,readout,,0,10,"1,0,0,0",,,,,,1.0,0.005615234375,0.005615234375,2.367919921875,2.367919921875,1.0078125
277,readout,,1,0,"1,0,0,0",,,,,,-1.887451171875,0.021240234375,-0.0400390625,-0.0400390625,2.367919921875,1.0078125
277,readout,,1,1,"1,0,0,0",,,,,,-0.056640625,-0.540771484375,0.030517578125,-0.009521484375,2.367919921875,1.0078125
277,readout,,1,2,"1,0,0,0",,,,,,-3.9990234375,0.103271484375,-0.4130859375,-0.422607421875,2.367919921875,1.0078125
277,readout,,1,3,"1,0,0,0",,,,,,-1.382568359375,0.0478515625,-0.066162109375,-0.48876953125,2.367919921875,1.0078125
277,readout,,1,4,"1,0,0,0",,,,,,0.2861328125,-0.000244140625,0.0,-0.48876953125,2.367919921875,1.0078125
277,readout,,1,5,"1,0,0,0",,,,,,0.299560546875,0.17724609375,0.052978515625,-0.435791015625,2.367919921875,1.0078125
277,readout,,1,6,"1,0,0,0",,,,,,-3.360595703125,-0.113525390625,0.381591796875,-0.05419921875,2.367919921875,1.0078125
277,readout,,1,7,"1,0,0,0",,,,,,-3.017578125,-0.090576171875,0.2734375,0.21923828125,2.367919921875,1.0078125
277,readout,,1,8,"1,0,0,0",,,,,,1.30712890625,0.736328125,0.96240234375,1.181640625,2.367919921875,1.0078125
277,readout,,1,9,"1,0,0,0",,,,,,-0.03515625,0.166015625,-0.005859375,1.17578125,2.367919921875,1.0078125
277,readout,,1,10,"1,0,0,0",,,,,,1.0,-0.16796875,-0.16796875,1.0078125,2.367919921875,1.0078125
278,neuron,0,,,"1,0,0,0",-1.651611328125,-0.21142578125,0.0,-1.863037109375,0,,,,,,
278,neuron,1,,,"1,0,0,0",-0.049560546875,0.04296875,0.0,-0.006591796875,0,,,,,,
278,neuron,2,,,"1,0,0,0",-3.4990234375,-0.554931640625,-0.0078125,-3.9990234375,0,,,,,,
278,neuron,3,,,"1,0,0,0",-1.209716796875,-0.090576171875,0.0,-1.30029296875,0,,,,,,
278,neuron,4,,,"1,0,0,0",0.25048828125,0.15283203125,0.14111328125,0.54443359375,0,,,,,,
278,neuron,5,,,"1,0,0,0",0.26220703125,0.571533203125,0.0,0.833740234375,0,,,,,,
278,neuron,6,,,"1,0,0,0",-2.9404296875,-0.427001953125,0.0,-3.367431640625,0,,,,,,
278,neuron,7,,,"1,0,0,0",-2.640380859375,-0.383056640625,0.0,-3.0234375,0,,,,,,
278,readout,,0,0,"1,0,0,0",,,,,,-1.863037109375,-0.245849609375,0.4580078125,0.4580078125,2.36328125,1.093017578125
278,readout,,0,1,"1,0,0,0",,,,,,-0.006591796875,0.25048828125,-0.001708984375,0.456298828125,2.36328125,1.093017578125
278,readout,,0,2,"1,0,0,0",,,,,,-3.9990234375,-0.015380859375,0.0615234375,0.517822265625,2.36328125,1.093017578125
278,readout,,0,3,"1,0,0,0",,,,,,-1.30029296875,-0.057373046875,0.07470703125,0.592529296875,2.36328125,1.093017578125
278,readout,,0,4,"1,0,0,0",,,,,,0.54443359375,0.0048828125,0.002685546875,0.59521484375,2.36328125,1.093017578125
278,readout,,0,5,"1,0,0,0",,,,,,0.833740234375,0.10595703125,0.08837890625,0.68359375,2.36328125,1.093017578125
278,readout,,0,6,"1,0,0,0",,,,,,-3.367431640625,-0.00244140625,0.00830078125,0.69189453125,2.36328125,1.093017578125
278,readout,,0,7,"1,0,0,0",,,,,,-3.0234375,0.31591796875,-0.955078125,-0.26318359375,2.36328125,1.093017578125
278,readout,,0,8,"1,0,0,0",,,,,,1.314697265625,1.9990234375,2.628173828125,2.364990234375,2.36328125,1.093017578125
278,readout,,0,9,"1,0,0,0",,,,,,0.003662109375,-1.9990234375,-0.00732421875,2.357666015625,2.36328125,1.093017578125
278,readout,,0,10,"1,0,0,0",,,,,,1.0,0.005615234375,0.005615234375,2.36328125,2.36328125,1.093017578125
278,readout,,1,0,"1,0,0,0",,,,,,-1.863037109375,0.021240234375,-0.03955078125,-0.03955078125,2.36328125,1.093017578125
278,readout,,1,1,"1,0,0,0",,,,,,-0.006591796875,-0.540771484375,0.003662109375,-0.035888671875,2.36328125,1.093017578125
278,readout,,1,2,"1,0,0,0",,,,,,-3.9990234375,0.103271484375,-0.4130859375,-0.448974609375,2.36328125,1.093017578125
278,readout,,1,3,"1,0,0,0",,,,,,-1.30029296875,0.0478515625,-0.062255859375,-0.51123046875,2.36328125,1.093017578125
278,readout,,1,4,"1,0,0,0",,,,,,0.54443359375,-0.000244140625,-0.000244140625,-0.511474609375,2.36328125,1.093017578125
278,readout,,1,5,"1,0,0,0",,,,,,0.833740234375,0.17724609375,0.147705078125,-0.36376953125,2.36328125,1.093017578125
278,readout,,1,6,"1,0,0,0",,,,,,-3.367431640625,-0.113525390625,0.38232421875,0.0185546875,2.36328125,1.093017578125
278,readout,,1,7,"1,0,0,0",,,,,,-3.0234375,-0.090576171875,0.27392578125,0.29248046875,2.36328125,1.093017578125
278,readout,,1,8,"1,0,0,0",,,,,,1.314697265625,0.736328125,0.968017578125,1.260498046875,2.36328125,1.093017578125
278,readout,,1,9,"1,0,0,0",,,,,,0.003662109375,0.166015625,0.00048828125,1.260986328125,2.36328125,1.093017578125
278,readout,,1,10,"1,0,0,0",,,,,,1.0,-0.16796875,-0.16796875,1.093017578125,2.36328125,1.093017578125
279,neuron,0,,,"1,0,0,0",-1.630126953125,-0.21142578125,0.0,-1.841552734375,0,,,,,,
279,neuron,1,,,"1,0,0,0",-0.005859375,0.04296875,0.0,0.037109375,0,,,,,,
279,neuron,2,,,"1,0,0,0",-3.4990234375,-0.554931640625,0.0,-3.9990234375,0,,,,,,
279,neuron,3,,,"1,0,0,0",-1.1376953125,-0.090576171875,0.0,-1.228271484375,0,,,,,,
279,neuron,4,,,"1,0,0,0",0.476318359375,0.15283203125,0.0,0.629150390625,0,,,,,,
279,neuron,5,,,"1,0,0,0",0.7294921875,0.571533203125,0.0,0.301025390625,1,,,,,,
279,neuron,6,,,"1,0,0,0",-2.946533203125,-0.427001953125,0.0,-3.37353515625,0,,,,,,
279,neuron,7,,,"1,0,0,0",-2.6455078125,-0.383056640625,0.0,-3.028564453125,0,,,,,,
279,readout,,0,0,"1,0,0,0",,,,,,-1.841552734375,-0.245849609375,0.45263671875,0.45263671875,2.31787109375,0.982421875
279,readout,,0,1,"1,0,0,0",,,,,,0.037109375,0.25048828125,0.00927734375,0.4619140625,2.31787109375,0.982421875
279,readout,,0,2,"1,0,0,0",,,,,,-3.9990234375,-0.015380859375,0.0615234375,0.5234375,2.31787109375,0.982421875
279,readout,,0,3,"1,0,0,0",,,,,,-1.228271484375,-0.057373046875,0.070556640625,0.593994140625,2.31787109375,0.982421875
279,readout,,0,4,"1,0,0,0",,,,,,0.629150390625,0.0048828125,0.003173828125,0.59716796875,2.31787109375,0.982421875
279,readout,,0,5,"1,0,0,0",,,,,,0.301025390625,0.10595703125,0.031982421875,0.629150390625,2.31787109375,0.982421875
279,readout,,0,6,"1,0,0,0",,,,,,-3.37353515625,-0.00244140625,0.00830078125,0.637451171875,2.31787109375,0.982421875
279,readout,,0,7,"1,0,0,0",,,,,,-3.028564453125,0.31591796875,-0.956787109375,-0.3193359375,2.31787109375,0.982421875
279,readout,,0,8,"1,0,0,0",,,,,,1.318115234375,1.9990234375,2.635009765625,2.315673828125,2.31787109375,0.982421875
279,readout,,0,9,"1,0,0,0",,,,,,0.001708984375,-1.9990234375,-0.00341796875,2.312255859375,2.31787109375,0.982421875
279,readout,,0,10,"1,0,0,0",,,,,,1.0,0.005615234375,0.005615234375,2.31787109375,2.31787109375,0.982421875
279,readout,,1,0,"1,0,0,0",,,,,,-1.841552734375,0.021240234375,-0.0390625,-0.0390625,2.31787109375,0.982421875
279,readout,,1,1,"1,0,0,0",,,,,,0.037109375,-0.540771484375,-0.02001953125,-0.05908203125,2.31787109375,0.982421875
279,readout,,1,2,"1,0,0,0",,,,,,-3.9990234375,0.103271484375,-0.4130859375,-0.47216796875,2.31787109375,0.982421875
279,readout,,1,3,"1,0,0,0",,,,,,-1.228271484375,0.0478515625,-0.058837890625,-0.531005859375,2.31787109375,0.982421875
279,readout,,1,4,"1,0,0,0",,,,,,0.629150390625,-0.000244140625,-0.000244140625,-0.53125,2.31787109375,0.982421875
279,readout,,1,5,"1,0,0,0",,,,,,0.301025390625,0.17724609375,0.053466796875,-0.477783203125,2.31787109375,0.982421875
279,readout,,1,6,"1,0,0,0",,,,,,-3.37353515625,-0.113525390625,0.383056640625,-0.0947265625,2.31787109375,0.982421875
279,readout,,1,7,"1,0,0,0",,,,,,-3.028564453125,-0.090576171875,0.2744140625,0.1796875,2.31787109375,0.982421875
279,readout,,1,8,"1,0,0,0",,,,,,1.318115234375,0.736328125,0.970458984375,1.150146484375,2.31787109375,0.982421875
279,readout,,1,9,"1,0,0,0",,,,,,0.001708984375,0.166015625,0.000244140625,1.150390625,2.31787109375,0.982421875
279,readout,,1,10,"1,0,0,0",,,,,,1.0,-0.16796875,-0.16796875,0.982421875,2.31787109375,0.982421875
280,neuron,0,,,"1,0,0,0",-1.611328125,-0.21142578125,0.0,-1.82275390625,0,,,,,,
280,neuron,1,,,"1,0,0,0",0.032470703125,0.04296875,0.0,0.075439453125,0,,,,,,
280,neuron,2,,,"1,0,0,0",-3.4990234375,-0.554931640625,-0.0078125,-3.9990234375,0,,,,,,
280,neuron,3,,,"1,0,0,0",-1.07470703125,-0.090576171875,0.0,-1.165283203125,0,,,,,,
280,neuron,4,,,"1,0,0,0",0.550537109375,0.15283203125,0.14111328125,0.844482421875,0,,,,,,
280,neuron,5,,,"1,0,0,0",0.263427734375,0.571533203125,0.0,0.8349609375,0,,,,,,
280,neuron,6,,,"1,0,0,0",-2.951904296875,-0.427001953125,0.0,-3.37890625,0,,,,,,
280,neuron,7,,,"1,0,0,0",-2.64990234375,-0.383056640625,0.0,-3.032958984375,0,,,,,,
280,readout,,0,0,"1,0,0,0",,,,,,-1.82275390625,-0.245849609375,0.4482421875,0.4482421875,2.411865234375,1.08740234375
280,readout,,0,1,"1,0,0,0",,,,,,0.075439453125,0.25048828125,0.018798828125,0.467041015625,2.411865234375,1.08740234375
280,readout,,0,2,"1,0,0,0",,,,,,-3.9990234375,-0.015380859375,0.0615234375,0.528564453125,2.411865234375,1.08740234375
280,readout,,0,3,"1,0,0,0",,,,,,-1.165283203125,-0.057373046875,0.06689453125,0.595458984375,2.411865234375,1.08740234375
280,readout,,0,4,"1,0,0,0",,,,,,0.844482421875,0.0048828125,0.004150390625,0.599609375,2.411865234375,1.08740234375
280,readout,,0,5,"1,0,0,0",,,,,,0.8349609375,0.10595703125,0.08837890625,0.68798828125,2.411865234375,1.08740234375
280,readout,,0,6,"1,0,0,0",,,,,,-3.37890625,-0.00244140625,0.00830078125,0.6962890625,2.411865234375,1.08740234375
280,readout,,0,7,"1,0,0,0",,,,,,-3.032958984375,0.31591796875,-0.958251953125,-0.261962890625,2.411865234375,1.08740234375
280,readout,,0,8,"1,0,0,0",,,,,,1.351318359375,1.9990234375,2.701416015625,2.439453125,2.411865234375,1.08740234375
280,readout,,0,9,"1,0,0,0",,,,,,0.0166015625,-1.9990234375,-0.033203125,2.40625,2.411865234375,1.08740234375
280,readout,,0,10,"1,0,0,0",,,,,,1.0,0.005615234375,0.005615234375,2.411865234375,2.411865234375,1.08740234375
280,readout,,1,0,"1,0,0,0",,,,,,-1.82275390625,0.021240234375,-0.038818359375,-0.038818359375,2.411865234375,1.08740234375
280,readout,,1,1,"1,0,0,0",,,,,,0.075439453125,-0.540771484375,-0.040771484375,-0.07958984375,2.411865234375,1.08740234375
280,readout,,1,2,"1,0,0,0",,,,,,-3.9990234375,0.103271484375,-0.4130859375,-0.49267578125,2.411865234375,1.08740234375
280,readout,,1,3,"1,0,0,0",,,,,,-1.165283203125,0.0478515625,-0.0556640625,-0.54833984375,2.411865234375,1.08740234375
280,readout,,1,4,"1,0,0,0",,,,,,0.844482421875,-0.000244140625,-0.000244140625,-0.548583984375,2.411865234375,1.08740234375
280,readout,,1,5,"1,0,0,0",,,,,,0.8349609375,0.17724609375,0.14794921875,-0.400634765625,2.411865234375,1.08740234375
280,readout,,1,6,"1,0,0,0",,,,,,-3.37890625,-0.113525390625,0.383544921875,-0.01708984375,2.411865234375,1.08740234375
280,readout,,1,7,"1,0,0,0",,,,,,-3.032958984375,-0.090576171875,0.274658203125,0.257568359375,2.411865234375,1.08740234375
280,readout,,1,8,"1,0,0,0",,,,,,1.351318359375,0.736328125,0.9951171875,1.252685546875,2.411865234375,1.08740234375
280,readout,,1,9,"1,0,0,0",,,,,,0.0166015625,0.166015625,0.002685546875,1.25537109375,2.411865234375,1.08740234375
280,readout,,1,10,"1,0,0,0",,,,,,1.0,-0.16796875,-0.16796875,1.08740234375,2.411865234375,1.08740234375
281,neuron,0,,,"1,0,0,0",-1.594970703125,-0.21142578125,0.0,-1.806396484375,0,,,,,,
281,neuron,1,,,"1,0,0,0",0.06591796875,0.04296875,0.0,0.10888671875,0,,,,,,
281,neuron,2,,,"1,0,0,0",-3.4990234375,-0.554931640625,0.0,-3.9990234375,0,,,,,,
281,neuron,3,,,"1,0,0,0",-1.01953125,-0.090576171875,0.0,-1.110107421875,0,,,,,,
281,neuron,4,,,"1,0,0,0",0.739013671875,0.15283203125,0.0,0.891845703125,0,,,,,,
281,neuron,5,,,"1,0,0,0",0.73046875,0.571533203125,0.0,0.302001953125,1,,,,,,
281,neuron,6,,,"1,0,0,0",-2.95654296875,-0.427001953125,0.0,-3.383544921875,0,,,,,,
281,neuron,7,,,"1,0,0,0",-2.65380859375,-0.383056640625,0.0,-3.036865234375,0,,,,,,
281,readout,,0,0,"1,0,0,0",,,,,,-1.806396484375,-0.245849609375,0.444091796875,0.444091796875,2.333740234375,0.930419921875
281,readout,,0,1,"1,0,0,0",,,,,,0.10888671875,0.25048828125,0.02734375,0.471435546875,2.333740234375,0.930419921875
281,readout,,0,2,"1,0,0,0",,,,,,-3.9990234375,-0.015380859375,0.0615234375,0.532958984375,2.333740234375,0.930419921875
281,readout,,0,3,"1,0,0,0",,,,,,-1.110107421875,-0.057373046875,0.063720703125,0.5966796875,2.333740234375,0.930419921875
281,readout,,0,4,"1,0,0,0",,,,,,0.891845703125,0.0048828125,0.00439453125,0.60107421875,2.333740234375,0.930419921875
281,readout,,0,5,"1,0,0,0",,,,,,0.302001953125,0.10595703125,0.031982421875,0.633056640625,2.333740234375,0.930419921875
281,readout,,0,6,"1,0,0,0",,,,,,-3.383544921875,-0.00244140625,0.00830078125,0.641357421875,2.333740234375,0.930419921875
281,readout,,0,7,"1,0,0,0",,,,,,-3.036865234375,0.31591796875,-0.95947265625,-0.318115234375,2.333740234375,0.930419921875
281,readout,,0,8,"1,0,0,0",,,,,,1.2958984375,1.9990234375,2.590576171875,2.2724609375,2.333740234375,0.930419921875
281,readout,,0,9,"1,0,0,0",,,,,,-0.02783203125,-1.9990234375,0.0556640625,2.328125,2.333740234375,0.930419921875
281,readout,,0,10,"1,0,0,0",,,,,,1.0,0.005615234375,0.005615234375,2.333740234375,2.333740234375,0.930419921875
281,readout,,1,0,"1,0,0,0",,,,,,-1.806396484375,0.021240234375,-0.038330078125,-0.038330078125,2.333740234375,0.930419921875
281,readout,,1,1,"1,0,0,0",,,,,,0.10888671875,-0.540771484375,-0.058837890625,-0.09716796875,2.333740234375,0.930419921875
281,readout,,1,2,"1,0,0,0",,,,,,-3.9990234375,0.103271484375,-0.4130859375,-0.51025390625,2.333740234375,0.930419921875
281,readout,,1,3,"1,0,0,0",,,,,,-1.110107421875,0.0478515625,-0.05322265625,-0.5634765625,2.333740234375,0.930419921875
281,readout,,1,4,"1,0,0,0",,,,,,0.891845703125,-0.000244140625,-0.000244140625,-0.563720703125,2.333740234375,0.930419921875
281,readout,,1,5,"1,0,0,0",,,,,,0.302001953125,0.17724609375,0.053466796875,-0.51025390625,2.333740234375,0.930419921875
281,readout,,1,6,"1,0,0,0",,,,,,-3.383544921875,-0.113525390625,0.384033203125,-0.126220703125,2.333740234375,0.930419921875
281,readout,,1,7,"1,0,0,0",,,,,,-3.036865234375,-0.090576171875,0.275146484375,0.14892578125,2.333740234375,0.930419921875
281,readout,,1,8,"1,0,0,0",,,,,,1.2958984375,0.736328125,0.9541015625,1.10302734375,2.333740234375,0.930419921875
281,readout,,1,9,"1,0,0,0",,,,,,-0.02783203125,0.166015625,-0.004638671875,1.098388671875,2.333740234375,0.930419921875
281,readout,,1,10,"1,0,0,0",,,,,,1.0,-0.16796875,-0.16796875,0.930419921875,2.333740234375,0.930419921875
282,neuron,0,,,"1,0,0,0",-1.58056640625,-0.21142578125,0.0,-1.7919921875,0,,,,,,
282,neuron,1,,,"1,0,0,0",0.09521484375,0.04296875,0.0,0.13818359375,0,,,,,,
282,neuron,2,,,"1,0,0,0",-3.4990234375,-0.554931640625,-0.0078125,-3.9990234375,0,,,,,,
282,neuron,3,,,"1,0,0,0",-0.971435546875,-0.090576171875,0.0,-1.06201171875,0,,,,,,
282,neuron,4,,,"1,0,0,0",0.7802734375,0.15283203125,0.14111328125,0.07421875,1,,,,,,
282,neuron,5,,,"1,0,0,0",0.26416015625,0.571533203125,0.0,0.835693359375,0,,,,,,
282,neuron,6,,,"1,0,0,0",-2.960693359375,-0.427001953125,0.0,-3.3876953125,0,,,,,,
282,neuron,7,,,"1,0,0,0",-2.6572265625,-0.383056640625,0.0,-3.040283203125,0,,,,,,
282,readout,,0,0,"1,0,0,0",,,,,,-1.7919921875,-0.245849609375,0.440673828125,0.440673828125,2.388427734375,1.06494140625
282,readout,,0,1,"1,0,0,0",,,,,,0.13818359375,0.25048828125,0.03466796875,0.475341796875,2.388427734375,1.06494140625
282,readout,,0,2,"1,0,0,0",,,,,,-3.9990234375,-0.015380859375,0.0615234375,0.536865234375,2.388427734375,1.06494140625
282,readout,,0,3,"1,0,0,0",,,,,,-1.06201171875,-0.057373046875,0.06103515625,0.597900390625,2.388427734375,1.06494140625
282,readout,,0,4,"1,0,0,0",,,,,,0.07421875,0.0048828125,0.000244140625,0.59814453125,2.388427734375,1.06494140625
282,readout,,0,5,"1,0,0,0",,,,,,0.835693359375,0.10595703125,0.088623046875,0.686767578125,2.388427734375,1.06494140625
282,readout,,0,6,"1,0,0,0",,,,,,-3.3876953125,-0.00244140625,0.00830078125,0.695068359375,2.388427734375,1.06494140625
282,readout,,0,7,"1,0,0,0",,,,,,-3.040283203125,0.31591796875,-0.96044921875,-0.265380859375,2.388427734375,1.06494140625
282,readout,,0,8,"1,0,0,0",,,,,,1.353515625,1.9990234375,2.705810546875,2.4404296875,2.388427734375,1.06494140625
282,readout,,0,9,"1,0,0,0",,,,,,0.02880859375,-1.9990234375,-0.0576171875,2.3828125,2.388427734375,1.06494140625
282,readout,,0,10,"1,0,0,0",,,,,,1.0,0.005615234375,0.005615234375,2.388427734375,2.388427734375,1.06494140625
282,readout,,1,0,"1,0,0,0",,,,,,-1.7919921875,0.021240234375,-0.0380859375,-0.0380859375,2.388427734375,1.06494140625
282,readout,,1,1,"1,0,0,0",,,,,,0.13818359375,-0.540771484375,-0.07470703125,-0.11279296875,2.388427734375,1.06494140625
282,readout,,1,2,"1,0,0,0",,,,,,-3.9990234375,0.103271484375,-0.4130859375,-0.52587890625,2.388427734375,1.06494140625
282,readout,,1,3,"1,0,0,0",,,,,,-1.06201171875,0.0478515625,-0.05078125,-0.57666015625,2.388427734375,1.06494140625
282,readout,,1,4,"1,0,0,0",,,,,,0.07421875,-0.000244140625,0.0,-0.57666015625,2.388427734375,1.06494140625
282,readout,,1,5,"1,0,0,0",,,,,,0.835693359375,0.17724609375,0.148193359375,-0.428466796875,2.388427734375,1.06494140625
282,readout,,1,6,"1,0,0,0",,,,,,-3.3876953125,-0.113525390625,0.384521484375,-0.0439453125,2.388427734375,1.06494140625
282,readout,,1,7,"1,0,0,0",,,,,,-3.040283203125,-0.090576171875,0.275390625,0.2314453125,2.388427734375,1.06494140625
282,readout,,1,8,"1,0,0,0",,,,,,1.353515625,0.736328125,0.99658203125,1.22802734375,2.388427734375,1.06494140625
282,readout,,1,9,"1,0,0,0",,,,,,0.02880859375,0.166015625,0.0048828125,1.23291015625,2.388427734375,1.06494140625
282,readout,,1,10,"1,0,0,0",,,,,,1.0,-0.16796875,-0.16796875,1.06494140625,2.388427734375,1.06494140625
283,neuron,0,,,"1,0,0,0",-1.56787109375,-0.21142578125,0.0,-1.779296875,0,,,,,,
283,neuron,1,,,"1,0,0,0",0.120849609375,0.04296875,0.052001953125,0.2158203125,0,,,,,,
283,neuron,2,,,"1,0,0,0",-3.4990234375,-0.554931640625,0.0,-3.9990234375,0,,,,,,
283,neuron,3,,,"1,0,0,0",-0.92919921875,-0.090576171875,0.0,-1.019775390625,0,,,,,,
283,neuron,4,,,"1,0,0,0",0.06494140625,0.15283203125,0.0,0.2177734375,0,,,,,,
283,neuron,5,,,"1,0,0,0",0.731201171875,0.571533203125,-0.02685546875,0.27587890625,1,,,,,,
283,neuron,6,,,"1,0,0,0",-2.96435546875,-0.427001953125,0.0,-3.391357421875,0,,,,,,
283,neuron,7,,,"1,0,0,0",-2.66015625,-0.383056640625,0.0,-3.043212890625,0,,,,,,
283,readout,,0,0,"1,0,0,0",,,,,,-1.779296875,-0.245849609375,0.4375,0.4375,2.387451171875,0.911376953125
283,readout,,0,1,"1,0,0,0",,,,,,0.2158203125,0.25048828125,0.053955078125,0.491455078125,2.387451171875,0.911376953125
283,readout,,0,2,"1,0,0,0",,,,,,-3.9990234375,-0.015380859375,0.0615234375,0.552978515625,2.387451171875,0.911376953125
283,readout,,0,3,"1,0,0,0",,,,,,-1.019775390625,-0.057373046875,0.05859375,0.611572265625,2.387451171875,0.911376953125
283,readout,,0,4,"1,0,0,0",,,,,,0.2177734375,0.0048828125,0.0009765625,0.612548828125,2.387451171875,0.911376953125
283,readout,,0,5,"1,0,0,0",,,,,,0.27587890625,0.10595703125,0.029296875,0.641845703125,2.387451171875,0.911376953125
283,readout,,0,6,"1,0,0,0",,,,,,-3.391357421875,-0.00244140625,0.00830078125,0.650146484375,2.387451171875,0.911376953125
283,readout,,0,7,"1,0,0,0",,,,,,-3.043212890625,0.31591796875,-0.96142578125,-0.311279296875,2.387451171875,0.911376953125
283,readout,,0,8,"1,0,0,0",,,,,,1.3408203125,1.9990234375,2.680419921875,2.369140625,2.387451171875,0.911376953125
283,readout,,0,9,"1,0,0,0",,,,,,-0.00634765625,-1.9990234375,0.0126953125,2.3818359375,2.387451171875,0.911376953125
283,readout,,0,10,"1,0,0,0",,,,,,1.0,0.005615234375,0.005615234375,2.387451171875,2.387451171875,0.911376953125
283,readout,,1,0,"1,0,0,0",,,,,,-1.779296875,0.021240234375,-0.037841796875,-0.037841796875,2.387451171875,0.911376953125
283,readout,,1,1,"1,0,0,0",,,,,,0.2158203125,-0.540771484375,-0.11669921875,-0.154541015625,2.387451171875,0.911376953125
283,readout,,1,2,"1,0,0,0",,,,,,-3.9990234375,0.103271484375,-0.4130859375,-0.567626953125,2.387451171875,0.911376953125
283,readout,,1,3,"1,0,0,0",,,,,,-1.019775390625,0.0478515625,-0.048828125,-0.616455078125,2.387451171875,0.911376953125
283,readout,,1,4,"1,0,0,0",,,,,,0.2177734375,-0.000244140625,0.0,-0.616455078125,2.387451171875,0.911376953125
283,readout,,1,5,"1,0,0,0",,,,,,0.27587890625,0.17724609375,0.048828125,-0.567626953125,2.387451171875,0.911376953125
283,readout,,1,6,"1,0,0,0",,,,,,-3.391357421875,-0.113525390625,0.385009765625,-0.1826171875,2.387451171875,0.911376953125
283,readout,,1,7,"1,0,0,0",,,,,,-3.043212890625,-0.090576171875,0.275634765625,0.093017578125,2.387451171875,0.911376953125
283,readout,,1,8,"1,0,0,0",,,,,,1.3408203125,0.736328125,0.9873046875,1.080322265625,2.387451171875,0.911376953125
283,readout,,1,9,"1,0,0,0",,,,,,-0.00634765625,0.166015625,-0.0009765625,1.079345703125,2.387451171875,0.911376953125
283,readout,,1,10,"1,0,0,0",,,,,,1.0,-0.16796875,-0.16796875,0.911376953125,2.387451171875,0.911376953125
284,neuron,0,,,"1,0,0,0",-1.556884765625,-0.21142578125,0.0,-1.768310546875,0,,,,,,
284,neuron,1,,,"1,0,0,0",0.18896484375,0.04296875,0.0,0.23193359375,0,,,,,,
284,neuron,2,,,"1,0,0,0",-3.4990234375,-0.554931640625,-0.0078125,-3.9990234375,0,,,,,,
284,neuron,3,,,"1,0,0,0",-0.892333984375,-0.090576171875,0.0,-0.98291015625,0,,,,,,
284,neuron,4,,,"1,0,0,0",0.1904296875,0.15283203125,0.14111328125,0.484375,0,,,,,,
284,neuron,5,,,"1,0,0,0",0.241455078125,0.571533203125,0.0,0.81298828125,0,,,,,,
284,neuron,6,,,"1,0,0,0",-2.967529296875,-0.427001953125,0.0,-3.39453125,0,,,,,,
284,neuron,7,,,"1,0,0,0",-2.662841796875,-0.383056640625,0.0,-3.0458984375,0,,,,,,
284,readout,,0,0,"1,0,0,0",,,,,,-1.768310546875,-0.245849609375,0.434814453125,0.434814453125,2.479736328125,1.041015625
284,readout,,0,1,"1,0,0,0",,,,,,0.23193359375,0.25048828125,0.05810546875,0.492919921875,2.479736328125,1.041015625
284,readout,,0,2,"1,0,0,0",,,,,,-3.9990234375,-0.015380859375,0.0615234375,0.554443359375,2.479736328125,1.041015625
284,readout,,0,3,"1,0,0,0",,,,,,-0.98291015625,-0.057373046875,0.056396484375,0.61083984375,2.479736328125,1.041015625
284,readout,,0,4,"1,0,0,0",,,,,,0.484375,0.0048828125,0.00244140625,0.61328125,2.479736328125,1.041015625
284,readout,,0,5,"1,0,0,0",,,,,,0.81298828125,0.10595703125,0.086181640625,0.699462890625,2.479736328125,1.041015625
284,readout,,0,6,"1,0,0,0",,,,,,-3.39453125,-0.00244140625,0.00830078125,0.707763671875,2.479736328125,1.041015625
284,readout,,0,7,"1,0,0,0",,,,,,-3.0458984375,0.31591796875,-0.962158203125,-0.25439453125,2.479736328125,1.041015625
284,readout,,0,8,"1,0,0,0",,,,,,1.389404296875,1.9990234375,2.77734375,2.52294921875,2.479736328125,1.041015625
284,readout,,0,9,"1,0,0,0",,,,,,0.0244140625,-1.9990234375,-0.048828125,2.47412109375,2.479736328125,1.041015625
284,readout,,0,10,"1,0,0,0",,,,,,1.0,0.005615234375,0.005615234375,2.479736328125,2.479736328125,1.041015625
284,readout,,1,0,"1,0,0,0",,,,,,-1.768310546875,0.021240234375,-0.03759765625,-0.03759765625,2.479736328125,1.041015625
284,readout,,1,1,"1,0,0,0",,,,,,0.23193359375,-0.540771484375,-0.12548828125,-0.1630859375,2.479736328125,1.041015625
284,readout,,1,2,"1,0,0,0",,,,,,-3.9990234375,0.103271484375,-0.4130859375,-0.576171875,2.479736328125,1.041015625
284,readout,,1,3,"1,0,0,0",,,,,,-0.98291015625,0.0478515625,-0.047119140625,-0.623291015625,2.479736328125,1.041015625
284,readout,,1,4,"1,0,0,0",,,,,,0.484375,-0.000244140625,0.0,-0.623291015625,2.479736328125,1.041015625
284,readout,,1,5,"1,0,0,0",,,,,,0.81298828125,0.17724609375,0.14404296875,-0.479248046875,2.479736328125,1.041015625
284,readout,,1,6,"1,0,0,0",,,,,,-3.39453125,-0.113525390625,0.38525390625,-0.093994140625,2.479736328125,1.041015625
284,readout,,1,7,"1,0,0,0",,,,,,-3.0458984375,-0.090576171875,0.27587890625,0.181884765625,2.479736328125,1.041015625
284,readout,,1,8,"1,0,0,0",,,,,,1.389404296875,0.736328125,1.02294921875,1.204833984375,2.479736328125,1.041015625
284,readout,,1,9,"1,0,0,0",,,,,,0.0244140625,0.166015625,0.004150390625,1.208984375,2.479736328125,1.041015625
284,readout,,1,10,"1,0,0,0",,,,,,1.0,-0.16796875,-0.16796875,1.041015625,2.479736328125,1.041015625
285,neuron,0,,,"1,0,0,0",-1.54736328125,-0.21142578125,0.0,-1.7587890625,0,,,,,,
285,neuron,1,,,"1,0,0,0",0.202880859375,0.04296875,0.0,0.245849609375,0,,,,,,
285,neuron,2,,,"1,0,0,0",-3.4990234375,-0.554931640625,0.0,-3.9990234375,0,,,,,,
285,neuron,3,,,"1,0,0,0",-0.860107421875,-0.090576171875,0.0,-0.95068359375,0,,,,,,
285,neuron,4,,,"1,0,0,0",0.423828125,0.15283203125,0.0,0.57666015625,0,,,,,,
285,neuron,5,,,"1,0,0,0",0.71142578125,0.571533203125,0.0,0.282958984375,1,,,,,,
285,neuron,6,,,"1,0,0,0",-2.97021484375,-0.427001953125,0.0,-3.397216796875,0,,,,,,
285,neuron,7,,,"1,0,0,0",-2.6650390625,-0.383056640625,0.0,-3.048095703125,0,,,,,,
285,readout,,0,0,"1,0,0,0",,,,,,-1.7587890625,-0.245849609375,0.432373046875,0.432373046875,2.427001953125,0.9013671875
285,readout,,0,1,"1,0,0,0",,,,,,0.245849609375,0.25048828125,0.0615234375,0.493896484375,2.427001953125,0.9013671875
285,readout,,0,2,"1,0,0,0",,,,,,-3.9990234375,-0.015380859375,0.0615234375,0.555419921875,2.427001953125,0.9013671875
285,readout,,0,3,"1,0,0,0",,,,,,-0.95068359375,-0.057373046875,0.054443359375,0.60986328125,2.427001953125,0.9013671875
285,readout,,0,4,"1,0,0,0",,,,,,0.57666015625,0.0048828125,0.0029296875,0.61279296875,2.427001953125,0.9013671875
285,readout,,0,5,"1,0,0,0",,,,,,0.282958984375,0.10595703125,0.030029296875,0.642822265625,2.427001953125,0.9013671875
285,readout,,0,6,"1,0,0,0",,,,,,-3.397216796875,-0.00244140625,0.00830078125,0.651123046875,2.427001953125,0.9013671875
285,readout,,0,7,"1,0,0,0",,,,,,-3.048095703125,0.31591796875,-0.962890625,-0.311767578125,2.427001953125,0.9013671875
285,readout,,0,8,"1,0,0,0",,,,,,1.344970703125,1.9990234375,2.688720703125,2.376953125,2.427001953125,0.9013671875
285,readout,,0,9,"1,0,0,0",,,,,,-0.022216796875,-1.9990234375,0.04443359375,2.42138671875,2.427001953125,0.9013671875
285,readout,,0,10,"1,0,0,0",,,,,,1.0,0.005615234375,0.005615234375,2.427001953125,2.427001953125,0.9013671875
285,readout,,1,0,"1,0,0,0",,,,,,-1.7587890625,0.021240234375,-0.037353515625,-0.037353515625,2.427001953125,0.9013671875
285,readout,,1,1,"1,0,0,0",,,,,,0.245849609375,-0.540771484375,-0.133056640625,-0.17041015625,2.427001953125,0.9013671875
285,readout,,1,2,"1,0,0,0",,,,,,-3.9990234375,0.103271484375,-0.4130859375,-0.58349609375,2.427001953125,0.9013671875
285,readout,,1,3,"1,0,0,0",,,,,,-0.95068359375,0.0478515625,-0.04541015625,-0.62890625,2.427001953125,0.9013671875
285,readout,,1,4,"1,0,0,0",,,,,,0.57666015625,-0.000244140625,-0.000244140625,-0.629150390625,2.427001953125,0.9013671875
285,readout,,1,5,"1,0,0,0",,,,,,0.282958984375,0.17724609375,0.050048828125,-0.5791015625,2.427001953125,0.9013671875
285,readout,,1,6,"1,0,0,0",,,,,,-3.397216796875,-0.113525390625,0.3857421875,-0.193359375,2.427001953125,0.9013671875
285,readout,,1,7,"1,0,0,0",,,,,,-3.048095703125,-0.090576171875,0.276123046875,0.082763671875,2.427001953125,0.9013671875
285,readout,,1,8,"1,0,0,0",,,,,,1.344970703125,0.736328125,0.990234375,1.072998046875,2.427001953125,0.9013671875
285,readout,,1,9,"1,0,0,0",,,,,,-0.022216796875,0.166015625,-0.003662109375,1.0693359375,2.427001953125,0.9013671875
285,readout,,1,10,"1,0,0,0",,,,,,1.0,-0.16796875,-0.16796875,0.9013671875,2.427001953125,0.9013671875
286,neuron,0,,,"1,0,0,1",-1.5390625,-0.724609375,0.0,-2.263671875,0,,,,,,
286,neuron,1,,,"1,0,0,1",0.215087890625,0.052001953125,0.0,0.26708984375,0,,,,,,
286,neuron,2,,,"1,0,0,1",-3.4990234375,-1.046142578125,-0.0078125,-3.9990234375,0,,,,,,
286,neuron,3,,,"1,0,0,1",-0.831787109375,-0.422607421875,0.0,-1.25439453125,0,,,,,,
286,neuron,4,,,"1,0,0,1",0.504638671875,0.02880859375,0.14111328125,0.674560546875,0,,,,,,
286,neuron,5,,,"1,0,0,1",0.24755859375,0.319091796875,0.0,0.566650390625,0,,,,,,
286,neuron,6,,,"1,0,0,1",-2.97265625,-0.047607421875,0.0,-3.020263671875,0,,,,,,
286,neuron,7,,,"1,0,0,1",-2.6669921875,-0.5361328125,0.0,-3.203125,0,,,,,,
286,readout,,0,0,"1,0,0,1",,,,,,-2.263671875,-0.245849609375,0.556640625,0.556640625,2.427001953125,0.821533203125
286,readout,,0,1,"1,0,0,1",,,,,,0.26708984375,0.25048828125,0.06689453125,0.62353515625,2.427001953125,0.821533203125
286,readout,,0,2,"1,0,0,1",,,,,,-3.9990234375,-0.015380859375,0.0615234375,0.68505859375,2.427001953125,0.821533203125
286,readout,,0,3,"1,0,0,1",,,,,,-1.25439453125,-0.057373046875,0.072021484375,0.757080078125,2.427001953125,0.821533203125
286,readout,,0,4,"1,0,0,1",,,,,,0.674560546875,0.0048828125,0.003173828125,0.76025390625,2.427001953125,0.821533203125
286,readout,,0,5,"1,0,0,1",,,,,,0.566650390625,0.10595703125,0.06005859375,0.8203125,2.427001953125,0.821533203125
286,readout,,0,6,"1,0,0,1",,,,,,-3.020263671875,-0.00244140625,0.00732421875,0.82763671875,2.427001953125,0.821533203125
286,readout,,0,7,"1,0,0,1",,,,,,-3.203125,0.31591796875,-1.011962890625,-0.184326171875,2.427001953125,0.821533203125
286,readout,,0,8,"1,0,0,1",,,,,,1.261962890625,1.9990234375,2.522705078125,2.33837890625,2.427001953125,0.821533203125
286,readout,,0,9,"1,0,0,1",,,,,,-0.04150390625,-1.9990234375,0.0830078125,2.42138671875,2.427001953125,0.821533203125
286,readout,,0,10,"1,0,0,1",,,,,,1.0,0.005615234375,0.005615234375,2.427001953125,2.427001953125,0.821533203125
286,readout,,1,0,"1,0,0,1",,,,,,-2.263671875,0.021240234375,-0.048095703125,-0.048095703125,2.427001953125,0.821533203125
286,readout,,1,1,"1,0,0,1",,,,,,0.26708984375,-0.540771484375,-0.14453125,-0.192626953125,2.427001953125,0.821533203125
286,readout,,1,2,"1,0,0,1",,,,,,-3.9990234375,0.103271484375,-0.4130859375,-0.605712890625,2.427001953125,0.821533203125
286,readout,,1,3,"1,0,0,1",,,,,,-1.25439453125,0.0478515625,-0.06005859375,-0.665771484375,2.427001953125,0.821533203125
286,readout,,1,4,"1,0,0,1",,,,,,0.674560546875,-0.000244140625,-0.000244140625,-0.666015625,2.427001953125,0.821533203125
286,readout,,1,5,"1,0,0,1",,,,,,0.566650390625,0.17724609375,0.100341796875,-0.565673828125,2.427001953125,0.821533203125
286,readout,,1,6,"1,0,0,1",,,,,,-3.020263671875,-0.113525390625,0.3427734375,-0.222900390625,2.427001953125,0.821533203125
286,readout,,1,7,"1,0,0,1",,,,,,-3.203125,-0.090576171875,0.2900390625,0.067138671875,2.427001953125,0.821533203125
286,readout,,1,8,"1,0,0,1",,,,,,1.261962890625,0.736328125,0.92919921875,0.996337890625,2.427001953125,0.821533203125
286,readout,,1,9,"1,0,0,1",,,,,,-0.04150390625,0.166015625,-0.0068359375,0.989501953125,2.427001953125,0.821533203125
286,readout,,1,10,"1,0,0,1",,,,,,1.0,-0.16796875,-0.16796875,0.821533203125,2.427001953125,0.821533203125
287,neuron,0,,,"1,0,1,0",-1.980712890625,-0.0302734375,0.0,-2.010986328125,0,,,,,,
287,neuron,1,,,"1,0,1,0",0.233642578125,-0.487548828125,0.0,-0.25390625,0,,,,,,
287,neuron,2,,,"1,0,1,0",-3.4990234375,-1.071044921875,0.0,-3.9990234375,0,,,,,,
287,neuron,3,,,"1,0,1,0",-1.09765625,-0.5419921875,0.0,-1.6396484375,0,,,,,,
287,neuron,4,,,"1,0,1,0",0.59033203125,0.245361328125,0.0,0.835693359375,0,,,,,,
287,neuron,5,,,"1,0,1,0",0.495849609375,1.001708984375,0.0,0.49755859375,1,,,,,,
287,neuron,6,,,"1,0,1,0",-2.642822265625,-0.65673828125,0.0,-3.299560546875,0,,,,,,
287,neuron,7,,,"1,0,1,0",-2.802734375,-0.21630859375,0.0,-3.01904296875,0,,,,,,
287,readout,,0,0,"1,0,1,0",,,,,,-2.010986328125,-0.245849609375,0.494384765625,0.494384765625,2.330078125,1.18603515625
287,readout,,0,1,"1,0,1,0",,,,,,-0.25390625,0.25048828125,-0.063720703125,0.4306640625,2.330078125,1.18603515625
287,readout,,0,2,"1,0,1,0",,,,,,-3.9990234375,-0.015380859375,0.0615234375,0.4921875,2.330078125,1.18603515625
287,readout,,0,3,"1,0,1,0",,,,,,-1.6396484375,-0.057373046875,0.093994140625,0.586181640625,2.330078125,1.18603515625
287,readout,,0,4,"1,0,1,0",,,,,,0.835693359375,0.0048828125,0.004150390625,0.59033203125,2.330078125,1.18603515625
287,readout,,0,5,"1,0,1,0",,,,,,0.49755859375,0.10595703125,0.052734375,0.64306640625,2.330078125,1.18603515625
287,readout,,0,6,"1,0,1,0",,,,,,-3.299560546875,-0.00244140625,0.008056640625,0.651123046875,2.330078125,1.18603515625
287,readout,,0,7,"1,0,1,0",,,,,,-3.01904296875,0.31591796875,-0.953857421875,-0.302734375,2.330078125,1.18603515625
287,readout,,0,8,"1,0,1,0",,,,,,1.36669921875,1.9990234375,2.732177734375,2.429443359375,2.330078125,1.18603515625
287,readout,,0,9,"1,0,1,0",,,,,,0.052490234375,-1.9990234375,-0.10498046875,2.324462890625,2.330078125,1.18603515625
287,readout,,0,10,"1,0,1,0",,,,,,1.0,0.005615234375,0.005615234375,2.330078125,2.330078125,1.18603515625
287,readout,,1,0,"1,0,1,0",,,,,,-2.010986328125,0.021240234375,-0.042724609375,-0.042724609375,2.330078125,1.18603515625
287,readout,,1,1,"1,0,1,0",,,,,,-0.25390625,-0.540771484375,0.13720703125,0.094482421875,2.330078125,1.18603515625
287,readout,,1,2,"1,0,1,0",,,,,,-3.9990234375,0.103271484375,-0.4130859375,-0.318603515625,2.330078125,1.18603515625
287,readout,,1,3,"1,0,1,0",,,,,,-1.6396484375,0.0478515625,-0.078369140625,-0.39697265625,2.330078125,1.18603515625
287,readout,,1,4,"1,0,1,0",,,,,,0.835693359375,-0.000244140625,-0.000244140625,-0.397216796875,2.330078125,1.18603515625
287,readout,,1,5,"1,0,1,0",,,,,,0.49755859375,0.17724609375,0.088134765625,-0.30908203125,2.330078125,1.18603515625
287,readout,,1,6,"1,0,1,0",,,,,,-3.299560546875,-0.113525390625,0.37451171875,0.0654296875,2.330078125,1.18603515625
287,readout,,1,7,"1,0,1,0",,,,,,-3.01904296875,-0.090576171875,0.2734375,0.3388671875,2.330078125,1.18603515625
287,readout,,1,8,"1,0,1,0",,,,,,1.36669921875,0.736328125,1.00634765625,1.34521484375,2.330078125,1.18603515625
287,readout,,1,9,"1,0,1,0",,,,,,0.052490234375,0.166015625,0.0087890625,1.35400390625,2.330078125,1.18603515625
287,readout,,1,10,"1,0,1,0",,,,,,1.0,-0.16796875,-0.16796875,1.18603515625,2.330078125,1.18603515625
288,neuron,0,,,"1,0,0,0",-1.759521484375,-0.21142578125,0.0,-1.970947265625,0,,,,,,
288,neuron,1,,,"1,0,0,0",-0.22216796875,0.04296875,0.0,-0.17919921875,0,,,,,,
288,neuron,2,,,"1,0,0,0",-3.4990234375,-0.554931640625,-0.0078125,-3.9990234375,0,,,,,,
288,neuron,3,,,"1,0,0,0",-1.4345703125,-0.090576171875,0.0,-1.525146484375,0,,,,,,
288,neuron,4,,,"1,0,0,0",0.731201171875,0.15283203125,0.14111328125,0.025146484375,1,,,,,,
288,neuron,5,,,"1,0,0,0",0.435302734375,0.571533203125,0.0,0.0068359375,1,,,,,,
288,neuron,6,,,"1,0,0,0",-2.88720703125,-0.427001953125,0.0,-3.314208984375,0,,,,,,
288,neuron,7,,,"1,0,0,0",-2.6416015625,-0.383056640625,0.0,-3.024658203125,0,,,,,,
288,readout,,0,0,"1,0,0,0",,,,,,-1.970947265625,-0.245849609375,0.484619140625,0.484619140625,2.33642578125,1.02294921875
288,readout,,0,1,"1,0,0,0",,,,,,-0.17919921875,0.25048828125,-0.044921875,0.439697265625,2.33642578125,1.02294921875
288,readout,,0,2,"1,0,0,0",,,,,,-3.9990234375,-0.015380859375,0.0615234375,0.501220703125,2.33642578125,1.02294921875
288,readout,,0,3,"1,0,0,0",,,,,,-1.525146484375,-0.057373046875,0.08740234375,0.588623046875,2.33642578125,1.02294921875
288,readout,,0,4,"1,0,0,0",,,,,,0.025146484375,0.0048828125,0.000244140625,0.5888671875,2.33642578125,1.02294921875
288,readout,,0,5,"1,0,0,0",,,,,,0.0068359375,0.10595703125,0.000732421875,0.589599609375,2.33642578125,1.02294921875
288,readout,,0,6,"1,0,0,0",,,,,,-3.314208984375,-0.00244140625,0.008056640625,0.59765625,2.33642578125,1.02294921875
288,readout,,0,7,"1,0,0,0",,,,,,-3.024658203125,0.31591796875,-0.95556640625,-0.35791015625,2.33642578125,1.02294921875
288,readout,,0,8,"1,0,0,0",,,,,,1.322998046875,1.9990234375,2.644775390625,2.286865234375,2.33642578125,1.02294921875
288,readout,,0,9,"1,0,0,0",,,,,,-0.02197265625,-1.9990234375,0.0439453125,2.330810546875,2.33642578125,1.02294921875
288,readout,,0,10,"1,0,0,0",,,,,,1.0,0.005615234375,0.005615234375,2.33642578125,2.33642578125,1.02294921875
288,readout,,1,0,"1,0,0,0",,,,,,-1.970947265625,0.021240234375,-0.041748046875,-0.041748046875,2.33642578125,1.02294921875
288,readout,,1,1,"1,0,0,0",,,,,,-0.17919921875,-0.540771484375,0.096923828125,0.05517578125,2.33642578125,1.02294921875
288,readout,,1,2,"1,0,0,0",,,,,,-3.9990234375,0.103271484375,-0.4130859375,-0.35791015625,2.33642578125,1.02294921875
288,readout,,1,3,"1,0,0,0",,,,,,-1.525146484375,0.0478515625,-0.072998046875,-0.430908203125,2.33642578125,1.02294921875
288,readout,,1,4,"1,0,0,0",,,,,,0.025146484375,-0.000244140625,0.0,-0.430908203125,2.33642578125,1.02294921875
288,readout,,1,5,"1,0,0,0",,,,,,0.0068359375,0.17724609375,0.001220703125,-0.4296875,2.33642578125,1.02294921875
288,readout,,1,6,"1,0,0,0",,,,,,-3.314208984375,-0.113525390625,0.376220703125,-0.053466796875,2.33642578125,1.02294921875
288,readout,,1,7,"1,0,0,0",,,,,,-3.024658203125,-0.090576171875,0.27392578125,0.220458984375,2.33642578125,1.02294921875
288,readout,,1,8,"1,0,0,0",,,,,,1.322998046875,0.736328125,0.97412109375,1.194580078125,2.33642578125,1.02294921875
288,readout,,1,9,"1,0,0,0",,,,,,-0.02197265625,0.166015625,-0.003662109375,1.19091796875,2.33642578125,1.02294921875
288,readout,,1,10,"1,0,0,0",,,,,,1.0,-0.16796875,-0.16796875,1.02294921875,2.33642578125,1.02294921875
289,neuron,0,,,"1,0,0,0",-1.724609375,-0.21142578125,0.0,-1.93603515625,0,,,,,,
289,neuron,1,,,"1,0,0,0",-0.15673828125,0.04296875,0.052001953125,-0.061767578125,0,,,,,,
289,neuron,2,,,"1,0,0,0",-3.4990234375,-0.554931640625,-0.0078125,-3.9990234375,0,,,,,,
289,neuron,3,,,"1,0,0,0",-1.33447265625,-0.090576171875,0.0,-1.425048828125,0,,,,,,
289,neuron,4,,,"1,0,0,0",0.02197265625,0.15283203125,0.14111328125,0.31591796875,0,,,,,,
289,neuron,5,,,"1,0,0,0",0.005859375,0.571533203125,-0.02685546875,0.550537109375,0,,,,,,
289,neuron,6,,,"1,0,0,0",-2.89990234375,-0.427001953125,0.0,-3.326904296875,0,,,,,,
289,neuron,7,,,"1,0,0,0",-2.646484375,-0.383056640625,0.0,-3.029541015625,0,,,,,,
289,readout,,0,0,"1,0,0,0",,,,,,-1.93603515625,-0.245849609375,0.47607421875,0.47607421875,2.3427734375,1.048583984375
289,readout,,0,1,"1,0,0,0",,,,,,-0.061767578125,0.25048828125,-0.015380859375,0.460693359375,2.3427734375,1.048583984375
289,readout,,0,2,"1,0,0,0",,,,,,-3.9990234375,-0.015380859375,0.0615234375,0.522216796875,2.3427734375,1.048583984375
289,readout,,0,3,"1,0,0,0",,,,,,-1.425048828125,-0.057373046875,0.081787109375,0.60400390625,2.3427734375,1.048583984375
289,readout,,0,4,"1,0,0,0",,,,,,0.31591796875,0.0048828125,0.00146484375,0.60546875,2.3427734375,1.048583984375
289,readout,,0,5,"1,0,0,0",,,,,,0.550537109375,0.10595703125,0.058349609375,0.663818359375,2.3427734375,1.048583984375
289,readout,,0,6,"1,0,0,0",,,,,,-3.326904296875,-0.00244140625,0.008056640625,0.671875,2.3427734375,1.048583984375
289,readout,,0,7,"1,0,0,0",,,,,,-3.029541015625,0.31591796875,-0.95703125,-0.28515625,2.3427734375,1.048583984375
289,readout,,0,8,"1,0,0,0",,,,,,1.30029296875,1.9990234375,2.599365234375,2.314208984375,2.3427734375,1.048583984375
289,readout,,0,9,"1,0,0,0",,,,,,-0.011474609375,-1.9990234375,0.02294921875,2.337158203125,2.3427734375,1.048583984375
289,readout,,0,10,"1,0,0,0",,,,,,1.0,0.005615234375,0.005615234375,2.3427734375,2.3427734375,1.048583984375
289,readout,,1,0,"1,0,0,0",,,,,,-1.93603515625,0.021240234375,-0.041015625,-0.041015625,2.3427734375,1.048583984375
289,readout,,1,1,"1,0,0,0",,,,,,-0.061767578125,-0.540771484375,0.033447265625,-0.007568359375,2.3427734375,1.048583984375
289,readout,,1,2,"1,0,0,0",,,,,,-3.9990234375,0.103271484375,-0.4130859375,-0.420654296875,2.3427734375,1.048583984375
289,readout,,1,3,"1,0,0,0",,,,,,-1.425048828125,0.0478515625,-0.068115234375,-0.48876953125,2.3427734375,1.048583984375
289,readout,,1,4,"1,0,0,0",,,,,,0.31591796875,-0.000244140625,0.0,-0.48876953125,2.3427734375,1.048583984375
289,readout,,1,5,"1,0,0,0",,,,,,0.550537109375,0.17724609375,0.09765625,-0.39111328125,2.3427734375,1.048583984375
289,readout,,1,6,"1,0,0,0",,,,,,-3.326904296875,-0.113525390625,0.377685546875,-0.013427734375,2.3427734375,1.048583984375
289,readout,,1,7,"1,0,0,0",,,,,,-3.029541015625,-0.090576171875,0.2744140625,0.260986328125,2.3427734375,1.048583984375
289,readout,,1,8,"1,0,0,0",,,,,,1.30029296875,0.736328125,0.95751953125,1.218505859375,2.3427734375,1.048583984375
289,readout,,1,9,"1,0,0,0",,,,,,-0.011474609375,0.166015625,-0.001953125,1.216552734375,2.3427734375,1.048583984375
289,readout,,1,10,"1,0,0,0",,,,,,1.0,-0.16796875,-0.16796875,1.048583984375,2.3427734375,1.048583984375
290,neuron,0,,,"1,0,0,0",-1.694091796875,-0.21142578125,0.0,-1.905517578125,0,,,,,,
290,neuron,1,,,"1,0,0,0",-0.053955078125,0.04296875,0.0,-0.010986328125,0,,,,,,
290,neuron,2,,,"1,0,0,0",-3.4990234375,-0.554931640625,0.0,-3.9990234375,0,,,,,,
290,neuron,3,,,"1,0,0,0",-1.246826171875,-0.090576171875,0.0,-1.33740234375,0,,,,,,
290,neuron,4,,,"1,0,0,0",0.2763671875,0.15283203125,0.0,0.42919921875,0,,,,,,
290,neuron,5,,,"1,0,0,0",0.481689453125,0.571533203125,0.0,0.05322265625,1,,,,,,
290,neuron,6,,,"1,0,0,0",-2.9111328125,-0.427001953125,0.0,-3.338134765625,0,,,,,,
290,neuron,7,,,"1,0,0,0",-2.65087890625,-0.383056640625,0.0,-3.033935546875,0,,,,,,
290,readout,,0,0,"1,0,0,0",,,,,,-1.905517578125,-0.245849609375,0.468505859375,0.468505859375,2.239501953125,0.9189453125
290,readout,,0,1,"1,0,0,0",,,,,,-0.010986328125,0.25048828125,-0.002685546875,0.4658203125,2.239501953125,0.9189453125
290,readout,,0,2,"1,0,0,0",,,,,,-3.9990234375,-0.015380859375,0.0615234375,0.52734375,2.239501953125,0.9189453125
290,readout,,0,3,"1,0,0,0",,,,,,-1.33740234375,-0.057373046875,0.07666015625,0.60400390625,2.239501953125,0.9189453125
290,readout,,0,4,"1,0,0,0",,,,,,0.42919921875,0.0048828125,0.002197265625,0.606201171875,2.239501953125,0.9189453125
290,readout,,0,5,"1,0,0,0",,,,,,0.05322265625,0.10595703125,0.005615234375,0.61181640625,2.239501953125,0.9189453125
290,readout,,0,6,"1,0,0,0",,,,,,-3.338134765625,-0.00244140625,0.008056640625,0.619873046875,2.239501953125,0.9189453125
290,readout,,0,7,"1,0,0,0",,,,,,-3.033935546875,0.31591796875,-0.95849609375,-0.338623046875,2.239501953125,0.9189453125
290,readout,,0,8,"1,0,0,0",,,,,,1.273193359375,1.9990234375,2.545166015625,2.20654296875,2.239501953125,0.9189453125
290,readout,,0,9,"1,0,0,0",,,,,,-0.013671875,-1.9990234375,0.02734375,2.23388671875,2.239501953125,0.9189453125
290,readout,,0,10,"1,0,0,0",,,,,,1.0,0.005615234375,0.005615234375,2.239501953125,2.239501953125,0.9189453125
290,readout,,1,0,"1,0,0,0",,,,,,-1.905517578125,0.021240234375,-0.04052734375,-0.04052734375,2.239501953125,0.9189453125
290,readout,,1,1,"1,0,0,0",,,,,,-0.010986328125,-0.540771484375,0.005859375,-0.03466796875,2.239501953125,0.9189453125
290,readout,,1,2,"1,0,0,0",,,,,,-3.9990234375,0.103271484375,-0.4130859375,-0.44775390625,2.239501953125,0.9189453125
290,readout,,1,3,"1,0,0,0",,,,,,-1.33740234375,0.0478515625,-0.06396484375,-0.51171875,2.239501953125,0.9189453125
290,readout,,1,4,"1,0,0,0",,,,,,0.42919921875,-0.000244140625,0.0,-0.51171875,2.239501953125,0.9189453125
290,readout,,1,5,"1,0,0,0",,,,,,0.05322265625,0.17724609375,0.009521484375,-0.502197265625,2.239501953125,0.9189453125
290,readout,,1,6,"1,0,0,0",,,,,,-3.338134765625,-0.113525390625,0.37890625,-0.123291015625,2.239501953125,0.9189453125
290,readout,,1,7,"1,0,0,0",,,,,,-3.033935546875,-0.090576171875,0.27490234375,0.151611328125,2.239501953125,0.9189453125
290,readout,,1,8,"1,0,0,0",,,,,,1.273193359375,0.736328125,0.9375,1.089111328125,2.239501953125,0.9189453125
290,readout,,1,9,"1,0,0,0",,,,,,-0.013671875,0.166015625,-0.002197265625,1.0869140625,2.239501953125,0.9189453125
290,readout,,1,10,"1,0,0,0",,,,,,1.0,-0.16796875,-0.16796875,0.9189453125,2.239501953125,0.9189453125
291,neuron,0,,,"1,0,0,0",-1.667236328125,-0.21142578125,0.0,-1.878662109375,0,,,,,,
291,neuron,1,,,"1,0,0,0",-0.009521484375,0.04296875,0.0,0.033447265625,0,,,,,,
291,neuron,2,,,"1,0,0,0",-3.4990234375,-0.554931640625,-0.0078125,-3.9990234375,0,,,,,,
291,neuron,3,,,"1,0,0,0",-1.170166015625,-0.090576171875,0.0,-1.2607421875,0,,,,,,
291,neuron,4,,,"1,0,0,0",0.37548828125,0.15283203125,0.14111328125,0.66943359375,0,,,,,,
291,neuron,5,,,"1,0,0,0",0.046630859375,0.571533203125,0.0,0.6181640625,0,,,,,,
291,neuron,6,,,"1,0,0,0",-2.9208984375,-0.427001953125,0.0,-3.347900390625,0,,,,,,
291,neuron,7,,,"1,0,0,0",-2.65478515625,-0.383056640625,0.0,-3.037841796875,0,,,,,,
291,readout,,0,0,"1,0,0,0",,,,,,-1.878662109375,-0.245849609375,0.4619140625,0.4619140625,2.294677734375,1.02197265625
291,readout,,0,1,"1,0,0,0",,,,,,0.033447265625,0.25048828125,0.00830078125,0.47021484375,2.294677734375,1.02197265625
291,readout,,0,2,"1,0,0,0",,,,,,-3.9990234375,-0.015380859375,0.0615234375,0.53173828125,2.294677734375,1.02197265625
291,readout,,0,3,"1,0,0,0",,,,,,-1.2607421875,-0.057373046875,0.072265625,0.60400390625,2.294677734375,1.02197265625
291,readout,,0,4,"1,0,0,0",,,,,,0.66943359375,0.0048828125,0.003173828125,0.607177734375,2.294677734375,1.02197265625
291,readout,,0,5,"1,0,0,0",,,,,,0.6181640625,0.10595703125,0.0654296875,0.672607421875,2.294677734375,1.02197265625
291,readout,,0,6,"1,0,0,0",,,,,,-3.347900390625,-0.00244140625,0.008056640625,0.6806640625,2.294677734375,1.02197265625
291,readout,,0,7,"1,0,0,0",,,,,,-3.037841796875,0.31591796875,-0.959716796875,-0.279052734375,2.294677734375,1.02197265625
291,readout,,0,8,"1,0,0,0",,,,,,1.29638671875,1.9990234375,2.591552734375,2.3125,2.294677734375,1.02197265625
291,readout,,0,9,"1,0,0,0",,,,,,0.01171875,-1.9990234375,-0.0234375,2.2890625,2.294677734375,1.02197265625
291,readout,,0,10,"1,0,0,0",,,,,,1.0,0.005615234375,0.005615234375,2.294677734375,2.294677734375,1.02197265625
291,readout,,1,0,"1,0,0,0",,,,,,-1.878662109375,0.021240234375,-0.039794921875,-0.039794921875,2.294677734375,1.02197265625
291,readout,,1,1,"1,0,0,0",,,,,,0.033447265625,-0.540771484375,-0.01806640625,-0.057861328125,2.294677734375,1.02197265625
291,readout,,1,2,"1,0,0,0",,,,,,-3.9990234375,0.103271484375,-0.4130859375,-0.470947265625,2.294677734375,1.02197265625
291,readout,,1,3,"1,0,0,0",,,,,,-1.2607421875,0.0478515625,-0.060302734375,-0.53125,2.294677734375,1.02197265625
291,readout,,1,4,"1,0,0,0",,,,,,0.66943359375,-0.000244140625,-0.000244140625,-0.531494140625,2.294677734375,1.02197265625
291,readout,,1,5,"1,0,0,0",,,,,,0.6181640625,0.17724609375,0.109619140625,-0.421875,2.294677734375,1.02197265625
291,readout,,1,6,"1,0,0,0",,,,,,-3.347900390625,-0.113525390625,0.380126953125,-0.041748046875,2.294677734375,1.02197265625
291,readout,,1,7,"1,0,0,0",,,,,,-3.037841796875,-0.090576171875,0.275146484375,0.2333984375,2.294677734375,1.02197265625
291,readout,,1,8,"1,0,0,0",,,,,,1.29638671875,0.736328125,0.95458984375,1.18798828125,2.294677734375,1.02197265625
291,readout,,1,9,"1,0,0,0",,,,,,0.01171875,0.166015625,0.001953125,1.18994140625,2.294677734375,1.02197265625
291,readout,,1,10,"1,0,0,0",,,,,,1.0,-0.16796875,-0.16796875,1.02197265625,2.294677734375,1.02197265625
292,neuron,0,,,"1,0,0,0",-1.643798828125,-0.21142578125,0.0,-1.855224609375,0,,,,,,
292,neuron,1,,,"1,0,0,0",0.029296875,0.04296875,0.0,0.072265625,0,,,,,,
292,neuron,2,,,"1,0,0,0",-3.4990234375,-0.554931640625,0.0,-3.9990234375,0,,,,,,
292,neuron,3,,,"1,0,0,0",-1.10302734375,-0.090576171875,0.0,-1.193603515625,0,,,,,,
292,neuron,4,,,"1,0,0,0",0.585693359375,0.15283203125,0.0,0.738525390625,0,,,,,,
292,neuron,5,,,"1,0,0,0",0.541015625,0.571533203125,0.0,0.112548828125,1,,,,,,
292,neuron,6,,,"1,0,0,0",-2.929443359375,-0.427001953125,0.0,-3.3564453125,0,,,,,,
292,neuron,7,,,"1,0,0,0",-2.658203125,-0.383056640625,0.0,-3.041259765625,0,,,,,,
292,readout,,0,0,"1,0,0,0",,,,,,-1.855224609375,-0.245849609375,0.4560546875,0.4560546875,2.262939453125,0.912841796875
292,readout,,0,1,"1,0,0,0",,,,,,0.072265625,0.25048828125,0.01806640625,0.47412109375,2.262939453125,0.912841796875
292,readout,,0,2,"1,0,0,0",,,,,,-3.9990234375,-0.015380859375,0.0615234375,0.53564453125,2.262939453125,0.912841796875
292,readout,,0,3,"1,0,0,0",,,,,,-1.193603515625,-0.057373046875,0.068359375,0.60400390625,2.262939453125,0.912841796875
292,readout,,0,4,"1,0,0,0",,,,,,0.738525390625,0.0048828125,0.003662109375,0.607666015625,2.262939453125,0.912841796875
292,readout,,0,5,"1,0,0,0",,,,,,0.112548828125,0.10595703125,0.011962890625,0.61962890625,2.262939453125,0.912841796875
292,readout,,0,6,"1,0,0,0",,,,,,-3.3564453125,-0.00244140625,0.00830078125,0.6279296875,2.262939453125,0.912841796875
292,readout,,0,7,"1,0,0,0",,,,,,-3.041259765625,0.31591796875,-0.960693359375,-0.332763671875,2.262939453125,0.912841796875
292,readout,,0,8,"1,0,0,0",,,,,,1.294677734375,1.9990234375,2.588134765625,2.25537109375,2.262939453125,0.912841796875
292,readout,,0,9,"1,0,0,0",,,,,,-0.0009765625,-1.9990234375,0.001953125,2.25732421875,2.262939453125,0.912841796875
292,readout,,0,10,"1,0,0,0",,,,,,1.0,0.005615234375,0.005615234375,2.262939453125,2.262939453125,0.912841796875
292,readout,,1,0,"1,0,0,0",,,,,,-1.855224609375,0.021240234375,-0.039306640625,-0.039306640625,2.262939453125,0.912841796875
292,readout,,1,1,"1,0,0,0",,,,,,0.072265625,-0.540771484375,-0.0390625,-0.078369140625,2.262939453125,0.912841796875
292,readout,,1,2,"1,0,0,0",,,,,,-3.9990234375,0.103271484375,-0.4130859375,-0.491455078125,2.262939453125,0.912841796875
292,readout,,1,3,"1,0,0,0",,,,,,-1.193603515625,0.0478515625,-0.05712890625,-0.548583984375,2.262939453125,0.912841796875
292,readout,,1,4,"1,0,0,0",,,,,,0.738525390625,-0.000244140625,-0.000244140625,-0.548828125,2.262939453125,0.912841796875
292,readout,,1,5,"1,0,0,0",,,,,,0.112548828125,0.17724609375,0.02001953125,-0.52880859375,2.262939453125,0.912841796875
292,readout,,1,6,"1,0,0,0",,,,,,-3.3564453125,-0.113525390625,0.381103515625,-0.147705078125,2.262939453125,0.912841796875
292,readout,,1,7,"1,0,0,0",,,,,,-3.041259765625,-0.090576171875,0.275390625,0.127685546875,2.262939453125,0.912841796875
292,readout,,1,8,"1,0,0,0",,,,,,1.294677734375,0.736328125,0.953369140625,1.0810546875,2.262939453125,0.912841796875
292,readout,,1,9,"1,0,0,0",,,,,,-0.0009765625,0.166015625,-0.000244140625,1.080810546875,2.262939453125,0.912841796875
292,readout,,1,10,"1,0,0,0",,,,,,1.0,-0.16796875,-0.16796875,0.912841796875,2.262939453125,0.912841796875
293,neuron,0,,,"1,0,0,0",-1.623291015625,-0.21142578125,0.0,-1.834716796875,0,,,,,,
293,neuron,1,,,"1,0,0,0",0.063232421875,0.04296875,0.0,0.106201171875,0,,,,,,
293,neuron,2,,,"1,0,0,0",-3.4990234375,-0.554931640625,-0.0078125,-3.9990234375,0,,,,,,
293,neuron,3,,,"1,0,0,0",-1.04443359375,-0.090576171875,0.0,-1.135009765625,0,,,,,,
293,neuron,4,,,"1,0,0,0",0.646240234375,0.15283203125,0.14111328125,0.940185546875,0,,,,,,
293,neuron,5,,,"1,0,0,0",0.098388671875,0.571533203125,0.0,0.669921875,0,,,,,,
293,neuron,6,,,"1,0,0,0",-2.93701171875,-0.427001953125,0.0,-3.364013671875,0,,,,,,
293,neuron,7,,,"1,0,0,0",-2.6611328125,-0.383056640625,0.0,-3.044189453125,0,,,,,,
293,readout,,0,0,"1,0,0,0",,,,,,-1.834716796875,-0.245849609375,0.451171875,0.451171875,2.297119140625,0.97802734375
293,readout,,0,1,"1,0,0,0",,,,,,0.106201171875,0.25048828125,0.026611328125,0.477783203125,2.297119140625,0.97802734375
293,readout,,0,2,"1,0,0,0",,,,,,-3.9990234375,-0.015380859375,0.0615234375,0.539306640625,2.297119140625,0.97802734375
293,readout,,0,3,"1,0,0,0",,,,,,-1.135009765625,-0.057373046875,0.065185546875,0.6044921875,2.297119140625,0.97802734375
293,readout,,0,4,"1,0,0,0",,,,,,0.940185546875,0.0048828125,0.004638671875,0.609130859375,2.297119140625,0.97802734375
293,readout,,0,5,"1,0,0,0",,,,,,0.669921875,0.10595703125,0.071044921875,0.68017578125,2.297119140625,0.97802734375
293,readout,,0,6,"1,0,0,0",,,,,,-3.364013671875,-0.00244140625,0.00830078125,0.6884765625,2.297119140625,0.97802734375
293,readout,,0,7,"1,0,0,0",,,,,,-3.044189453125,0.31591796875,-0.961669921875,-0.273193359375,2.297119140625,0.97802734375
293,readout,,0,8,"1,0,0,0",,,,,,1.27099609375,1.9990234375,2.540771484375,2.267578125,2.297119140625,0.97802734375
293,readout,,0,9,"1,0,0,0",,,,,,-0.011962890625,-1.9990234375,0.02392578125,2.29150390625,2.297119140625,0.97802734375
293,readout,,0,10,"1,0,0,0",,,,,,1.0,0.005615234375,0.005615234375,2.297119140625,2.297119140625,0.97802734375
293,readout,,1,0,"1,0,0,0",,,,,,-1.834716796875,0.021240234375,-0.0390625,-0.0390625,2.297119140625,0.97802734375
293,readout,,1,1,"1,0,0,0",,,,,,0.106201171875,-0.540771484375,-0.057373046875,-0.096435546875,2.297119140625,0.97802734375
293,readout,,1,2,"1,0,0,0",,,,,,-3.9990234375,0.103271484375,-0.4130859375,-0.509521484375,2.297119140625,0.97802734375
293,readout,,1,3,"1,0,0,0",,,,,,-1.135009765625,0.0478515625,-0.05419921875,-0.563720703125,2.297119140625,0.97802734375
293,readout,,1,4,"1,0,0,0",,,,,,0.940185546875,-0.000244140625,-0.000244140625,-0.56396484375,2.297119140625,0.97802734375
293,readout,,1,5,"1,0,0,0",,,,,,0.669921875,0.17724609375,0.11865234375,-0.4453125,2.297119140625,0.97802734375
293,readout,,1,6,"1,0,0,0",,,,,,-3.364013671875,-0.113525390625,0.3818359375,-0.0634765625,2.297119140625,0.97802734375
293,readout,,1,7,"1,0,0,0",,,,,,-3.044189453125,-0.090576171875,0.275634765625,0.212158203125,2.297119140625,0.97802734375
293,readout,,1,8,"1,0,0,0",,,,,,1.27099609375,0.736328125,0.935791015625,1.14794921875,2.297119140625,0.97802734375
293,readout,,1,9,"1,0,0,0",,,,,,-0.011962890625,0.166015625,-0.001953125,1.14599609375,2.297119140625,0.97802734375
293,readout,,1,10,"1,0,0,0",,,,,,1.0,-0.16796875,-0.16796875,0.97802734375,2.297119140625,0.97802734375
294,neuron,0,,,"1,0,0,0",-1.60546875,-0.21142578125,0.0,-1.81689453125,0,,,,,,
294,neuron,1,,,"1,0,0,0",0.093017578125,0.04296875,0.0,0.135986328125,0,,,,,,
294,neuron,2,,,"1,0,0,0",-3.4990234375,-0.554931640625,0.0,-3.9990234375,0,,,,,,
294,neuron,3,,,"1,0,0,0",-0.9931640625,-0.090576171875,0.0,-1.083740234375,0,,,,,,
294,neuron,4,,,"1,0,0,0",0.82275390625,0.15283203125,0.0,0.9755859375,0,,,,,,
294,neuron,5,,,"1,0,0,0",0.586181640625,0.571533203125,0.0,0.15771484375,1,,,,,,
294,neuron,6,,,"1,0,0,0",-2.943603515625,-0.427001953125,0.0,-3.37060546875,0,,,,,,
294,neuron,7,,,"1,0,0,0",-2.66357421875,-0.383056640625,0.0,-3.046630859375,0,,,,,,
294,readout,,0,0,"1,0,0,0",,,,,,-1.81689453125,-0.245849609375,0.44677734375,0.44677734375,2.261474609375,0.91259765625
294,readout,,0,1,"1,0,0,0",,,,,,0.135986328125,0.25048828125,0.0341796875,0.48095703125,2.261474609375,0.91259765625
294,readout,,0,2,"1,0,0,0",,,,,,-3.9990234375,-0.015380859375,0.0615234375,0.54248046875,2.261474609375,0.91259765625
294,readout,,0,3,"1,0,0,0",,,,,,-1.083740234375,-0.057373046875,0.062255859375,0.604736328125,2.261474609375,0.91259765625
294,readout,,0,4,"1,0,0,0",,,,,,0.9755859375,0.0048828125,0.0048828125,0.609619140625,2.261474609375,0.91259765625
294,readout,,0,5,"1,0,0,0",,,,,,0.15771484375,0.10595703125,0.0166015625,0.626220703125,2.261474609375,0.91259765625
294,readout,,0,6,"1,0,0,0",,,,,,-3.37060546875,-0.00244140625,0.00830078125,0.634521484375,2.261474609375,0.91259765625
294,readout,,0,7,"1,0,0,0",,,,,,-3.046630859375,0.31591796875,-0.96240234375,-0.327880859375,2.261474609375,0.91259765625
294,readout,,0,8,"1,0,0,0",,,,,,1.31396484375,1.9990234375,2.626708984375,2.298828125,2.261474609375,0.91259765625
294,readout,,0,9,"1,0,0,0",,,,,,0.021484375,-1.9990234375,-0.04296875,2.255859375,2.261474609375,0.91259765625
294,readout,,0,10,"1,0,0,0",,,,,,1.0,0.005615234375,0.005615234375,2.261474609375,2.261474609375,0.91259765625
294,readout,,1,0,"1,0,0,0",,,,,,-1.81689453125,0.021240234375,-0.03857421875,-0.03857421875,2.261474609375,0.91259765625
294,readout,,1,1,"1,0,0,0",,,,,,0.135986328125,-0.540771484375,-0.073486328125,-0.112060546875,2.261474609375,0.91259765625
294,readout,,1,2,"1,0,0,0",,,,,,-3.9990234375,0.103271484375,-0.4130859375,-0.525146484375,2.261474609375,0.91259765625
294,readout,,1,3,"1,0,0,0",,,,,,-1.083740234375,0.0478515625,-0.0517578125,-0.576904296875,2.261474609375,0.91259765625
294,readout,,1,4,"1,0,0,0",,,,,,0.9755859375,-0.000244140625,-0.000244140625,-0.5771484375,2.261474609375,0.91259765625
294,readout,,1,5,"1,0,0,0",,,,,,0.15771484375,0.17724609375,0.028076171875,-0.549072265625,2.261474609375,0.91259765625
294,readout,,1,6,"1,0,0,0",,,,,,-3.37060546875,-0.113525390625,0.382568359375,-0.16650390625,2.261474609375,0.91259765625
294,readout,,1,7,"1,0,0,0",,,,,,-3.046630859375,-0.090576171875,0.27587890625,0.109375,2.261474609375,0.91259765625
294,readout,,1,8,"1,0,0,0",,,,,,1.31396484375,0.736328125,0.967529296875,1.076904296875,2.261474609375,0.91259765625
294,readout,,1,9,"1,0,0,0",,,,,,0.021484375,0.166015625,0.003662109375,1.08056640625,2.261474609375,0.91259765625
294,readout,,1,10,"1,0,0,0",,,,,,1.0,-0.16796875,-0.16796875,0.91259765625,2.261474609375,0.91259765625
295,neuron,0,,,"1,0,0,0",-1.58984375,-0.21142578125,0.0,-1.80126953125,0,,,,,,
295,neuron,1,,,"1,0,0,0",0.118896484375,0.04296875,0.0,0.161865234375,0,,,,,,
295,neuron,2,,,"1,0,0,0",-3.4990234375,-0.554931640625,-0.0078125,-3.9990234375,0,,,,,,
295,neuron,3,,,"1,0,0,0",-0.9482421875,-0.090576171875,0.0,-1.038818359375,0,,,,,,
295,neuron,4,,,"1,0,0,0",0.853515625,0.15283203125,0.14111328125,0.1474609375,1,,,,,,
295,neuron,5,,,"1,0,0,0",0.137939453125,0.571533203125,0.0,0.70947265625,0,,,,,,
295,neuron,6,,,"1,0,0,0",-2.94921875,-0.427001953125,0.0,-3.376220703125,0,,,,,,
295,neuron,7,,,"1,0,0,0",-2.665771484375,-0.383056640625,0.0,-3.048828125,0,,,,,,
295,readout,,0,0,"1,0,0,0",,,,,,-1.80126953125,-0.245849609375,0.44287109375,0.44287109375,2.34130859375,0.982666015625
295,readout,,0,1,"1,0,0,0",,,,,,0.161865234375,0.25048828125,0.04052734375,0.4833984375,2.34130859375,0.982666015625
295,readout,,0,2,"1,0,0,0",,,,,,-3.9990234375,-0.015380859375,0.0615234375,0.544921875,2.34130859375,0.982666015625
295,readout,,0,3,"1,0,0,0",,,,,,-1.038818359375,-0.057373046875,0.0595703125,0.6044921875,2.34130859375,0.982666015625
295,readout,,0,4,"1,0,0,0",,,,,,0.1474609375,0.0048828125,0.000732421875,0.605224609375,2.34130859375,0.982666015625
295,readout,,0,5,"1,0,0,0",,,,,,0.70947265625,0.10595703125,0.0751953125,0.680419921875,2.34130859375,0.982666015625
295,readout,,0,6,"1,0,0,0",,,,,,-3.376220703125,-0.00244140625,0.00830078125,0.688720703125,2.34130859375,0.982666015625
295,readout,,0,7,"1,0,0,0",,,,,,-3.048828125,0.31591796875,-0.963134765625,-0.2744140625,2.34130859375,0.982666015625
295,readout,,0,8,"1,0,0,0",,,,,,1.297607421875,1.9990234375,2.593994140625,2.319580078125,2.34130859375,0.982666015625
295,readout,,0,9,"1,0,0,0",,,,,,-0.008056640625,-1.9990234375,0.01611328125,2.335693359375,2.34130859375,0.982666015625
295,readout,,0,10,"1,0,0,0",,,,,,1.0,0.005615234375,0.005615234375,2.34130859375,2.34130859375,0.982666015625
295,readout,,1,0,"1,0,0,0",,,,,,-1.80126953125,0.021240234375,-0.038330078125,-0.038330078125,2.34130859375,0.982666015625
295,readout,,1,1,"1,0,0,0",,,,,,0.161865234375,-0.540771484375,-0.087646484375,-0.1259765625,2.34130859375,0.982666015625
295,readout,,1,2,"1,0,0,0",,,,,,-3.9990234375,0.103271484375,-0.4130859375,-0.5390625,2.34130859375,0.982666015625
295,readout,,1,3,"1,0,0,0",,,,,,-1.038818359375,0.0478515625,-0.0498046875,-0.5888671875,2.34130859375,0.982666015625
295,readout,,1,4,"1,0,0,0",,,,,,0.1474609375,-0.000244140625,0.0,-0.5888671875,2.34130859375,0.982666015625
295,readout,,1,5,"1,0,0,0",,,,,,0.70947265625,0.17724609375,0.125732421875,-0.463134765625,2.34130859375,0.982666015625
295,readout,,1,6,"1,0,0,0",,,,,,-3.376220703125,-0.113525390625,0.38330078125,-0.079833984375,2.34130859375,0.982666015625
295,readout,,1,7,"1,0,0,0",,,,,,-3.048828125,-0.090576171875,0.276123046875,0.1962890625,2.34130859375,0.982666015625
295,readout,,1,8,"1,0,0,0",,,,,,1.297607421875,0.736328125,0.95556640625,1.15185546875,2.34130859375,0.982666015625
295,readout,,1,9,"1,0,0,0",,,,,,-0.008056640625,0.166015625,-0.001220703125,1.150634765625,2.34130859375,0.982666015625
295,readout,,1,10,"1,0,0,0",,,,,,1.0,-0.16796875,-0.16796875,0.982666015625,2.34130859375,0.982666015625
296,neuron,0,,,"1,0,0,0",-1.576171875,-0.21142578125,0.0,-1.78759765625,0,,,,,,
296,neuron,1,,,"1,0,0,0",0.1416015625,0.04296875,0.052001953125,0.236572265625,0,,,,,,
296,neuron,2,,,"1,0,0,0",-3.4990234375,-0.554931640625,0.0,-3.9990234375,0,,,,,,
296,neuron,3,,,"1,0,0,0",-0.908935546875,-0.090576171875,0.0,-0.99951171875,0,,,,,,
296,neuron,4,,,"1,0,0,0",0.12890625,0.15283203125,0.0,0.28173828125,0,,,,,,
296,neuron,5,,,"1,0,0,0",0.620849609375,0.571533203125,-0.02685546875,0.16552734375,1,,,,,,
296,neuron,6,,,"1,0,0,0",-2.9541015625,-0.427001953125,0.0,-3.381103515625,0,,,,,,
296,neuron,7,,,"1,0,0,0",-2.667724609375,-0.383056640625,0.0,-3.05078125,0,,,,,,
296,readout,,0,0,"1,0,0,0",,,,,,-1.78759765625,-0.245849609375,0.439453125,0.439453125,2.31103515625,0.874755859375
296,readout,,0,1,"1,0,0,0",,,,,,0.236572265625,0.25048828125,0.059326171875,0.498779296875,2.31103515625,0.874755859375
296,readout,,0,2,"1,0,0,0",,,,,,-3.9990234375,-0.015380859375,0.0615234375,0.560302734375,2.31103515625,0.874755859375
296,readout,,0,3,"1,0,0,0",,,,,,-0.99951171875,-0.057373046875,0.057373046875,0.61767578125,2.31103515625,0.874755859375
296,readout,,0,4,"1,0,0,0",,,,,,0.28173828125,0.0048828125,0.00146484375,0.619140625,2.31103515625,0.874755859375
296,readout,,0,5,"1,0,0,0",,,,,,0.16552734375,0.10595703125,0.017578125,0.63671875,2.31103515625,0.874755859375
296,readout,,0,6,"1,0,0,0",,,,,,-3.381103515625,-0.00244140625,0.00830078125,0.64501953125,2.31103515625,0.874755859375
296,readout,,0,7,"1,0,0,0",,,,,,-3.05078125,0.31591796875,-0.9638671875,-0.31884765625,2.31103515625,0.874755859375
296,readout,,0,8,"1,0,0,0",,,,,,1.327880859375,1.9990234375,2.654541015625,2.335693359375,2.31103515625,0.874755859375
296,readout,,0,9,"1,0,0,0",,,,,,0.01513671875,-1.9990234375,-0.0302734375,2.305419921875,2.31103515625,0.874755859375
296,readout,,0,10,"1,0,0,0",,,,,,1.0,0.005615234375,0.005615234375,2.31103515625,2.31103515625,0.874755859375
296,readout,,1,0,"1,0,0,0",,,,,,-1.78759765625,0.021240234375,-0.0380859375,-0.0380859375,2.31103515625,0.874755859375
296,readout,,1,1,"1,0,0,0",,,,,,0.236572265625,-0.540771484375,-0.1279296875,-0.166015625,2.31103515625,0.874755859375
296,readout,,1,2,"1,0,0,0",,,,,,-3.9990234375,0.103271484375,-0.4130859375,-0.5791015625,2.31103515625,0.874755859375
296,readout,,1,3,"1,0,0,0",,,,,,-0.99951171875,0.0478515625,-0.0478515625,-0.626953125,2.31103515625,0.874755859375
296,readout,,1,4,"1,0,0,0",,,,,,0.28173828125,-0.000244140625,0.0,-0.626953125,2.31103515625,0.874755859375
296,readout,,1,5,"1,0,0,0",,,,,,0.16552734375,0.17724609375,0.029296875,-0.59765625,2.31103515625,0.874755859375
296,readout,,1,6,"1,0,0,0",,,,,,-3.381103515625,-0.113525390625,0.3837890625,-0.2138671875,2.31103515625,0.874755859375
296,readout,,1,7,"1,0,0,0",,,,,,-3.05078125,-0.090576171875,0.2763671875,0.0625,2.31103515625,0.874755859375
296,readout,,1,8,"1,0,0,0",,,,,,1.327880859375,0.736328125,0.977783203125,1.040283203125,2.31103515625,0.874755859375
296,readout,,1,9,"1,0,0,0",,,,,,0.01513671875,0.166015625,0.00244140625,1.042724609375,2.31103515625,0.874755859375
296,readout,,1,10,"1,0,0,0",,,,,,1.0,-0.16796875,-0.16796875,0.874755859375,2.31103515625,0.874755859375
297,neuron,0,,,"1,0,0,0",-1.564208984375,-0.21142578125,0.0,-1.775634765625,0,,,,,,
297,neuron,1,,,"1,0,0,0",0.20703125,0.04296875,0.0,0.25,0,,,,,,
297,neuron,2,,,"1,0,0,0",-3.4990234375,-0.554931640625,-0.0078125,-3.9990234375,0,,,,,,
297,neuron,3,,,"1,0,0,0",-0.87451171875,-0.090576171875,0.0,-0.965087890625,0,,,,,,
297,neuron,4,,,"1,0,0,0",0.24658203125,0.15283203125,0.14111328125,0.54052734375,0,,,,,,
297,neuron,5,,,"1,0,0,0",0.144775390625,0.571533203125,0.0,0.71630859375,0,,,,,,
297,neuron,6,,,"1,0,0,0",-2.95849609375,-0.427001953125,0.0,-3.385498046875,0,,,,,,
297,neuron,7,,,"1,0,0,0",-2.66943359375,-0.383056640625,0.0,-3.052490234375,0,,,,,,
297,readout,,0,0,"1,0,0,0",,,,,,-1.775634765625,-0.245849609375,0.4365234375,0.4365234375,2.322998046875,0.90283203125
297,readout,,0,1,"1,0,0,0",,,,,,0.25,0.25048828125,0.0625,0.4990234375,2.322998046875,0.90283203125
297,readout,,0,2,"1,0,0,0",,,,,,-3.9990234375,-0.015380859375,0.0615234375,0.560546875,2.322998046875,0.90283203125
297,readout,,0,3,"1,0,0,0",,,,,,-0.965087890625,-0.057373046875,0.055419921875,0.615966796875,2.322998046875,0.90283203125
297,readout,,0,4,"1,0,0,0",,,,,,0.54052734375,0.0048828125,0.002685546875,0.61865234375,2.322998046875,0.90283203125
297,readout,,0,5,"1,0,0,0",,,,,,0.71630859375,0.10595703125,0.075927734375,0.694580078125,2.322998046875,0.90283203125
297,readout,,0,6,"1,0,0,0",,,,,,-3.385498046875,-0.00244140625,0.00830078125,0.702880859375,2.322998046875,0.90283203125
297,readout,,0,7,"1,0,0,0",,,,,,-3.052490234375,0.31591796875,-0.96435546875,-0.261474609375,2.322998046875,0.90283203125
297,readout,,0,8,"1,0,0,0",,,,,,1.251953125,1.9990234375,2.502685546875,2.2412109375,2.322998046875,0.90283203125
297,readout,,0,9,"1,0,0,0",,,,,,-0.0380859375,-1.9990234375,0.076171875,2.3173828125,2.322998046875,0.90283203125
297,readout,,0,10,"1,0,0,0",,,,,,1.0,0.005615234375,0.005615234375,2.322998046875,2.322998046875,0.90283203125
297,readout,,1,0,"1,0,0,0",,,,,,-1.775634765625,0.021240234375,-0.03759765625,-0.03759765625,2.322998046875,0.90283203125
297,readout,,1,1,"1,0,0,0",,,,,,0.25,-0.540771484375,-0.13525390625,-0.1728515625,2.322998046875,0.90283203125
297,readout,,1,2,"1,0,0,0",,,,,,-3.9990234375,0.103271484375,-0.4130859375,-0.5859375,2.322998046875,0.90283203125
297,readout,,1,3,"1,0,0,0",,,,,,-0.965087890625,0.0478515625,-0.046142578125,-0.632080078125,2.322998046875,0.90283203125
297,readout,,1,4,"1,0,0,0",,,,,,0.54052734375,-0.000244140625,-0.000244140625,-0.63232421875,2.322998046875,0.90283203125
297,readout,,1,5,"1,0,0,0",,,,,,0.71630859375,0.17724609375,0.126953125,-0.50537109375,2.322998046875,0.90283203125
297,readout,,1,6,"1,0,0,0",,,,,,-3.385498046875,-0.113525390625,0.38427734375,-0.12109375,2.322998046875,0.90283203125
297,readout,,1,7,"1,0,0,0",,,,,,-3.052490234375,-0.090576171875,0.2763671875,0.1552734375,2.322998046875,0.90283203125
297,readout,,1,8,"1,0,0,0",,,,,,1.251953125,0.736328125,0.921875,1.0771484375,2.322998046875,0.90283203125
297,readout,,1,9,"1,0,0,0",,,,,,-0.0380859375,0.166015625,-0.00634765625,1.07080078125,2.322998046875,0.90283203125
297,readout,,1,10,"1,0,0,0",,,,,,1.0,-0.16796875,-0.16796875,0.90283203125,2.322998046875,0.90283203125
298,neuron,0,,,"1,0,0,0",-1.5537109375,-0.21142578125,0.0,-1.76513671875,0,,,,,,
298,neuron,1,,,"1,0,0,0",0.21875,0.04296875,0.0,0.26171875,0,,,,,,
298,neuron,2,,,"1,0,0,0",-3.4990234375,-0.554931640625,0.0,-3.9990234375,0,,,,,,
298,neuron,3,,,"1,0,0,0",-0.844482421875,-0.090576171875,0.0,-0.93505859375,0,,,,,,
298,neuron,4,,,"1,0,0,0",0.472900390625,0.15283203125,0.0,0.625732421875,0,,,,,,
298,neuron,5,,,"1,0,0,0",0.626708984375,0.571533203125,0.0,0.1982421875,1,,,,,,
298,neuron,6,,,"1,0,0,0",-2.96240234375,-0.427001953125,0.0,-3.389404296875,0,,,,,,
298,neuron,7,,,"1,0,0,0",-2.6708984375,-0.383056640625,0.0,-3.053955078125,0,,,,,,
298,readout,,0,0,"1,0,0,0",,,,,,-1.76513671875,-0.245849609375,0.433837890625,0.433837890625,2.241943359375,0.855224609375
298,readout,,0,1,"1,0,0,0",,,,,,0.26171875,0.25048828125,0.065673828125,0.49951171875,2.241943359375,0.855224609375
298,readout,,0,2,"1,0,0,0",,,,,,-3.9990234375,-0.015380859375,0.0615234375,0.56103515625,2.241943359375,0.855224609375
298,readout,,0,3,"1,0,0,0",,,,,,-0.93505859375,-0.057373046875,0.0537109375,0.61474609375,2.241943359375,0.855224609375
298,readout,,0,4,"1,0,0,0",,,,,,0.625732421875,0.0048828125,0.003173828125,0.617919921875,2.241943359375,0.855224609375
298,readout,,0,5,"1,0,0,0",,,,,,0.1982421875,0.10595703125,0.02099609375,0.638916015625,2.241943359375,0.855224609375
298,readout,,0,6,"1,0,0,0",,,,,,-3.389404296875,-0.00244140625,0.00830078125,0.647216796875,2.241943359375,0.855224609375
298,readout,,0,7,"1,0,0,0",,,,,,-3.053955078125,0.31591796875,-0.96484375,-0.317626953125,2.241943359375,0.855224609375
298,readout,,0,8,"1,0,0,0",,,,,,1.30322265625,1.9990234375,2.605224609375,2.28759765625,2.241943359375,0.855224609375
298,readout,,0,9,"1,0,0,0",,,,,,0.025634765625,-1.9990234375,-0.05126953125,2.236328125,2.241943359375,0.855224609375
298,readout,,0,10,"1,0,0,0",,,,,,1.0,0.005615234375,0.005615234375,2.241943359375,2.241943359375,0.855224609375
298,readout,,1,0,"1,0,0,0",,,,,,-1.76513671875,0.021240234375,-0.03759765625,-0.03759765625,2.241943359375,0.855224609375
298,readout,,1,1,"1,0,0,0",,,,,,0.26171875,-0.540771484375,-0.1416015625,-0.17919921875,2.241943359375,0.855224609375
298,readout,,1,2,"1,0,0,0",,,,,,-3.9990234375,0.103271484375,-0.4130859375,-0.59228515625,2.241943359375,0.855224609375
298,readout,,1,3,"1,0,0,0",,,,,,-0.93505859375,0.0478515625,-0.044677734375,-0.636962890625,2.241943359375,0.855224609375
298,readout,,1,4,"1,0,0,0",,,,,,0.625732421875,-0.000244140625,-0.000244140625,-0.63720703125,2.241943359375,0.855224609375
298,readout,,1,5,"1,0,0,0",,,,,,0.1982421875,0.17724609375,0.03515625,-0.60205078125,2.241943359375,0.855224609375
298,readout,,1,6,"1,0,0,0",,,,,,-3.389404296875,-0.113525390625,0.384765625,-0.21728515625,2.241943359375,0.855224609375
298,readout,,1,7,"1,0,0,0",,,,,,-3.053955078125,-0.090576171875,0.276611328125,0.059326171875,2.241943359375,0.855224609375
298,readout,,1,8,"1,0,0,0",,,,,,1.30322265625,0.736328125,0.959716796875,1.01904296875,2.241943359375,0.855224609375
298,readout,,1,9,"1,0,0,0",,,,,,0.025634765625,0.166015625,0.004150390625,1.023193359375,2.241943359375,0.855224609375
298,readout,,1,10,"1,0,0,0",,,,,,1.0,-0.16796875,-0.16796875,0.855224609375,2.241943359375,0.855224609375
299,neuron,0,,,"1,0,0,0",-1.54443359375,-0.21142578125,0.0,-1.755859375,0,,,,,,
299,neuron,1,,,"1,0,0,0",0.22900390625,0.04296875,0.0,0.27197265625,0,,,,,,
299,neuron,2,,,"1,0,0,0",-3.4990234375,-0.554931640625,-0.0078125,-3.9990234375,0,,,,,,
299,neuron,3,,,"1,0,0,0",-0.818115234375,-0.090576171875,0.0,-0.90869140625,0,,,,,,
299,neuron,4,,,"1,0,0,0",0.547607421875,0.15283203125,0.14111328125,0.841552734375,0,,,,,,
299,neuron,5,,,"1,0,0,0",0.17333984375,0.571533203125,0.0,0.744873046875,0,,,,,,
299,neuron,6,,,"1,0,0,0",-2.9658203125,-0.427001953125,0.0,-3.392822265625,0,,,,,,
299,neuron,7,,,"1,0,0,0",-2.672119140625,-0.383056640625,0.0,-3.05517578125,0,,,,,,
299,readout,,0,0,"1,0,0,0",,,,,,-1.755859375,-0.245849609375,0.431640625,0.431640625,2.38720703125,0.97412109375
299,readout,,0,1,"1,0,0,0",,,,,,0.27197265625,0.25048828125,0.068115234375,0.499755859375,2.38720703125,0.97412109375
299,readout,,0,2,"1,0,0,0",,,,,,-3.9990234375,-0.015380859375,0.0615234375,0.561279296875,2.38720703125,0.97412109375
299,readout,,0,3,"1,0,0,0",,,,,,-0.90869140625,-0.057373046875,0.05224609375,0.613525390625,2.38720703125,0.97412109375
299,readout,,0,4,"1,0,0,0",,,,,,0.841552734375,0.0048828125,0.004150390625,0.61767578125,2.38720703125,0.97412109375
299,readout,,0,5,"1,0,0,0",,,,,,0.744873046875,0.10595703125,0.078857421875,0.696533203125,2.38720703125,0.97412109375
299,readout,,0,6,"1,0,0,0",,,,,,-3.392822265625,-0.00244140625,0.00830078125,0.704833984375,2.38720703125,0.97412109375
299,readout,,0,7,"1,0,0,0",,,,,,-3.05517578125,0.31591796875,-0.965087890625,-0.26025390625,2.38720703125,0.97412109375
299,readout,,0,8,"1,0,0,0",,,,,,1.339599609375,1.9990234375,2.677978515625,2.417724609375,2.38720703125,0.97412109375
299,readout,,0,9,"1,0,0,0",,,,,,0.01806640625,-1.9990234375,-0.0361328125,2.381591796875,2.38720703125,0.97412109375
299,readout,,0,10,"1,0,0,0",,,,,,1.0,0.005615234375,0.005615234375,2.38720703125,2.38720703125,0.97412109375
299,readout,,1,0,"1,0,0,0",,,,,,-1.755859375,0.021240234375,-0.037353515625,-0.037353515625,2.38720703125,0.97412109375
299,readout,,1,1,"1,0,0,0",,,,,,0.27197265625,-0.540771484375,-0.14697265625,-0.184326171875,2.38720703125,0.97412109375
299,readout,,1,2,"1,0,0,0",,,,,,-3.9990234375,0.103271484375,-0.4130859375,-0.597412109375,2.38720703125,0.97412109375
299,readout,,1,3,"1,0,0,0",,,,,,-0.90869140625,0.0478515625,-0.04345703125,-0.640869140625,2.38720703125,0.97412109375
299,readout,,1,4,"1,0,0,0",,,,,,0.841552734375,-0.000244140625,-0.000244140625,-0.64111328125,2.38720703125,0.97412109375
299,readout,,1,5,"1,0,0,0",,,,,,0.744873046875,0.17724609375,0.132080078125,-0.509033203125,2.38720703125,0.97412109375
299,readout,,1,6,"1,0,0,0",,,,,,-3.392822265625,-0.113525390625,0.38525390625,-0.123779296875,2.38720703125,0.97412109375
299,readout,,1,7,"1,0,0,0",,,,,,-3.05517578125,-0.090576171875,0.276611328125,0.15283203125,2.38720703125,0.97412109375
299,readout,,1,8,"1,0,0,0",,,,,,1.339599609375,0.736328125,0.986328125,1.13916015625,2.38720703125,0.97412109375
299,readout,,1,9,"1,0,0,0",,,,,,0.01806640625,0.166015625,0.0029296875,1.14208984375,2.38720703125,0.97412109375
299,readout,,1,10,"1,0,0,0",,,,,,1.0,-0.16796875,-0.16796875,0.97412109375,2.38720703125,0.97412109375
